<?xml version="1.0" encoding="UTF-8"?>
<metadata xml:lang="fr"><Esri><CreaDate>20150330</CreaDate><CreaTime>15243500</CreaTime><ArcGISFormat>1.0</ArcGISFormat><SyncOnce>TRUE</SyncOnce><DataProperties><lineage><Process ToolSource="c:\program files (x86)\arcgis\desktop10.2\ArcToolbox\Toolboxes\Data Management Tools.tbx\CalculateField" Date="20150330" Time="152435">CalculateField N_ENP_RNR_S_000 ID_LOCAL [ID_ORG] VB #</Process><Process ToolSource="c:\program files (x86)\arcgis\desktop10.2\ArcToolbox\Toolboxes\Data Management Tools.tbx\CalculateField" Date="20150330" Time="152442">CalculateField N_ENP_RNR_S_000 ID_MNHN_1 [ID_MNHN] VB #</Process><Process ToolSource="c:\program files (x86)\arcgis\desktop10.2\ArcToolbox\Toolboxes\Data Management Tools.tbx\CalculateField" Date="20150330" Time="152449">CalculateField N_ENP_RNR_S_000 NOM_SITE [NOM] VB #</Process><Process ToolSource="c:\program files (x86)\arcgis\desktop10.2\ArcToolbox\Toolboxes\Data Management Tools.tbx\CalculateField" Date="20150330" Time="183031">CalculateField N_ENP_RNR_S_000 P3_PAYSAGE "N" VB #</Process><Process ToolSource="c:\program files (x86)\arcgis\desktop10.2\ArcToolbox\Toolboxes\Data Management Tools.tbx\CalculateField" Date="20150330" Time="183037">CalculateField N_ENP_RNR_S_000 P4_GEOLOGI "N" VB #</Process><Process ToolSource="c:\program files (x86)\arcgis\desktop10.2\ArcToolbox\Toolboxes\Data Management Tools.tbx\CalculateField" Date="20150330" Time="183040">CalculateField N_ENP_RNR_S_000 P5_SPELEO "N" VB #</Process><Process ToolSource="c:\program files (x86)\arcgis\desktop10.2\ArcToolbox\Toolboxes\Data Management Tools.tbx\CalculateField" Date="20150330" Time="183043">CalculateField N_ENP_RNR_S_000 P6_ARCHEO "N" VB #</Process><Process ToolSource="c:\program files (x86)\arcgis\desktop10.2\ArcToolbox\Toolboxes\Data Management Tools.tbx\CalculateField" Date="20150330" Time="183046">CalculateField N_ENP_RNR_S_000 P7_PALEOB "N" VB #</Process><Process ToolSource="c:\program files (x86)\arcgis\desktop10.2\ArcToolbox\Toolboxes\Data Management Tools.tbx\CalculateField" Date="20150330" Time="183050">CalculateField N_ENP_RNR_S_000 P8_ANTHROP "N" VB #</Process><Process ToolSource="c:\program files (x86)\arcgis\desktop10.2\ArcToolbox\Toolboxes\Data Management Tools.tbx\CalculateField" Date="20150330" Time="183053">CalculateField N_ENP_RNR_S_000 P9_SCIENCE "N" VB #</Process><Process ToolSource="c:\program files (x86)\arcgis\desktop10.2\ArcToolbox\Toolboxes\Data Management Tools.tbx\CalculateField" Date="20150330" Time="183056">CalculateField N_ENP_RNR_S_000 P10_PUBLIC "N" VB #</Process><Process ToolSource="c:\program files (x86)\arcgis\desktop10.2\ArcToolbox\Toolboxes\Data Management Tools.tbx\CalculateField" Date="20150330" Time="183059">CalculateField N_ENP_RNR_S_000 P11_DD "N" VB #</Process><Process ToolSource="c:\program files (x86)\arcgis\desktop10.2\ArcToolbox\Toolboxes\Data Management Tools.tbx\CalculateField" Date="20150330" Time="183102">CalculateField N_ENP_RNR_S_000 P12_AUTRE "N" VB #</Process><Process ToolSource="c:\program files (x86)\arcgis\desktop10.2\ArcToolbox\Toolboxes\Data Management Tools.tbx\CalculateField" Date="20150330" Time="183213">CalculateField N_ENP_RNR_S_000 ID_MNHN [ID_MNHN_1] VB #</Process></lineage></DataProperties></Esri></metadata>
