<?xml version="1.0" encoding="UTF-8"?>
<metadata xml:lang="fr"><Esri><CreaDate>20150206</CreaDate><CreaTime>09405000</CreaTime><ArcGISFormat>1.0</ArcGISFormat><SyncOnce>FALSE</SyncOnce><DataProperties><lineage><Process ToolSource="c:\program files (x86)\arcgis\desktop10.2\ArcToolbox\Toolboxes\Data Management Tools.tbx\CalculateField" Date="20131118" Time="112147">CalculateField znieff1 sup round( !sup!,0) PYTHON_9.3 #</Process><Process ToolSource="c:\program files (x86)\arcgis\desktop10.2\ArcToolbox\Toolboxes\Analysis Tools.tbx\Erase" Date="20131118" Time="155449">Erase znieff1 znieff21n_Intersect "E:\projet\znieff\mise_a_jour\diffusion\rhones_alpes\Nouveau dossier\znieff1.shp" #</Process><Process ToolSource="c:\program files (x86)\arcgis\desktop10.2\ArcToolbox\Toolboxes\Analysis Tools.tbx\Erase" Date="20131118" Time="160347">Erase znieff1 znieff1_Merge1_Intersect "E:\projet\znieff\mise_a_jour\diffusion\rhones_alpes\Nouveau dossier\znieff1.shp" "0,01 Centimeters"</Process><Process ToolSource="c:\program files (x86)\arcgis\desktop10.2\ArcToolbox\Toolboxes\Data Management Tools.tbx\Append" Date="20131118" Time="160835">Append znieff1reg82 znieff1 NO_TEST "ID_MNHN "ID_MNHN" true false false 9 Text 0 0 ,First,#,E:\projet\znieff\mise_a_jour\diffusion\rhones_alpes\regionentiere\znieff1reg82.shp,ID_MNHN,-1,-1;ID_DIREN "ID_DIREN" true false false 12 Text 0 0 ,First,#,E:\projet\znieff\mise_a_jour\diffusion\rhones_alpes\regionentiere\znieff1reg82.shp,ID_DIREN,-1,-1;NOM "NOM" true false false 160 Text 0 0 ,First,#,E:\projet\znieff\mise_a_jour\diffusion\rhones_alpes\regionentiere\znieff1reg82.shp,NOM,-1,-1;GENERATION "GENERATION" true false false 4 Short 0 4 ,First,#,E:\projet\znieff\mise_a_jour\diffusion\rhones_alpes\regionentiere\znieff1reg82.shp,GENERATION,-1,-1;sup "sup" true false false 19 Double 0 0 ,First,#,E:\projet\znieff\mise_a_jour\diffusion\rhones_alpes\regionentiere\znieff1reg82.shp,sup,-1,-1" #</Process><Process ToolSource="c:\program files (x86)\arcgis\desktop10.2\ArcToolbox\Toolboxes\Data Management Tools.tbx\RepairGeometry" Date="20131118" Time="161214">RepairGeometry znieff1diffusable DELETE_NULL</Process><Process ToolSource="c:\program files (x86)\arcgis\desktop10.2\ArcToolbox\Toolboxes\Data Management Tools.tbx\Append" Date="20131120" Time="123300">Append ZNIEFF_type1_IDFregionvalide znieff1diffusable NO_TEST "ID_MNHN "ID_MNHN" true false false 9 Text 0 0 ,First,#,E:\projet\znieff\mise_a_jour\diffusion\iledefrance\region\ZNIEFF_type1_IDFregionvalide.shp,ID_MNHN,-1,-1;ID_DIREN "ID_DIREN" true false false 12 Text 0 0 ,First,#,E:\projet\znieff\mise_a_jour\diffusion\iledefrance\region\ZNIEFF_type1_IDFregionvalide.shp,ID_DIREN,-1,-1;NOM "NOM" true false false 160 Text 0 0 ,First,#,E:\projet\znieff\mise_a_jour\diffusion\iledefrance\region\ZNIEFF_type1_IDFregionvalide.shp,NOM,-1,-1;GENERATION "GENERATION" true false false 4 Short 0 4 ,First,#,E:\projet\znieff\mise_a_jour\diffusion\iledefrance\region\ZNIEFF_type1_IDFregionvalide.shp,GENERATION,-1,-1;sup "sup" true false false 19 Double 0 0 ,First,#,E:\projet\znieff\mise_a_jour\diffusion\iledefrance\region\ZNIEFF_type1_IDFregionvalide.shp,sup,-1,-1" #</Process><Process ToolSource="c:\program files (x86)\arcgis\desktop10.2\ArcToolbox\Toolboxes\Data Management Tools.tbx\Append" Date="20131120" Time="161155">Append couchediffuséesvalides1810_znieff1 znieff1diffusable NO_TEST "ID_MNHN "ID_MNHN" true false false 9 Text 0 0 ,First,#,E:\projet\znieff\mise_a_jour\centre\valide10182013_departemententier\couchediffuséesvalides1810_znieff1.shp,ID_MNHN,-1,-1;ID_DIREN "ID_DIREN" true false false 12 Text 0 0 ,First,#,E:\projet\znieff\mise_a_jour\centre\valide10182013_departemententier\couchediffuséesvalides1810_znieff1.shp,ID_DIREN,-1,-1;NOM "NOM" true false false 160 Text 0 0 ,First,#,E:\projet\znieff\mise_a_jour\centre\valide10182013_departemententier\couchediffuséesvalides1810_znieff1.shp,NOM,-1,-1;GENERATION "GENERATION" true false false 4 Short 0 4 ,First,#,E:\projet\znieff\mise_a_jour\centre\valide10182013_departemententier\couchediffuséesvalides1810_znieff1.shp,GENERATION,-1,-1;sup "sup" true false false 19 Double 0 0 ,First,#;comment "comment" true false false 50 Text 0 0 ,First,#" #</Process><Process ToolSource="c:\program files (x86)\arcgis\desktop10.2\ArcToolbox\Toolboxes\Data Management Tools.tbx\AddField" Date="20131120" Time="163930">AddField znieff1diffusable ID_zni1 TEXT # # 15 # NULLABLE NON_REQUIRED #</Process><Process ToolSource="c:\program files (x86)\arcgis\desktop10.2\ArcToolbox\Toolboxes\Data Management Tools.tbx\CalculateField" Date="20131120" Time="163930">CalculateField znieff1diffusable ID_zni1 !ID_MNHN! PYTHON_9.3 #</Process><Process ToolSource="c:\program files (x86)\arcgis\desktop10.2\ArcToolbox\Toolboxes\Data Management Tools.tbx\Append" Date="20131121" Time="095627">Append centre1 znieff1diffusable NO_TEST "ID_MNHN "ID_MNHN" true false false 9 Text 0 0 ,First,#,E:\projet\znieff\mise_a_jour\diffusion\sourceinpn\centre1.shp,ID_MNHN,-1,-1;ID_DIREN "ID_DIREN" true false false 12 Text 0 0 ,First,#,E:\projet\znieff\mise_a_jour\diffusion\sourceinpn\centre1.shp,ID_DIREN,-1,-1;NOM "NOM" true false false 160 Text 0 0 ,First,#,E:\projet\znieff\mise_a_jour\diffusion\sourceinpn\centre1.shp,NOM,-1,-1;GENERATION "GENERATION" true false false 4 Short 0 4 ,First,#,E:\projet\znieff\mise_a_jour\diffusion\sourceinpn\centre1.shp,GENERATION,-1,-1;sup "sup" true false false 19 Double 0 0 ,First,#" #</Process><Process ToolSource="c:\program files (x86)\arcgis\desktop10.2\ArcToolbox\Toolboxes\Data Management Tools.tbx\Append" Date="20131121" Time="123500">Append znieff1_52regvalide znieff1diffusable NO_TEST "ID_MNHN "ID_MNHN" true false false 9 Text 0 0 ,First,#,E:\projet\znieff\mise_a_jour\diffusion\pays de loire\region\valide\znieff1_52regvalide.shp,ID_MNHN,-1,-1;ID_DIREN "ID_DIREN" true false false 12 Text 0 0 ,First,#,E:\projet\znieff\mise_a_jour\diffusion\pays de loire\region\valide\znieff1_52regvalide.shp,ID_DIREN,-1,-1;NOM "NOM" true false false 160 Text 0 0 ,First,#,E:\projet\znieff\mise_a_jour\diffusion\pays de loire\region\valide\znieff1_52regvalide.shp,NOM,-1,-1;GENERATION "GENERATION" true false false 4 Short 0 4 ,First,#,E:\projet\znieff\mise_a_jour\diffusion\pays de loire\region\valide\znieff1_52regvalide.shp,GENERATION,-1,-1;sup "sup" true false false 19 Double 0 0 ,First,#,E:\projet\znieff\mise_a_jour\diffusion\pays de loire\region\valide\znieff1_52regvalide.shp,sup,-1,-1" #</Process><Process ToolSource="c:\program files (x86)\arcgis\desktop10.2\ArcToolbox\Toolboxes\Data Management Tools.tbx\RepairGeometry" Date="20131121" Time="135510">RepairGeometry znieff1diffusable DELETE_NULL</Process><Process ToolSource="c:\program files (x86)\arcgis\desktop10.2\ArcToolbox\Toolboxes\Data Management Tools.tbx\AddField" Date="20131121" Time="135651">AddField znieff1diffusable ID_zni1 TEXT # # 15 # NULLABLE NON_REQUIRED #</Process><Process ToolSource="c:\program files (x86)\arcgis\desktop10.2\ArcToolbox\Toolboxes\Data Management Tools.tbx\CalculateField" Date="20131121" Time="135655">CalculateField znieff1diffusable ID_zni1 !ID_MNHN! PYTHON_9.3 #</Process><Process ToolSource="c:\program files (x86)\arcgis\desktop10.2\ArcToolbox\Toolboxes\Data Management Tools.tbx\CalculateField" Date="20131121" Time="155245">CalculateField znieff1diffusable sup round( !sup!,0) PYTHON_9.3 #</Process><Process ToolSource="c:\program files (x86)\arcgis\desktop10.2\ArcToolbox\Toolboxes\Data Management Tools.tbx\CopyFeatures" Date="20131125" Time="120757">CopyFeatures znieff1diffusable E:\projet\znieff\mise_a_jour\diffusion\diffu18112013.mdb\znieff1diffusable # 0 0 0</Process><Process ToolSource="c:\program files (x86)\arcgis\desktop10.2\ArcToolbox\Toolboxes\Data Management Tools.tbx\CalculateField" Date="20131125" Time="121002">CalculateField znieff1diffusable ID_ORG [ID_DIREN] VB #</Process><Process ToolSource="c:\program files (x86)\arcgis\desktop10.2\ArcToolbox\Toolboxes\Data Management Tools.tbx\CopyFeatures" Date="20131125" Time="122300">CopyFeatures E:\projet\znieff\mise_a_jour\diffusion\diffu18112013.mdb\znieff1diffusable E:\projet\znieff\mise_a_jour\diffusion\znieff1diffusable.shp # 0 0 0</Process><Process ToolSource="c:\program files (x86)\arcgis\desktop10.2\ArcToolbox\Toolboxes\Data Management Tools.tbx\Append" Date="20131125" Time="150456">Append znieff1 znieff1diffusable NO_TEST "ID_MNHN "ID_MNHN" true false false 9 Text 0 0 ,First,#;ID_ORG "ID_ORG" true false false 15 Text 0 0 ,First,#;NOM "NOM" true false false 160 Text 0 0 ,First,#,E:\projet\znieff\mise_a_jour\diffusion\corse\znieff1.shp,NOM,-1,-1;GENERATION "GENERATION" true false false 4 Short 0 4 ,First,#,E:\projet\znieff\mise_a_jour\diffusion\corse\znieff1.shp,GENERATION,-1,-1" #</Process><Process ToolSource="c:\program files (x86)\arcgis\desktop10.2\ArcToolbox\Toolboxes\Data Management Tools.tbx\CalculateField" Date="20131125" Time="150526">CalculateField znieff1diffusable ID_MNHN "940004117" VB #</Process><Process ToolSource="c:\program files (x86)\arcgis\desktop10.2\ArcToolbox\Toolboxes\Data Management Tools.tbx\CalculateField" Date="20131125" Time="150545">CalculateField znieff1diffusable ID_ORG "00540000" VB #</Process><Process ToolSource="c:\program files (x86)\arcgis\desktop10.2\ArcToolbox\Toolboxes\Analysis Tools.tbx\Erase" Date="20131126" Time="120705">Erase znieff1diffusable znieff1diffusable_Merge_Inte E:\projet\znieff\mise_a_jour\diffusion\valide\znieff1diffusablevalide.shp "0,01 Centimeters"</Process><Process ToolSource="c:\program files (x86)\arcgis\desktop10.2\ArcToolbox\Toolboxes\Data Management Tools.tbx\Append" Date="20131126" Time="120832">Append znieff1_tt_reg91 znieff1diffusablevalide NO_TEST "ID_MNHN "ID_MNHN" true false false 9 Text 0 0 ,First,#,E:\projet\znieff\mise_a_jour\diffusion\languedoc\region\dddd.mdb\dd\znieff1_tt_reg91,ID_MNHN,-1,-1;ID_ORG "ID_ORG" true false false 15 Text 0 0 ,First,#,E:\projet\znieff\mise_a_jour\diffusion\languedoc\region\dddd.mdb\dd\znieff1_tt_reg91,ID_ORG,-1,-1;NOM "NOM" true false false 160 Text 0 0 ,First,#,E:\projet\znieff\mise_a_jour\diffusion\languedoc\region\dddd.mdb\dd\znieff1_tt_reg91,NOM,-1,-1;GENERATION "GENERATION" true false false 4 Short 0 4 ,First,#,E:\projet\znieff\mise_a_jour\diffusion\languedoc\region\dddd.mdb\dd\znieff1_tt_reg91,GENERATION,-1,-1" #</Process><Process ToolSource="c:\program files (x86)\arcgis\desktop10.2\ArcToolbox\Toolboxes\Data Management Tools.tbx\RepairGeometry" Date="20131126" Time="121213">RepairGeometry znieff1diffusablevalide DELETE_NULL</Process><Process ToolSource="c:\program files (x86)\arcgis\desktop10.2\ArcToolbox\Toolboxes\Data Management Tools.tbx\CalculateField" Date="20131204" Time="152405">CalculateField znieff1 GENERATION 2 VB #</Process><Process ToolSource="c:\program files (x86)\arcgis\desktop10.2\ArcToolbox\Toolboxes\Data Management Tools.tbx\Append" Date="20140325" Time="102943">Append znieff1co znieff1 NO_TEST "ID_MNHN "ID_MNHN" true false false 9 Text 0 0 ,First,#,znieff1co,ID_MNHN,-1,-1;ID_ORG "ID_ORG" true false false 15 Text 0 0 ,First,#,znieff1co,ID_ORG,-1,-1;NOM "NOM" true false false 160 Text 0 0 ,First,#,znieff1co,NOM,-1,-1;GENERATION "GENERATION" true false false 4 Short 0 4 ,First,#,znieff1co,GENERATION,-1,-1" #</Process><Process ToolSource="c:\program files (x86)\arcgis\desktop10.2\ArcToolbox\Toolboxes\Data Management Tools.tbx\RepairGeometry" Date="20140325" Time="103152">RepairGeometry znieff1 DELETE_NULL</Process><Process ToolSource="c:\program files (x86)\arcgis\desktop10.2\ArcToolbox\Toolboxes\Data Management Tools.tbx\Append" Date="20140515" Time="172450">Append ZNIEFF_type_1_avril_2014_region znieff1 NO_TEST "ID_MNHN "ID_MNHN" true false false 9 Text 0 0 ,First,#,ZNIEFF_type_1_avril_2014_region,ID_MNHN,-1,-1;ID_ORG "ID_ORG" true false false 15 Text 0 0 ,First,#,ZNIEFF_type_1_avril_2014_region,ID_ORG,-1,-1;NOM "NOM" true false false 160 Text 0 0 ,First,#,ZNIEFF_type_1_avril_2014_region,NOM,-1,-1;GENERATION "GENERATION" true false false 4 Short 0 4 ,First,#,ZNIEFF_type_1_avril_2014_region,GENERATION,-1,-1" #</Process><Process ToolSource="c:\program files (x86)\arcgis\desktop10.2\ArcToolbox\Toolboxes\Data Management Tools.tbx\Append" Date="20140516" Time="100632">Append znieff1_midip_valide znieff1 NO_TEST "ID_MNHN "ID_MNHN" true false false 9 Text 0 0 ,First,#,znieff1_midip_valide,ID_MNHN,-1,-1;ID_ORG "ID_ORG" true false false 15 Text 0 0 ,First,#,znieff1_midip_valide,ID_ORG,-1,-1;NOM "NOM" true false false 160 Text 0 0 ,First,#,znieff1_midip_valide,NOM,-1,-1;GENERATION "GENERATION" true false false 4 Short 0 4 ,First,#,znieff1_midip_valide,GENERATION,-1,-1" #</Process><Process ToolSource="c:\program files (x86)\arcgis\desktop10.2\ArcToolbox\Toolboxes\Data Management Tools.tbx\Append" Date="20140516" Time="143425">Append znieff1_reg25 znieff1 NO_TEST "ID_MNHN "ID_MNHN" true false false 9 Text 0 0 ,First,#,znieff1_reg25,ID_MNHN,-1,-1;ID_ORG "ID_ORG" true false false 15 Text 0 0 ,First,#,znieff1_reg25,ID_ORG,-1,-1;NOM "NOM" true false false 160 Text 0 0 ,First,#,znieff1_reg25,NOM,-1,-1;GENERATION "GENERATION" true false false 4 Short 0 4 ,First,#,znieff1_reg25,GENERATION,-1,-1" #</Process><Process ToolSource="c:\program files (x86)\arcgis\desktop10.2\ArcToolbox\Toolboxes\Data Management Tools.tbx\Append" Date="20140516" Time="161719">Append N_ZNIEFF1_R43_region znieff1 NO_TEST "ID_MNHN "ID_MNHN" true false false 9 Text 0 0 ,First,#,N_ZNIEFF1_R43_region,ID_MNHN,-1,-1;ID_ORG "ID_ORG" true false false 15 Text 0 0 ,First,#,N_ZNIEFF1_R43_region,ID_ORG,-1,-1;NOM "NOM" true false false 160 Text 0 0 ,First,#,N_ZNIEFF1_R43_region,NOM,-1,-1;GENERATION "GENERATION" true false false 4 Short 0 4 ,First,#,N_ZNIEFF1_R43_region,GENERATION,-1,-1" #</Process><Process ToolSource="c:\program files (x86)\arcgis\desktop10.2\ArcToolbox\Toolboxes\Data Management Tools.tbx\Append" Date="20140519" Time="131751">Append znieff1_reg25 znieff1N NO_TEST "ID_MNHN "ID_MNHN" true false false 9 Text 0 0 ,First,#,znieff1_reg25,ID_MNHN,-1,-1;ID_ORG "ID_ORG" true false false 15 Text 0 0 ,First,#,znieff1_reg25,ID_ORG,-1,-1;NOM "NOM" true false false 160 Text 0 0 ,First,#,znieff1_reg25,NOM,-1,-1;GENERATION "GENERATION" true false false 4 Short 0 4 ,First,#,znieff1_reg25,GENERATION,-1,-1" #</Process><Process ToolSource="c:\program files (x86)\arcgis\desktop10.2\ArcToolbox\Toolboxes\Data Management Tools.tbx\Append" Date="20140519" Time="143906">Append ZNIEFF1DECOUPREG znieff1N NO_TEST "ID_MNHN "ID_MNHN" true false false 9 Text 0 0 ,First,#,ZNIEFF1DECOUPREG,ID_MNHN,-1,-1;ID_ORG "ID_ORG" true false false 15 Text 0 0 ,First,#,ZNIEFF1DECOUPREG,ID_ORG,-1,-1;NOM "NOM" true false false 160 Text 0 0 ,First,#,ZNIEFF1DECOUPREG,NOM,-1,-1;GENERATION "GENERATION" true false false 4 Short 0 4 ,First,#,ZNIEFF1DECOUPREG,GENERATION,-1,-1" #</Process><Process ToolSource="c:\program files (x86)\arcgis\desktop10.2\ArcToolbox\Toolboxes\Data Management Tools.tbx\Append" Date="20140520" Time="111220">Append znieff1regdiffuse znieff1N NO_TEST "ID_MNHN "ID_MNHN" true false false 9 Text 0 0 ,First,#,znieff1regdiffuse,ID_MNHN,-1,-1;ID_ORG "ID_ORG" true false false 15 Text 0 0 ,First,#,znieff1regdiffuse,ID_ORG,-1,-1;NOM "NOM" true false false 160 Text 0 0 ,First,#,znieff1regdiffuse,NOM,-1,-1;GENERATION "GENERATION" true false false 4 Short 0 4 ,First,#,znieff1regdiffuse,GENERATION,-1,-1" #</Process><Process ToolSource="c:\program files (x86)\arcgis\desktop10.2\ArcToolbox\Toolboxes\Data Management Tools.tbx\CalculateField" Date="20140520" Time="111448">CalculateField znieff1N GENERATION 2 VB #</Process><Process ToolSource="c:\program files (x86)\arcgis\desktop10.2\ArcToolbox\Toolboxes\Data Management Tools.tbx\CalculateField" Date="20140520" Time="112607">CalculateField znieff1N GENERATION 1 VB #</Process><Process ToolSource="c:\program files (x86)\arcgis\desktop10.2\ArcToolbox\Toolboxes\Data Management Tools.tbx\Append" Date="20140522" Time="105919">Append ZNIEFF_1region72 znieff1N NO_TEST "ID_MNHN "ID_MNHN" true false false 9 Text 0 0 ,First,#,ZNIEFF_1region72,ID_MNHN,-1,-1;ID_ORG "ID_ORG" true false false 15 Text 0 0 ,First,#,ZNIEFF_1region72,ID_ORG,-1,-1;NOM "NOM" true false false 160 Text 0 0 ,First,#,ZNIEFF_1region72,NOM,-1,-1;GENERATION "GENERATION" true false false 4 Short 0 4 ,First,#,ZNIEFF_1region72,GENERATION,-1,-1" #</Process><Process ToolSource="c:\program files (x86)\arcgis\desktop10.2\ArcToolbox\Toolboxes\Data Management Tools.tbx\CalculateField" Date="20140522" Time="110021">CalculateField znieff1N GENERATION 2 VB #</Process><Process ToolSource="c:\program files (x86)\arcgis\desktop10.2\ArcToolbox\Toolboxes\Data Management Tools.tbx\AddField" Date="20140522" Time="115439">AddField znieff1N ID_zni1 TEXT # # 15 # NULLABLE NON_REQUIRED #</Process><Process ToolSource="c:\program files (x86)\arcgis\desktop10.2\ArcToolbox\Toolboxes\Data Management Tools.tbx\CalculateField" Date="20140522" Time="115444">CalculateField znieff1N ID_zni1 !ID_MNHN! PYTHON_9.3 #</Process><Process ToolSource="c:\program files (x86)\arcgis\desktop10.2\ArcToolbox\Toolboxes\Data Management Tools.tbx\CopyFeatures" Date="20140523" Time="093321">CopyFeatures znieff1N E:\projet\znieff\mise_a_jour\diffusion\diffusion_2014\erreurnationale\topo.mdb\topo\znieff1N # 0 0 0</Process><Process ToolSource="c:\program files (x86)\arcgis\desktop10.2\ArcToolbox\Toolboxes\Data Management Tools.tbx\CalculateField" Date="20140523" Time="112222">CalculateField znieff1 GENERATION 1 VB #</Process><Process ToolSource="c:\program files (x86)\arcgis\desktop10.2\ArcToolbox\Toolboxes\Data Management Tools.tbx\AddField" Date="20140523" Time="114143">AddField znieff1 ID_zni1 TEXT # # 15 # NULLABLE NON_REQUIRED #</Process><Process ToolSource="c:\program files (x86)\arcgis\desktop10.2\ArcToolbox\Toolboxes\Data Management Tools.tbx\CalculateField" Date="20140523" Time="114147">CalculateField znieff1 ID_zni1 !ID_MNHN! PYTHON_9.3 #</Process><Process ToolSource="c:\program files (x86)\arcgis\desktop10.2\ArcToolbox\Toolboxes\Analysis Tools.tbx\Erase" Date="20140523" Time="124514">Erase znieff1 effacermidipy C:\Users\Lefeuvre\Documents\ArcGIS\Default.gdb\znieff1_Erase2 "0,1 Centimeters"</Process><Process ToolSource="c:\program files (x86)\arcgis\desktop10.2\ArcToolbox\Toolboxes\Data Management Tools.tbx\AddField" Date="20140523" Time="124828">AddField znieff1 ID_zni1 TEXT # # 15 # NULLABLE NON_REQUIRED #</Process><Process ToolSource="c:\program files (x86)\arcgis\desktop10.2\ArcToolbox\Toolboxes\Data Management Tools.tbx\CalculateField" Date="20140523" Time="124834">CalculateField znieff1 ID_zni1 !ID_MNHN! PYTHON_9.3 #</Process><Process ToolSource="c:\program files (x86)\arcgis\desktop10.2\ArcToolbox\Toolboxes\Analysis Tools.tbx\Erase" Date="20140523" Time="145438">Erase znieff1 erreur_topko C:\Users\Lefeuvre\Documents\ArcGIS\Default.gdb\znieff1_Erase5 "0,1 Centimeters"</Process><Process ToolSource="c:\program files (x86)\arcgis\desktop10.2\ArcToolbox\Toolboxes\Data Management Tools.tbx\AddField" Date="20140523" Time="145623">AddField znieff1 ID_zni1 TEXT # # 15 # NULLABLE NON_REQUIRED #</Process><Process ToolSource="c:\program files (x86)\arcgis\desktop10.2\ArcToolbox\Toolboxes\Data Management Tools.tbx\CalculateField" Date="20140523" Time="145627">CalculateField znieff1 ID_zni1 !ID_MNHN! PYTHON_9.3 #</Process><Process ToolSource="c:\program files (x86)\arcgis\desktop10.2\ArcToolbox\Toolboxes\Analysis Tools.tbx\Erase" Date="20140523" Time="161602">Erase znieff1 erreur_topo2 C:\Users\Lefeuvre\Documents\ArcGIS\Default.gdb\znieff1_Erase7 "0,1 Centimeters"</Process><Process ToolSource="c:\program files (x86)\arcgis\desktop10.2\ArcToolbox\Toolboxes\Data Management Tools.tbx\AddField" Date="20140523" Time="162312">AddField znieff1 ID_zni1 TEXT # # 15 # NULLABLE NON_REQUIRED #</Process><Process ToolSource="c:\program files (x86)\arcgis\desktop10.2\ArcToolbox\Toolboxes\Data Management Tools.tbx\CalculateField" Date="20140523" Time="162316">CalculateField znieff1 ID_zni1 !ID_MNHN! PYTHON_9.3 #</Process><Process ToolSource="c:\program files (x86)\arcgis\desktop10.2\ArcToolbox\Toolboxes\Data Management Tools.tbx\AddField" Date="20140523" Time="170934">AddField znieff1 ID_zni1 TEXT # # 15 # NULLABLE NON_REQUIRED #</Process><Process ToolSource="c:\program files (x86)\arcgis\desktop10.2\ArcToolbox\Toolboxes\Data Management Tools.tbx\CalculateField" Date="20140523" Time="170939">CalculateField znieff1 ID_zni1 !ID_MNHN! PYTHON_9.3 #</Process><Process ToolSource="c:\program files (x86)\arcgis\desktop10.2\ArcToolbox\Toolboxes\Data Management Tools.tbx\AddField" Date="20140523" Time="180046">AddField znieff1 ID_zni1 TEXT # # 15 # NULLABLE NON_REQUIRED #</Process><Process ToolSource="c:\program files (x86)\arcgis\desktop10.2\ArcToolbox\Toolboxes\Data Management Tools.tbx\CalculateField" Date="20140523" Time="180050">CalculateField znieff1 ID_zni1 !ID_MNHN! PYTHON_9.3 #</Process><Process ToolSource="c:\program files (x86)\arcgis\desktop10.2\ArcToolbox\Toolboxes\Data Management Tools.tbx\AddField" Date="20140526" Time="102058">AddField znieff1 ID_zni1 TEXT # # 15 # NULLABLE NON_REQUIRED #</Process><Process ToolSource="c:\program files (x86)\arcgis\desktop10.2\ArcToolbox\Toolboxes\Data Management Tools.tbx\CalculateField" Date="20140526" Time="102100">CalculateField znieff1 ID_zni1 !ID_MNHN! PYTHON_9.3 #</Process><Process ToolSource="c:\program files (x86)\arcgis\desktop10.2\ArcToolbox\Toolboxes\Data Management Tools.tbx\AddField" Date="20140526" Time="112558">AddField znieff1 ID_zni1 TEXT # # 15 # NULLABLE NON_REQUIRED #</Process><Process ToolSource="c:\program files (x86)\arcgis\desktop10.2\ArcToolbox\Toolboxes\Data Management Tools.tbx\CalculateField" Date="20140526" Time="112602">CalculateField znieff1 ID_zni1 !ID_MNHN! PYTHON_9.3 #</Process><Process ToolSource="c:\program files (x86)\arcgis\desktop10.2\ArcToolbox\Toolboxes\Data Management Tools.tbx\AddField" Date="20140526" Time="115632">AddField znieff1 ID_zni1 TEXT # # 15 # NULLABLE NON_REQUIRED #</Process><Process ToolSource="c:\program files (x86)\arcgis\desktop10.2\ArcToolbox\Toolboxes\Data Management Tools.tbx\CalculateField" Date="20140526" Time="115636">CalculateField znieff1 ID_zni1 !ID_MNHN! PYTHON_9.3 #</Process><Process ToolSource="c:\program files (x86)\arcgis\desktop10.2\ArcToolbox\Toolboxes\Analysis Tools.tbx\Erase" Date="20140526" Time="122007">Erase znieff1 erreur_topo3 C:\Users\Lefeuvre\Documents\ArcGIS\Default.gdb\znieff1_Erase6 "0,1 Centimeters"</Process><Process ToolSource="c:\program files (x86)\arcgis\desktop10.2\ArcToolbox\Toolboxes\Data Management Tools.tbx\AddField" Date="20140526" Time="122354">AddField znieff1_Erase6 ID_zni1 TEXT # # 15 # NULLABLE NON_REQUIRED #</Process><Process ToolSource="c:\program files (x86)\arcgis\desktop10.2\ArcToolbox\Toolboxes\Data Management Tools.tbx\CalculateField" Date="20140526" Time="122358">CalculateField znieff1_Erase6 ID_zni1 !ID_MNHN! PYTHON_9.3 #</Process><Process ToolSource="c:\program files (x86)\arcgis\desktop10.2\ArcToolbox\Toolboxes\Data Management Tools.tbx\RepairGeometry" Date="20140526" Time="130609">RepairGeometry znieff1 DELETE_NULL</Process><Process ToolSource="c:\program files (x86)\arcgis\desktop10.2\ArcToolbox\Toolboxes\Data Management Tools.tbx\CalculateField" Date="20140526" Time="131657">CalculateField znieff1 NOM !NOM!.upper() PYTHON_9.3 #</Process><Process ToolSource="c:\program files (x86)\arcgis\desktop10.2\ArcToolbox\Toolboxes\Data Management Tools.tbx\AddField" Date="20140526" Time="143749">AddField znieff1 ID_zni1 TEXT # # 15 # NULLABLE NON_REQUIRED #</Process><Process ToolSource="c:\program files (x86)\arcgis\desktop10.2\ArcToolbox\Toolboxes\Data Management Tools.tbx\CalculateField" Date="20140526" Time="143753">CalculateField znieff1 ID_zni1 !ID_MNHN! PYTHON_9.3 #</Process><Process ToolSource="c:\program files (x86)\arcgis\desktop10.2\ArcToolbox\Toolboxes\Data Management Tools.tbx\CalculateField" Date="20140528" Time="104423">CalculateField znieff1 etat "n" VB #</Process><Process ToolSource="c:\program files (x86)\arcgis\desktop10.2\ArcToolbox\Toolboxes\Data Management Tools.tbx\CalculateField" Date="20140528" Time="104703">CalculateField znieff1 etat "" VB #</Process><Process ToolSource="c:\program files (x86)\arcgis\desktop10.2\ArcToolbox\Toolboxes\Data Management Tools.tbx\AddField" Date="20140606" Time="105501">AddField znieff1B ID_zni1 TEXT # # 15 # NULLABLE NON_REQUIRED #</Process><Process ToolSource="c:\program files (x86)\arcgis\desktop10.2\ArcToolbox\Toolboxes\Data Management Tools.tbx\CalculateField" Date="20140606" Time="105505">CalculateField znieff1B ID_zni1 !ID_MNHN! PYTHON_9.3 #</Process><Process ToolSource="c:\program files (x86)\arcgis\desktop10.2\ArcToolbox\Toolboxes\Data Management Tools.tbx\AddField" Date="20140606" Time="114216">AddField znieff1B controle TEXT # # 8 # NULLABLE NON_REQUIRED #</Process><Process ToolSource="c:\program files (x86)\arcgis\desktop10.2\ArcToolbox\Toolboxes\Data Management Tools.tbx\AddField" Date="20140606" Time="120450">AddField znieff1B controle TEXT # # 8 # NULLABLE NON_REQUIRED #</Process><Process ToolSource="c:\program files (x86)\arcgis\desktop10.2\ArcToolbox\Toolboxes\Data Management Tools.tbx\AddField" Date="20140606" Time="121312">AddField znieff1B ID_zni1 TEXT # # 15 # NULLABLE NON_REQUIRED #</Process><Process ToolSource="c:\program files (x86)\arcgis\desktop10.2\ArcToolbox\Toolboxes\Data Management Tools.tbx\CalculateField" Date="20140606" Time="121316">CalculateField znieff1B ID_zni1 !ID_MNHN! PYTHON_9.3 #</Process><Process ToolSource="c:\program files (x86)\arcgis\desktop10.2\ArcToolbox\Toolboxes\Data Management Tools.tbx\AddField" Date="20140606" Time="124901">AddField znieff1B ID_zni1 TEXT # # 15 # NULLABLE NON_REQUIRED #</Process><Process ToolSource="c:\program files (x86)\arcgis\desktop10.2\ArcToolbox\Toolboxes\Data Management Tools.tbx\CalculateField" Date="20140606" Time="124904">CalculateField znieff1B ID_zni1 !ID_MNHN! PYTHON_9.3 #</Process><Process ToolSource="c:\program files (x86)\arcgis\desktop10.2\ArcToolbox\Toolboxes\Data Management Tools.tbx\AddField" Date="20140606" Time="133818">AddField znieff1B ID_zni1 TEXT # # 15 # NULLABLE NON_REQUIRED #</Process><Process ToolSource="c:\program files (x86)\arcgis\desktop10.2\ArcToolbox\Toolboxes\Data Management Tools.tbx\CalculateField" Date="20140606" Time="133821">CalculateField znieff1B ID_zni1 !ID_MNHN! PYTHON_9.3 #</Process><Process ToolSource="c:\program files (x86)\arcgis\desktop10.2\ArcToolbox\Toolboxes\Data Management Tools.tbx\RepairGeometry" Date="20140606" Time="143607">RepairGeometry znieff1 DELETE_NULL</Process><Process ToolSource="c:\program files (x86)\arcgis\desktop10.2\ArcToolbox\Toolboxes\Data Management Tools.tbx\AddField" Date="20140611" Time="153635">AddField znieff1 controle TEXT # # 8 # NULLABLE NON_REQUIRED #</Process><Process ToolSource="c:\program files (x86)\arcgis\desktop10.2\ArcToolbox\Toolboxes\Data Management Tools.tbx\AddField" Date="20140611" Time="153635">AddField znieff1 SURF_BDD DOUBLE 12 2 # # NULLABLE NON_REQUIRED #</Process><Process ToolSource="c:\program files (x86)\arcgis\desktop10.2\ArcToolbox\Toolboxes\Data Management Tools.tbx\CalculateField" Date="20140618" Time="153901">CalculateField znieff1 type 1 VB #</Process><Process ToolSource="c:\program files (x86)\arcgis\desktop10.2\ArcToolbox\Toolboxes\Data Management Tools.tbx\CalculateField" Date="20140619" Time="101700">CalculateField znieff1 NOM !NOM!.upper() PYTHON_9.3 #</Process><Process ToolSource="c:\program files (x86)\arcgis\desktop10.2\ArcToolbox\Toolboxes\Data Management Tools.tbx\RepairGeometry" Date="20140619" Time="160438">RepairGeometry znieff1 DELETE_NULL</Process><Process ToolSource="c:\program files (x86)\arcgis\desktop10.2\ArcToolbox\Toolboxes\Data Management Tools.tbx\AddField" Date="20140620" Time="095033">AddField znieff1 ID_zni1 TEXT # # 15 # NULLABLE NON_REQUIRED #</Process><Process ToolSource="c:\program files (x86)\arcgis\desktop10.2\ArcToolbox\Toolboxes\Data Management Tools.tbx\CalculateField" Date="20140620" Time="095037">CalculateField znieff1 ID_zni1 !ID_MNHN! PYTHON_9.3 #</Process><Process ToolSource="c:\program files (x86)\arcgis\desktop10.2\ArcToolbox\Toolboxes\Data Management Tools.tbx\Append" Date="20140722" Time="152236">Append znieff1_reg25VALID znieff1 NO_TEST "ID_MNHN "ID_MNHN" true false false 9 Text 0 0 ,First,#,znieff1_reg25VALID,ID_MNHN,-1,-1;ID_ORG "ID_ORG" true false false 15 Text 0 0 ,First,#,znieff1_reg25VALID,ID_ORG,-1,-1;NOM "NOM" true false false 160 Text 0 0 ,First,#,znieff1_reg25VALID,NOM,-1,-1;GENERATION "GENERATION" true false false 4 Short 0 4 ,First,#,znieff1_reg25VALID,GENERATION,-1,-1;fgevol "fgevol" true false false 5 Text 0 0 ,First,#,znieff1_reg25VALID,fgevol,-1,-1" #</Process><Process ToolSource="c:\program files (x86)\arcgis\desktop10.2\ArcToolbox\Toolboxes\Data Management Tools.tbx\Append" Date="20140722" Time="152305">Append znieff1_10062014 znieff1 NO_TEST "ID_MNHN "ID_MNHN" true false false 9 Text 0 0 ,First,#,znieff1_10062014,ID_MNHN,-1,-1;ID_ORG "ID_ORG" true false false 15 Text 0 0 ,First,#,znieff1_10062014,ID_ORG,-1,-1;NOM "NOM" true false false 160 Text 0 0 ,First,#,znieff1_10062014,NOM,-1,-1;GENERATION "GENERATION" true false false 4 Short 0 4 ,First,#;fgevol "fgevol" true false false 5 Text 0 0 ,First,#,znieff1_10062014,fgevol,-1,-1" #</Process><Process ToolSource="c:\program files (x86)\arcgis\desktop10.2\ArcToolbox\Toolboxes\Data Management Tools.tbx\CalculateField" Date="20140722" Time="152403">CalculateField znieff1 GENERATION 2 VB #</Process><Process ToolSource="c:\program files (x86)\arcgis\desktop10.2\ArcToolbox\Toolboxes\Data Management Tools.tbx\RepairGeometry" Date="20140723" Time="101405">RepairGeometry znieff1 DELETE_NULL</Process><Process ToolSource="c:\program files (x86)\arcgis\desktop10.2\ArcToolbox\Toolboxes\Data Management Tools.tbx\CopyFeatures" Date="20140723" Time="102302">CopyFeatures znieff1 "E:\projet\znieff\mise_a_jour\diffusion\basedetravail\Nouvelle géodatabase personnelle.mdb\l93\znieff1" # 0 0 0</Process><Process ToolSource="c:\program files (x86)\arcgis\desktop10.2\ArcToolbox\Toolboxes\Data Management Tools.tbx\CopyFeatures" Date="20140723" Time="111613">CopyFeatures "E:\projet\znieff\mise_a_jour\diffusion\basedetravail\Nouvelle géodatabase personnelle.mdb\l93\znieff1" E:\projet\znieff\mise_a_jour\diffusion\basedetravail\znieff1.shp # 0 0 0</Process><Process ToolSource="c:\program files (x86)\arcgis\desktop10.2\ArcToolbox\Toolboxes\Data Management Tools.tbx\RepairGeometry" Date="20140723" Time="111936">RepairGeometry znieff1 DELETE_NULL</Process><Process ToolSource="c:\program files (x86)\arcgis\desktop10.2\ArcToolbox\Toolboxes\Data Management Tools.tbx\RepairGeometry" Date="20140723" Time="112125">RepairGeometry znieff1 DELETE_NULL</Process><Process ToolSource="c:\program files (x86)\arcgis\desktop10.2\ArcToolbox\Toolboxes\Data Management Tools.tbx\AddField" Date="20140723" Time="112645">AddField znieff1 ID_zni1 TEXT # # 15 # NULLABLE NON_REQUIRED #</Process><Process ToolSource="c:\program files (x86)\arcgis\desktop10.2\ArcToolbox\Toolboxes\Data Management Tools.tbx\CalculateField" Date="20140723" Time="112654">CalculateField znieff1 ID_zni1 !ID_MNHN! PYTHON_9.3 #</Process><Process ToolSource="c:\program files (x86)\arcgis\desktop10.2\ArcToolbox\Toolboxes\Data Management Tools.tbx\AddField" Date="20140723" Time="121959">AddField znieff1 ID_zni1 TEXT # # 15 # NULLABLE NON_REQUIRED #</Process><Process ToolSource="c:\program files (x86)\arcgis\desktop10.2\ArcToolbox\Toolboxes\Data Management Tools.tbx\CalculateField" Date="20140723" Time="122002">CalculateField znieff1 ID_zni1 !ID_MNHN! PYTHON_9.3 #</Process><Process ToolSource="c:\program files (x86)\arcgis\desktop10.2\ArcToolbox\Toolboxes\Data Management Tools.tbx\CalculateField" Date="20140724" Time="101639">CalculateField znieff1 NOM !NOM!.upper() PYTHON_9.3 #</Process><Process ToolSource="c:\program files (x86)\arcgis\desktop10.2\ArcToolbox\Toolboxes\Data Management Tools.tbx\AddField" Date="20140908" Time="153237">AddField znieff1 ID_zni1 TEXT # # 15 # NULLABLE NON_REQUIRED #</Process><Process ToolSource="c:\program files (x86)\arcgis\desktop10.2\ArcToolbox\Toolboxes\Data Management Tools.tbx\CalculateField" Date="20140908" Time="153240">CalculateField znieff1 ID_zni1 !ID_MNHN! PYTHON_9.3 #</Process><Process ToolSource="c:\program files (x86)\arcgis\desktop10.2\ArcToolbox\Toolboxes\Data Management Tools.tbx\AddField" Date="20140916" Time="095108">AddField E:\projet\znieff\mise_a_jour\diffusion\basedetravail\znieff1.shp ID_zni1 TEXT # # 15 # NULLABLE NON_REQUIRED #</Process><Process ToolSource="c:\program files (x86)\arcgis\desktop10.2\ArcToolbox\Toolboxes\Data Management Tools.tbx\CalculateField" Date="20140916" Time="095111">CalculateField E:\projet\znieff\mise_a_jour\diffusion\basedetravail\znieff1.shp ID_zni1 !ID_MNHN! PYTHON_9.3 #</Process><Process ToolSource="c:\program files (x86)\arcgis\desktop10.2\ArcToolbox\Toolboxes\Data Management Tools.tbx\AddField" Date="20140916" Time="104742">AddField E:\projet\znieff\mise_a_jour\diffusion\basedetravail\znieff1.shp ID_zni1 TEXT # # 15 # NULLABLE NON_REQUIRED #</Process><Process ToolSource="c:\program files (x86)\arcgis\desktop10.2\ArcToolbox\Toolboxes\Data Management Tools.tbx\CalculateField" Date="20140916" Time="104745">CalculateField E:\projet\znieff\mise_a_jour\diffusion\basedetravail\znieff1.shp ID_zni1 !ID_MNHN! PYTHON_9.3 #</Process><Process ToolSource="c:\program files (x86)\arcgis\desktop10.2\ArcToolbox\Toolboxes\Data Management Tools.tbx\CopyFeatures" Date="20140916" Time="105434">CopyFeatures znieff1 "E:\projet\znieff\mise_a_jour\diffusion\basedetravail\Nouvelle géodatabase personnelle.mdb\yhh\znieff1" # 0 0 0</Process><Process ToolSource="c:\program files (x86)\arcgis\desktop10.2\ArcToolbox\Toolboxes\Conversion Tools.tbx\FeatureClassToFeatureClass" Date="20140916" Time="110005">FeatureClassToFeatureClass "E:\projet\znieff\mise_a_jour\diffusion\basedetravail\Nouvelle géodatabase personnelle.mdb\yhh\znieff1" E:\projet\znieff\mise_a_jour\diffusion\basedetravail znieff1.shp # "ID_MNHN "ID_MNHN" true true false 9 Text 0 0 ,First,#,E:\projet\znieff\mise_a_jour\diffusion\basedetravail\Nouvelle géodatabase personnelle.mdb\yhh\znieff1,ID_MNHN,-1,-1;ID_ORG "ID_ORG" true true false 15 Text 0 0 ,First,#,E:\projet\znieff\mise_a_jour\diffusion\basedetravail\Nouvelle géodatabase personnelle.mdb\yhh\znieff1,ID_ORG,-1,-1;NOM "NOM" true true false 160 Text 0 0 ,First,#,E:\projet\znieff\mise_a_jour\diffusion\basedetravail\Nouvelle géodatabase personnelle.mdb\yhh\znieff1,NOM,-1,-1;GENERATION "GENERATION" true true false 2 Short 0 0 ,First,#,E:\projet\znieff\mise_a_jour\diffusion\basedetravail\Nouvelle géodatabase personnelle.mdb\yhh\znieff1,GENERATION,-1,-1;ID_zni1 "ID_zni1" true true false 15 Text 0 0 ,First,#,E:\projet\znieff\mise_a_jour\diffusion\basedetravail\Nouvelle géodatabase personnelle.mdb\yhh\znieff1,ID_zni1,-1,-1;Shape_Leng "Shape_Leng" false true true 8 Double 0 0 ,First,#,E:\projet\znieff\mise_a_jour\diffusion\basedetravail\Nouvelle géodatabase personnelle.mdb\yhh\znieff1,Shape_Length,-1,-1;Shape_Area "Shape_Area" false true true 8 Double 0 0 ,First,#,E:\projet\znieff\mise_a_jour\diffusion\basedetravail\Nouvelle géodatabase personnelle.mdb\yhh\znieff1,Shape_Area,-1,-1" #</Process><Process ToolSource="c:\program files (x86)\arcgis\desktop10.2\ArcToolbox\Toolboxes\Data Management Tools.tbx\AddField" Date="20140916" Time="110456">AddField E:\projet\znieff\mise_a_jour\diffusion\basedetravail\znieff1.shp ID_zni1 TEXT # # 15 # NULLABLE NON_REQUIRED #</Process><Process ToolSource="c:\program files (x86)\arcgis\desktop10.2\ArcToolbox\Toolboxes\Data Management Tools.tbx\CalculateField" Date="20140916" Time="110500">CalculateField E:\projet\znieff\mise_a_jour\diffusion\basedetravail\znieff1.shp ID_zni1 !ID_MNHN! PYTHON_9.3 #</Process><Process ToolSource="c:\program files (x86)\arcgis\desktop10.2\ArcToolbox\Toolboxes\Data Management Tools.tbx\AddField" Date="20140916" Time="111310">AddField E:\projet\znieff\mise_a_jour\diffusion\basedetravail\znieff1.shp ID_zni1 TEXT # # 15 # NULLABLE NON_REQUIRED #</Process><Process ToolSource="c:\program files (x86)\arcgis\desktop10.2\ArcToolbox\Toolboxes\Data Management Tools.tbx\CalculateField" Date="20140916" Time="111313">CalculateField E:\projet\znieff\mise_a_jour\diffusion\basedetravail\znieff1.shp ID_zni1 !ID_MNHN! PYTHON_9.3 #</Process><Process ToolSource="c:\program files (x86)\arcgis\desktop10.2\ArcToolbox\Toolboxes\Data Management Tools.tbx\Append" Date="20140922" Time="173626">Append znieff1_valid znieff1 NO_TEST "ID_MNHN "ID_MNHN" true false false 9 Text 0 0 ,First,#,znieff1_valid,ID_MNHN,-1,-1;ID_ORG "ID_ORG" true false false 15 Text 0 0 ,First,#,znieff1_valid,ID_ORG,-1,-1;NOM "NOM" true false false 160 Text 0 0 ,First,#,znieff1_valid,NOM,-1,-1;GENERATION "GENERATION" true false false 4 Short 0 4 ,First,#,znieff1_valid,GENERATION,-1,-1;ID_zni1 "ID_zni1" true false false 15 Text 0 0 ,First,#,znieff1_valid,ID_zni1,-1,-1;Shape_Leng "Shape_Leng" true false false 19 Double 0 0 ,First,#;Shape_Area "Shape_Area" true false false 19 Double 0 0 ,First,#" #</Process><Process ToolSource="c:\program files (x86)\arcgis\desktop10.2\ArcToolbox\Toolboxes\Data Management Tools.tbx\Append" Date="20140922" Time="180104">Append znieff1_valid znieff1 NO_TEST "ID_MNHN "ID_MNHN" true false false 9 Text 0 0 ,First,#,znieff1_valid,ID_MNHN,-1,-1;ID_ORG "ID_ORG" true false false 15 Text 0 0 ,First,#,znieff1_valid,ID_ORG,-1,-1;NOM "NOM" true false false 160 Text 0 0 ,First,#,znieff1_valid,NOM,-1,-1;GENERATION "GENERATION" true false false 4 Short 0 4 ,First,#,znieff1_valid,GENERATION,-1,-1;ID_zni1 "ID_zni1" true false false 15 Text 0 0 ,First,#;Shape_Leng "Shape_Leng" true false false 19 Double 0 0 ,First,#;Shape_Area "Shape_Area" true false false 19 Double 0 0 ,First,#" #</Process><Process ToolSource="c:\program files (x86)\arcgis\desktop10.2\ArcToolbox\Toolboxes\Data Management Tools.tbx\CalculateField" Date="20140923" Time="124644">CalculateField znieff1 GENERATION 2 VB #</Process><Process ToolSource="c:\program files (x86)\arcgis\desktop10.2\ArcToolbox\Toolboxes\Data Management Tools.tbx\CalculateField" Date="20140923" Time="124809">CalculateField znieff1 ID_ORG Z1PZ0723 VB #</Process><Process ToolSource="c:\program files (x86)\arcgis\desktop10.2\ArcToolbox\Toolboxes\Data Management Tools.tbx\CalculateField" Date="20140923" Time="124818">CalculateField znieff1 ID_ORG "Z1PZ0723" VB #</Process><Process ToolSource="c:\program files (x86)\arcgis\desktop10.2\ArcToolbox\Toolboxes\Data Management Tools.tbx\CalculateField" Date="20140923" Time="124915">CalculateField znieff1 NOM !NOM!.upper() PYTHON_9.3 #</Process><Process ToolSource="c:\program files (x86)\arcgis\desktop10.2\ArcToolbox\Toolboxes\Data Management Tools.tbx\AddField" Date="20140923" Time="134125">AddField znieff1 ID_zni1 TEXT # # 15 # NULLABLE NON_REQUIRED #</Process><Process ToolSource="c:\program files (x86)\arcgis\desktop10.2\ArcToolbox\Toolboxes\Data Management Tools.tbx\CalculateField" Date="20140923" Time="134134">CalculateField znieff1 ID_zni1 !ID_MNHN! PYTHON_9.3 #</Process><Process ToolSource="c:\program files (x86)\arcgis\desktop10.2\ArcToolbox\Toolboxes\Data Management Tools.tbx\AddField" Date="20140923" Time="154541">AddField znieff1 ID_zni1 TEXT # # 15 # NULLABLE NON_REQUIRED #</Process><Process ToolSource="c:\program files (x86)\arcgis\desktop10.2\ArcToolbox\Toolboxes\Data Management Tools.tbx\CalculateField" Date="20140923" Time="154550">CalculateField znieff1 ID_zni1 !ID_MNHN! PYTHON_9.3 #</Process><Process ToolSource="c:\program files (x86)\arcgis\desktop10.2\ArcToolbox\Toolboxes\Data Management Tools.tbx\AddField" Date="20140923" Time="163742">AddField znieff1 ID_zni1 TEXT # # 15 # NULLABLE NON_REQUIRED #</Process><Process ToolSource="c:\program files (x86)\arcgis\desktop10.2\ArcToolbox\Toolboxes\Data Management Tools.tbx\CalculateField" Date="20140923" Time="163752">CalculateField znieff1 ID_zni1 !ID_MNHN! PYTHON_9.3 #</Process><Process ToolSource="c:\program files (x86)\arcgis\desktop10.2\ArcToolbox\Toolboxes\Data Management Tools.tbx\RepairGeometry" Date="20140923" Time="165238">RepairGeometry znieff1 DELETE_NULL</Process><Process ToolSource="c:\program files (x86)\arcgis\desktop10.2\ArcToolbox\Toolboxes\Data Management Tools.tbx\Append" Date="20141127" Time="141728">Append znieff1centre znieff1 NO_TEST "ID_MNHN "ID_MNHN" true false false 9 Text 0 0 ,First,#,znieff1centre,ID_MNHN,-1,-1;ID_ORG "ID_ORG" true false false 15 Text 0 0 ,First,#,znieff1centre,ID_ORG,-1,-1;NOM "NOM" true false false 160 Text 0 0 ,First,#,znieff1centre,NOM,-1,-1;GENERATION "GENERATION" true false false 4 Short 0 4 ,First,#,znieff1centre,GENERATION,-1,-1" #</Process><Process ToolSource="c:\program files (x86)\arcgis\desktop10.2\ArcToolbox\Toolboxes\Data Management Tools.tbx\CalculateField" Date="20141202" Time="165953">CalculateField znieff1 NOM !ID_MNHN!.upper() PYTHON_9.3 #</Process><Process ToolSource="c:\program files (x86)\arcgis\desktop10.2\ArcToolbox\Toolboxes\Data Management Tools.tbx\CalculateField" Date="20141203" Time="095500">CalculateField znieff1 NOM !NOM!.upper() PYTHON_9.3 #</Process><Process ToolSource="c:\program files (x86)\arcgis\desktop10.2\ArcToolbox\Toolboxes\Data Management Tools.tbx\AddField" Date="20141203" Time="135624">AddField znieff1 ID_zni1 TEXT # # 15 # NULLABLE NON_REQUIRED #</Process><Process ToolSource="c:\program files (x86)\arcgis\desktop10.2\ArcToolbox\Toolboxes\Data Management Tools.tbx\CalculateField" Date="20141203" Time="135626">CalculateField znieff1 ID_zni1 !ID_MNHN! PYTHON_9.3 #</Process><Process ToolSource="c:\program files (x86)\arcgis\desktop10.2\ArcToolbox\Toolboxes\Data Management Tools.tbx\AddField" Date="20150123" Time="140815">AddField znieff1 P_FGEVOL TEXT # # 8 # NULLABLE NON_REQUIRED #</Process><Process ToolSource="c:\program files (x86)\arcgis\desktop10.2\ArcToolbox\Toolboxes\Data Management Tools.tbx\AddField" Date="20150123" Time="140815">AddField znieff1 R_FGEVOL TEXT # # 8 # NULLABLE NON_REQUIRED #</Process><Process ToolSource="c:\program files (x86)\arcgis\desktop10.2\ArcToolbox\Toolboxes\Data Management Tools.tbx\AddField" Date="20150123" Time="140815">AddField znieff1 TY TEXT # # 8 # NULLABLE NON_REQUIRED #</Process><Process ToolSource="c:\program files (x86)\arcgis\desktop10.2\ArcToolbox\Toolboxes\Data Management Tools.tbx\AddField" Date="20150123" Time="140815">AddField znieff1 controle TEXT # # 8 # NULLABLE NON_REQUIRED #</Process><Process ToolSource="c:\program files (x86)\arcgis\desktop10.2\ArcToolbox\Toolboxes\Data Management Tools.tbx\AddField" Date="20150123" Time="140816">AddField znieff1 SURF_SIG DOUBLE 12 2 # # NULLABLE NON_REQUIRED #</Process><Process ToolSource="c:\program files (x86)\arcgis\desktop10.2\ArcToolbox\Toolboxes\Data Management Tools.tbx\AddField" Date="20150123" Time="140816">AddField znieff1 SURF_BDD DOUBLE 12 2 # # NULLABLE NON_REQUIRED #</Process><Process ToolSource="c:\program files (x86)\arcgis\desktop10.2\ArcToolbox\Toolboxes\Data Management Tools.tbx\CalculateField" Date="20150123" Time="140915">CalculateField znieff1 SURF_SIG !shape.area@hectares! PYTHON_9.3 #</Process><Process ToolSource="c:\program files (x86)\arcgis\desktop10.2\ArcToolbox\Toolboxes\Data Management Tools.tbx\Append" Date="20150126" Time="104251">Append znieff1_fc_valid znieff1 NO_TEST "ID_MNHN "ID_MNHN" true false false 9 Text 0 0 ,First,#,znieff1_fc_valid,ID_MNHN,-1,-1;ID_ORG "ID_ORG" true false false 15 Text 0 0 ,First,#,znieff1_fc_valid,ID_ORG,-1,-1;NOM "NOM" true false false 160 Text 0 0 ,First,#,znieff1_fc_valid,NOM,-1,-1;GENERATION "GENERATION" true false false 4 Short 0 4 ,First,#,znieff1_fc_valid,GENERATION,-1,-1;P_FGEVOL "P_FGEVOL" true false false 8 Text 0 0 ,First,#;R_FGEVOL "R_FGEVOL" true false false 8 Text 0 0 ,First,#;TY "TY" true false false 8 Text 0 0 ,First,#;controle "controle" true false false 8 Text 0 0 ,First,#;SURF_SIG "SURF_SIG" true false false 13 Double 2 12 ,First,#;SURF_BDD "SURF_BDD" true false false 13 Double 2 12 ,First,#" #</Process><Process ToolSource="c:\program files (x86)\arcgis\desktop10.2\ArcToolbox\Toolboxes\Data Management Tools.tbx\AddField" Date="20150128" Time="170505">AddField znieff1 ID_zni1 TEXT # # 15 # NULLABLE NON_REQUIRED #</Process><Process ToolSource="c:\program files (x86)\arcgis\desktop10.2\ArcToolbox\Toolboxes\Data Management Tools.tbx\CalculateField" Date="20150128" Time="170508">CalculateField znieff1 ID_zni1 !ID_MNHN! PYTHON_9.3 #</Process><Process ToolSource="c:\program files (x86)\arcgis\desktop10.2\ArcToolbox\Toolboxes\Data Management Tools.tbx\DeleteField" Date="20150129" Time="094359">DeleteField znieff1 P_FGEVOL;R_FGEVOL;TY;controle;SURF_SIG;SURF_BDD;ID_zni1</Process><Process ToolSource="c:\program files (x86)\arcgis\desktop10.2\ArcToolbox\Toolboxes\Data Management Tools.tbx\AddField" Date="20150129" Time="123739">AddField znieff1 surfpo DOUBLE # # # # NULLABLE NON_REQUIRED #</Process><Process ToolSource="c:\program files (x86)\arcgis\desktop10.2\ArcToolbox\Toolboxes\Data Management Tools.tbx\CalculateField" Date="20150129" Time="123751">CalculateField znieff1 surfpo !shape.area@hectares! PYTHON_9.3 #</Process><Process ToolSource="c:\program files (x86)\arcgis\desktop10.2\ArcToolbox\Toolboxes\Data Management Tools.tbx\DeleteField" Date="20150129" Time="123934">DeleteField znieff1 surfpo</Process><Process ToolSource="c:\program files (x86)\arcgis\desktop10.2\ArcToolbox\Toolboxes\Data Management Tools.tbx\AddField" Date="20150129" Time="125352">AddField znieff1 surfpo DOUBLE # # # # NULLABLE NON_REQUIRED #</Process><Process ToolSource="c:\program files (x86)\arcgis\desktop10.2\ArcToolbox\Toolboxes\Data Management Tools.tbx\CalculateField" Date="20150129" Time="125406">CalculateField znieff1 surfpo !shape.area@hectares! PYTHON_9.3 #</Process><Process ToolSource="c:\program files (x86)\arcgis\desktop10.2\ArcToolbox\Toolboxes\Data Management Tools.tbx\CalculateField" Date="20150130" Time="143747">CalculateField znieff1 GENERATION 2 VB #</Process><Process ToolSource="c:\program files (x86)\arcgis\desktop10.2\ArcToolbox\Toolboxes\Data Management Tools.tbx\CalculateField" Date="20150130" Time="143830">CalculateField znieff1 NOM !NOM!.upper() PYTHON_9.3 #</Process><Process ToolSource="c:\program files (x86)\arcgis\desktop10.2\ArcToolbox\Toolboxes\Data Management Tools.tbx\AddField" Date="20150205" Time="133359">AddField znieff1 ID_zni1 TEXT # # 15 # NULLABLE NON_REQUIRED #</Process><Process ToolSource="c:\program files (x86)\arcgis\desktop10.2\ArcToolbox\Toolboxes\Data Management Tools.tbx\CalculateField" Date="20150205" Time="133402">CalculateField znieff1 ID_zni1 !ID_MNHN! PYTHON_9.3 #</Process><Process ToolSource="c:\program files (x86)\arcgis\desktop10.2\ArcToolbox\Toolboxes\Data Management Tools.tbx\AddField" Date="20150205" Time="140734">AddField znieff1 P_FGEVOL TEXT # # 8 # NULLABLE NON_REQUIRED #</Process><Process ToolSource="c:\program files (x86)\arcgis\desktop10.2\ArcToolbox\Toolboxes\Data Management Tools.tbx\AddField" Date="20150205" Time="140734">AddField znieff1 R_FGEVOL TEXT # # 8 # NULLABLE NON_REQUIRED #</Process><Process ToolSource="c:\program files (x86)\arcgis\desktop10.2\ArcToolbox\Toolboxes\Data Management Tools.tbx\AddField" Date="20150205" Time="140734">AddField znieff1 TY TEXT # # 8 # NULLABLE NON_REQUIRED #</Process><Process ToolSource="c:\program files (x86)\arcgis\desktop10.2\ArcToolbox\Toolboxes\Data Management Tools.tbx\AddField" Date="20150205" Time="140734">AddField znieff1 controle TEXT # # 8 # NULLABLE NON_REQUIRED #</Process><Process ToolSource="c:\program files (x86)\arcgis\desktop10.2\ArcToolbox\Toolboxes\Data Management Tools.tbx\AddField" Date="20150205" Time="140734">AddField znieff1 SURF_SIG DOUBLE 12 2 # # NULLABLE NON_REQUIRED #</Process><Process ToolSource="c:\program files (x86)\arcgis\desktop10.2\ArcToolbox\Toolboxes\Data Management Tools.tbx\AddField" Date="20150205" Time="140734">AddField znieff1 SURF_BDD DOUBLE 12 2 # # NULLABLE NON_REQUIRED #</Process><Process ToolSource="c:\program files (x86)\arcgis\desktop10.2\ArcToolbox\Toolboxes\Data Management Tools.tbx\CalculateField" Date="20150205" Time="140748">CalculateField znieff1 SURF_SIG !shape.area@hectares! PYTHON_9.3 #</Process><Process ToolSource="c:\program files (x86)\arcgis\desktop10.2\ArcToolbox\Toolboxes\Data Management Tools.tbx\RepairGeometry" Date="20150205" Time="160418">RepairGeometry znieff1 DELETE_NULL</Process><Process ToolSource="c:\program files (x86)\arcgis\desktop10.2\ArcToolbox\Toolboxes\Data Management Tools.tbx\RepairGeometry" Date="20150205" Time="160511">RepairGeometry znieff1 DELETE_NULL</Process><Process ToolSource="c:\program files (x86)\arcgis\desktop10.2\ArcToolbox\Toolboxes\Data Management Tools.tbx\DeleteField" Date="20150206" Time="093915">DeleteField znieff1 ID_zni1;P_FGEVOL;R_FGEVOL;TY;controle;SURF_SIG;SURF_BDD</Process></lineage><itemProps><itemName Sync="TRUE">znieff1</itemName><imsContentType Sync="TRUE">002</imsContentType><itemSize Sync="TRUE">0.000</itemSize><itemLocation><linkage Sync="TRUE">file://\\EGB308LEF\D$\HDD_D\projet\znieff\mise_a_jour\diffusion\basedetravail\2201_2015\format\shp\znieff1</linkage><protocol Sync="TRUE">Local Area Network</protocol></itemLocation></itemProps><coordRef><type Sync="TRUE">Projected</type><geogcsn Sync="TRUE">GCS_RGF_1993</geogcsn><csUnits Sync="TRUE">Linear Unit: Meter (1.000000)</csUnits><projcsn Sync="TRUE">RGF_1993_Lambert_93</projcsn><peXml Sync="TRUE">&lt;ProjectedCoordinateSystem xsi:type='typens:ProjectedCoordinateSystem' xmlns:xsi='http://www.w3.org/2001/XMLSchema-instance' xmlns:xs='http://www.w3.org/2001/XMLSchema' xmlns:typens='http://www.esri.com/schemas/ArcGIS/10.1'&gt;&lt;WKT&gt;PROJCS[&amp;quot;RGF_1993_Lambert_93&amp;quot;,GEOGCS[&amp;quot;GCS_RGF_1993&amp;quot;,DATUM[&amp;quot;D_RGF_1993&amp;quot;,SPHEROID[&amp;quot;GRS_1980&amp;quot;,6378137.0,298.257222101]],PRIMEM[&amp;quot;Greenwich&amp;quot;,0.0],UNIT[&amp;quot;Degree&amp;quot;,0.0174532925199433]],PROJECTION[&amp;quot;Lambert_Conformal_Conic&amp;quot;],PARAMETER[&amp;quot;False_Easting&amp;quot;,700000.0],PARAMETER[&amp;quot;False_Northing&amp;quot;,6600000.0],PARAMETER[&amp;quot;Central_Meridian&amp;quot;,3.0],PARAMETER[&amp;quot;Standard_Parallel_1&amp;quot;,44.0],PARAMETER[&amp;quot;Standard_Parallel_2&amp;quot;,49.0],PARAMETER[&amp;quot;Latitude_Of_Origin&amp;quot;,46.5],UNIT[&amp;quot;Meter&amp;quot;,1.0],AUTHORITY[&amp;quot;EPSG&amp;quot;,2154]]&lt;/WKT&gt;&lt;XOrigin&gt;-35597500&lt;/XOrigin&gt;&lt;YOrigin&gt;-23641900&lt;/YOrigin&gt;&lt;XYScale&gt;124074650.52332792&lt;/XYScale&gt;&lt;ZOrigin&gt;-100000&lt;/ZOrigin&gt;&lt;ZScale&gt;10000&lt;/ZScale&gt;&lt;MOrigin&gt;-100000&lt;/MOrigin&gt;&lt;MScale&gt;10000&lt;/MScale&gt;&lt;XYTolerance&gt;0.001&lt;/XYTolerance&gt;&lt;ZTolerance&gt;0.001&lt;/ZTolerance&gt;&lt;MTolerance&gt;0.001&lt;/MTolerance&gt;&lt;HighPrecision&gt;true&lt;/HighPrecision&gt;&lt;WKID&gt;102110&lt;/WKID&gt;&lt;LatestWKID&gt;2154&lt;/LatestWKID&gt;&lt;/ProjectedCoordinateSystem&gt;</peXml></coordRef><copyHistory><copy source="D:\HDD_D\projet\znieff\mise_a_jour\diffusion\basedetravail\znieff1" dest="\\EGB308LEF\D$\HDD_D\projet\znieff\mise_a_jour\diffusion\basedetravail\2201_2015\format\shp\znieff1" date="20150206" time="09405000"></copy></copyHistory></DataProperties><SyncDate>20140916</SyncDate><SyncTime>11000200</SyncTime><ModDate>20140916</ModDate><ModTime>11000200</ModTime></Esri><dataIdInfo><envirDesc Sync="TRUE">Microsoft Windows 7 Version 6.1 (Build 7601) Service Pack 1; Esri ArcGIS 10.2.2.3552</envirDesc><dataLang><languageCode value="fra" Sync="TRUE"></languageCode><countryCode value="FRA" Sync="TRUE"></countryCode></dataLang><idCitation><resTitle Sync="TRUE">znieff1</resTitle><presForm><PresFormCd value="005" Sync="TRUE"></PresFormCd></presForm></idCitation><spatRpType><SpatRepTypCd value="001" Sync="TRUE"></SpatRepTypCd></spatRpType></dataIdInfo><mdLang><languageCode value="fra" Sync="TRUE"></languageCode><countryCode value="FRA" Sync="TRUE"></countryCode></mdLang><mdChar><CharSetCd value="004" Sync="TRUE"></CharSetCd></mdChar><distInfo><distFormat><formatName Sync="TRUE">Fichier de formes</formatName></distFormat><distTranOps><transSize Sync="TRUE">0.000</transSize></distTranOps></distInfo><mdHrLv><ScopeCd value="005" Sync="TRUE"></ScopeCd></mdHrLv><mdHrLvName Sync="TRUE">dataset</mdHrLvName><refSysInfo><RefSystem><refSysID><identCode code="2154" Sync="TRUE"></identCode><idCodeSpace Sync="TRUE">EPSG</idCodeSpace><idVersion Sync="TRUE">8.2.6</idVersion></refSysID></RefSystem></refSysInfo><spatRepInfo><VectSpatRep><geometObjs Name="znieff1"><geoObjTyp><GeoObjTypCd value="002" Sync="TRUE"></GeoObjTypCd></geoObjTyp><geoObjCnt Sync="TRUE">0</geoObjCnt></geometObjs><topLvl><TopoLevCd value="001" Sync="TRUE"></TopoLevCd></topLvl></VectSpatRep></spatRepInfo><spdoinfo><ptvctinf><esriterm Name="znieff1"><efeatyp Sync="TRUE">Simple</efeatyp><efeageom code="4" Sync="TRUE"></efeageom><esritopo Sync="TRUE">FALSE</esritopo><efeacnt Sync="TRUE">0</efeacnt><spindex Sync="TRUE">FALSE</spindex><linrefer Sync="TRUE">FALSE</linrefer></esriterm></ptvctinf></spdoinfo><eainfo><detailed Name="znieff1"><enttyp><enttypl Sync="TRUE">znieff1</enttypl><enttypt Sync="TRUE">Feature Class</enttypt><enttypc Sync="TRUE">0</enttypc></enttyp><attr><attrlabl Sync="TRUE">FID</attrlabl><attalias Sync="TRUE">FID</attalias><attrtype Sync="TRUE">OID</attrtype><attwidth Sync="TRUE">4</attwidth><atprecis Sync="TRUE">0</atprecis><attscale Sync="TRUE">0</attscale><attrdef Sync="TRUE">Internal feature number.</attrdef><attrdefs Sync="TRUE">Esri</attrdefs><attrdomv><udom Sync="TRUE">Sequential unique whole numbers that are automatically generated.</udom></attrdomv></attr><attr><attrlabl Sync="TRUE">Shape</attrlabl><attalias Sync="TRUE">Shape</attalias><attrtype Sync="TRUE">Geometry</attrtype><attwidth Sync="TRUE">0</attwidth><atprecis Sync="TRUE">0</atprecis><attscale Sync="TRUE">0</attscale><attrdef Sync="TRUE">Feature geometry.</attrdef><attrdefs Sync="TRUE">Esri</attrdefs><attrdomv><udom Sync="TRUE">Coordinates defining the features.</udom></attrdomv></attr><attr><attrlabl Sync="TRUE">ID_MNHN</attrlabl><attalias Sync="TRUE">ID_MNHN</attalias><attrtype Sync="TRUE">String</attrtype><attwidth Sync="TRUE">9</attwidth><atprecis Sync="TRUE">0</atprecis><attscale Sync="TRUE">0</attscale></attr><attr><attrlabl Sync="TRUE">ID_ORG</attrlabl><attalias Sync="TRUE">ID_ORG</attalias><attrtype Sync="TRUE">String</attrtype><attwidth Sync="TRUE">15</attwidth><atprecis Sync="TRUE">0</atprecis><attscale Sync="TRUE">0</attscale></attr><attr><attrlabl Sync="TRUE">NOM</attrlabl><attalias Sync="TRUE">NOM</attalias><attrtype Sync="TRUE">String</attrtype><attwidth Sync="TRUE">160</attwidth><atprecis Sync="TRUE">0</atprecis><attscale Sync="TRUE">0</attscale></attr><attr><attrlabl Sync="TRUE">GENERATION</attrlabl><attalias Sync="TRUE">GENERATION</attalias><attrtype Sync="TRUE">SmallInteger</attrtype><attwidth Sync="TRUE">4</attwidth><atprecis Sync="TRUE">4</atprecis><attscale Sync="TRUE">0</attscale></attr><attr><attrlabl Sync="TRUE">ID_zni1</attrlabl><attalias Sync="TRUE">ID_zni1</attalias><attrtype Sync="TRUE">String</attrtype><attwidth Sync="TRUE">15</attwidth><atprecis Sync="TRUE">0</atprecis><attscale Sync="TRUE">0</attscale></attr><attr><attrlabl Sync="TRUE">Shape_Leng</attrlabl><attalias Sync="TRUE">Shape_Leng</attalias><attrtype Sync="TRUE">Double</attrtype><attwidth Sync="TRUE">19</attwidth><atprecis Sync="TRUE">0</atprecis><attscale Sync="TRUE">0</attscale></attr><attr><attrlabl Sync="TRUE">Shape_Area</attrlabl><attalias Sync="TRUE">Shape_Area</attalias><attrtype Sync="TRUE">Double</attrtype><attwidth Sync="TRUE">19</attwidth><atprecis Sync="TRUE">0</atprecis><attscale Sync="TRUE">0</attscale><attrdef Sync="TRUE">Area of feature in internal units squared.</attrdef><attrdefs Sync="TRUE">Esri</attrdefs><attrdomv><udom Sync="TRUE">Positive real numbers that are automatically generated.</udom></attrdomv></attr></detailed></eainfo><mdDateSt Sync="TRUE">20140916</mdDateSt></metadata>
