<?xml version="1.0" encoding="UTF-8"?>
<metadata xml:lang="fr"><Esri><CreaDate>20160303</CreaDate><CreaTime>14493900</CreaTime><ArcGISFormat>1.0</ArcGISFormat><SyncOnce>TRUE</SyncOnce><DataProperties><itemProps><itemLocation><linkage Sync="TRUE">file://\\EGB308SEB\E$\Documents\CChanet\EP\ARCHIVES_MAJ\MAJ_201603\RB\rb2016_03\N_ENP_ACTE_PN_000</linkage><protocol Sync="TRUE">Local Area Network</protocol></itemLocation></itemProps><copyHistory><copy source="E:\Documents\CChanet\EP\ARCHIVES_MAJ\MAJ_201603\PN\pn2016_03\N_ENP_ACTE_PN_000" dest="\\EGB308SEB\E$\Documents\CChanet\EP\ARCHIVES_MAJ\MAJ_201603\RB\rb2016_03\N_ENP_ACTE_PN_000" date="20160303" time="14493900"></copy></copyHistory></DataProperties></Esri></metadata>
