<?xml version="1.0" encoding="UTF-8"?>
<metadata xml:lang="fr"><Esri><CreaDate>20160303</CreaDate><CreaTime>14484100</CreaTime><ArcGISFormat>1.0</ArcGISFormat><SyncOnce>TRUE</SyncOnce><DataProperties><lineage><Process ToolSource="C:\Program Files\ArcGIS\Desktop10.0\ArcToolbox\Toolboxes\Data Management Tools.tbx\CalculateField" Date="20160121" Time="164900">CalculateField RBvsINPN ID_MNHN [ID_SPN] VB #</Process><Process ToolSource="C:\Program Files\ArcGIS\Desktop10.0\ArcToolbox\Toolboxes\Data Management Tools.tbx\CalculateField" Date="20160121" Time="164935">CalculateField RBvsINPN CODE_R_ENP [CCOD_TRB] VB #</Process><Process ToolSource="C:\Program Files\ArcGIS\Desktop10.0\ArcToolbox\Toolboxes\Data Management Tools.tbx\CalculateField" Date="20160121" Time="165004">CalculateField RBvsINPN SURF_OFF [QSRET_RB] VB #</Process><Process ToolSource="C:\Program Files\ArcGIS\Desktop10.0\ArcToolbox\Toolboxes\Data Management Tools.tbx\CalculateField" Date="20160121" Time="165036">CalculateField RBvsINPN DATE_CREA [YARR_RB] VB #</Process><Process ToolSource="C:\Program Files\ArcGIS\Desktop10.0\ArcToolbox\Toolboxes\Data Management Tools.tbx\CalculateField" Date="20160121" Time="165135">CalculateField RBvsINPN MODIF_ADM [YARM_RB] VB #</Process><Process ToolSource="C:\Program Files\ArcGIS\Desktop10.0\ArcToolbox\Toolboxes\Data Management Tools.tbx\CalculateField" Date="20160121" Time="165455">CalculateField RBvsINPN MODIF_GEO "[YMAJ_RB] " VB #</Process><Process ToolSource="C:\Program Files\ArcGIS\Desktop10.0\ArcToolbox\Toolboxes\Data Management Tools.tbx\CalculateField" Date="20160121" Time="170104">CalculateField RBvsINPN ID_LOCAL [CCOD_RB] VB #</Process><Process ToolSource="C:\Program Files\ArcGIS\Desktop10.0\ArcToolbox\Toolboxes\Data Management Tools.tbx\CalculateField" Date="20160121" Time="170126">CalculateField RBvsINPN NOM_SITE [LLIB_RB] VB #</Process><Process ToolSource="C:\Program Files\ArcGIS\Desktop10.0\ArcToolbox\Toolboxes\Data Management Tools.tbx\CalculateField" Date="20160121" Time="170227">CalculateField RBvsINPN MIXTE "T" VB #</Process><Process ToolSource="C:\Program Files\ArcGIS\Desktop10.0\ArcToolbox\Toolboxes\Data Management Tools.tbx\CalculateField" Date="20160121" Time="171050">CalculateField RBvsINPN ID_MNHN "FR2300200" VB #</Process><Process ToolSource="C:\Program Files\ArcGIS\Desktop10.0\ArcToolbox\Toolboxes\Data Management Tools.tbx\DeleteField" Date="20160121" Time="181457">DeleteField RB_pub2INPN FID_2;CCOD_RB;CCOD_REG;CCOD_STRB;CCOD_TRB;LLIB_RB;QSRET_RB;ID_SPN;CCOD_SRB;YARR_RB;YARM_RB;YMAJ_RB;CCOD_MDPR;CCOD_MDSR;QSFSIG_RBG;QPRM_RBG;YAMCNPN_RB;YACCNPN_RB;ORIG_FID;Distance</Process><Process ToolSource="c:\program files (x86)\arcgis\desktop10.2\ArcToolbox\Toolboxes\Data Management Tools.tbx\CalculateField" Date="20160303" Time="101813">CalculateField RB_pub2INPN ID_MNHN Replace( [ID_MNHN], FR25, FR23 ) VB #</Process><Process ToolSource="c:\program files (x86)\arcgis\desktop10.2\ArcToolbox\Toolboxes\Data Management Tools.tbx\Append" Date="20160303" Time="130338">Append rb RB_pub2INPN NO_TEST "FID_1 "FID_1" true false false 9 Long 0 9 ,First,#;ID_LOCAL "ID_LOCAL" true false false 15 Text 0 0 ,First,#;ID_MNHN "ID_MNHN" true false false 30 Text 0 0 ,First,#,rb,ID_MNHN,-1,-1;CODE_R_ENP "CODE_R_ENP" true false false 5 Text 0 0 ,First,#;NOM_SITE "NOM_SITE" true false false 254 Text 0 0 ,First,#;MIXTE "MIXTE" true false false 1 Text 0 0 ,First,#,rb,MIXTE,-1,-1;URL_FICHE "URL_FICHE" true false false 254 Text 0 0 ,First,#;SURF_OFF "SURF_OFF" true false false 24 Text 0 0 ,First,#;ACTE_DEB "ACTE_DEB" true false false 50 Text 0 0 ,First,#;ACTE_FIN "ACTE_FIN" true false false 50 Text 0 0 ,First,#;GEST_SITE "GEST_SITE" true false false 100 Text 0 0 ,First,#;OPERATEUR "OPERATEUR" true false false 50 Text 0 0 ,First,#;PRECISION "PRECISION" true false false 2 Text 0 0 ,First,#;SRC_GEOM "SRC_GEOM" true false false 100 Text 0 0 ,First,#;SRC_ANNEE "SRC_ANNEE" true false false 4 Text 0 0 ,First,#;MARIN "MARIN" true false false 1 Text 0 0 ,First,#;P1_NATURE "P1_NATURE" true false false 1 Text 0 0 ,First,#;P2_CULTURE "P2_CULTURE" true false false 1 Text 0 0 ,First,#;P3_PAYSAGE "P3_PAYSAGE" true false false 1 Text 0 0 ,First,#;P4_GEOLOGI "P4_GEOLOGI" true false false 1 Text 0 0 ,First,#;P5_SPELEO "P5_SPELEO" true false false 1 Text 0 0 ,First,#;P6_ARCHEO "P6_ARCHEO" true false false 1 Text 0 0 ,First,#;P7_PALEOB "P7_PALEOB" true false false 1 Text 0 0 ,First,#;P8_ANTHROP "P8_ANTHROP" true false false 1 Text 0 0 ,First,#;P9_SCIENCE "P9_SCIENCE" true false false 1 Text 0 0 ,First,#;P10_PUBLIC "P10_PUBLIC" true false false 1 Text 0 0 ,First,#;P11_DD "P11_DD" true false false 1 Text 0 0 ,First,#;P12_AUTRE "P12_AUTRE" true false false 1 Text 0 0 ,First,#;DATE_CREA "DATE_CREA" true true false 8 Date 0 0 ,First,#;MODIF_ADM "MODIF_ADM" true true false 8 Date 0 0 ,First,#;MODIF_GEO "MODIF_GEO" true true false 8 Date 0 0 ,First,#" #</Process><Process ToolSource="c:\program files (x86)\arcgis\desktop10.2\ArcToolbox\Toolboxes\Data Management Tools.tbx\Append" Date="20160303" Time="130525">Append rb RB_pub2INPN NO_TEST "FID_1 "FID_1" true false false 9 Long 0 9 ,First,#;ID_LOCAL "ID_LOCAL" true false false 15 Text 0 0 ,First,#;ID_MNHN "ID_MNHN" true false false 30 Text 0 0 ,First,#,rb,ID_MNHN,-1,-1;CODE_R_ENP "CODE_R_ENP" true false false 5 Text 0 0 ,First,#;NOM_SITE "NOM_SITE" true false false 254 Text 0 0 ,First,#;MIXTE "MIXTE" true false false 1 Text 0 0 ,First,#,rb,MIXTE,-1,-1;URL_FICHE "URL_FICHE" true false false 254 Text 0 0 ,First,#;SURF_OFF "SURF_OFF" true false false 24 Text 0 0 ,First,#;ACTE_DEB "ACTE_DEB" true false false 50 Text 0 0 ,First,#;ACTE_FIN "ACTE_FIN" true false false 50 Text 0 0 ,First,#;GEST_SITE "GEST_SITE" true false false 100 Text 0 0 ,First,#;OPERATEUR "OPERATEUR" true false false 50 Text 0 0 ,First,#;PRECISION "PRECISION" true false false 2 Text 0 0 ,First,#;SRC_GEOM "SRC_GEOM" true false false 100 Text 0 0 ,First,#;SRC_ANNEE "SRC_ANNEE" true false false 4 Text 0 0 ,First,#;MARIN "MARIN" true false false 1 Text 0 0 ,First,#;P1_NATURE "P1_NATURE" true false false 1 Text 0 0 ,First,#;P2_CULTURE "P2_CULTURE" true false false 1 Text 0 0 ,First,#;P3_PAYSAGE "P3_PAYSAGE" true false false 1 Text 0 0 ,First,#;P4_GEOLOGI "P4_GEOLOGI" true false false 1 Text 0 0 ,First,#;P5_SPELEO "P5_SPELEO" true false false 1 Text 0 0 ,First,#;P6_ARCHEO "P6_ARCHEO" true false false 1 Text 0 0 ,First,#;P7_PALEOB "P7_PALEOB" true false false 1 Text 0 0 ,First,#;P8_ANTHROP "P8_ANTHROP" true false false 1 Text 0 0 ,First,#;P9_SCIENCE "P9_SCIENCE" true false false 1 Text 0 0 ,First,#;P10_PUBLIC "P10_PUBLIC" true false false 1 Text 0 0 ,First,#;P11_DD "P11_DD" true false false 1 Text 0 0 ,First,#;P12_AUTRE "P12_AUTRE" true false false 1 Text 0 0 ,First,#;DATE_CREA "DATE_CREA" true true false 8 Date 0 0 ,First,#;MODIF_ADM "MODIF_ADM" true true false 8 Date 0 0 ,First,#;MODIF_GEO "MODIF_GEO" true true false 8 Date 0 0 ,First,#" #</Process><Process ToolSource="c:\program files (x86)\arcgis\desktop10.2\ArcToolbox\Toolboxes\Data Management Tools.tbx\CalculateField" Date="20160401" Time="095806">CalculateField N_ENP_RB_S_000 URL_FICHE ""http://inpn.mnhn.fr/espace/protege/"&amp; [ID_MNHN]" VB #</Process></lineage><itemProps><itemLocation><linkage Sync="TRUE">file://\\EGB308SEB\E$\Documents\CChanet\EP\ARCHIVES_MAJ\MAJ_201603\RB\rb2016_03\rb2016_03</linkage><protocol Sync="TRUE">Local Area Network</protocol></itemLocation></itemProps><copyHistory><copy source="E:\Documents\CChanet\EP\ARCHIVES_MAJ\MAJ_201603\RB\rb2016_03" dest="\\EGB308SEB\E$\Documents\CChanet\EP\ARCHIVES_MAJ\MAJ_201603\RB\rb2016_03\rb2016_03" date="20160303" time="14484100"></copy></copyHistory></DataProperties></Esri></metadata>
