<?xml version="1.0" encoding="UTF-8"?>
<metadata xml:lang="fr"><Esri><CreaDate>20151028</CreaDate><CreaTime>12153500</CreaTime><ArcGISFormat>1.0</ArcGISFormat><SyncOnce>FALSE</SyncOnce><DataProperties><itemProps><itemName Sync="TRUE">MAB</itemName><imsContentType Sync="TRUE">002</imsContentType><itemLocation><linkage Sync="TRUE">file://\\EGB308WL01\D$\Desktop\MONTAGNE\Travail\MAJ_OCTOBRE2015\ORACLE\MAB.shp</linkage><protocol Sync="TRUE">Local Area Network</protocol></itemLocation><nativeExtBox><westBL Sync="TRUE">94696.745800</westBL><eastBL Sync="TRUE">1187405.112200</eastBL><southBL Sync="TRUE">6152788.107300</southBL><northBL Sync="TRUE">7084627.479500</northBL><exTypeCode Sync="TRUE">1</exTypeCode></nativeExtBox><itemSize Sync="TRUE">7.349</itemSize></itemProps><coordRef><type Sync="TRUE">Projected</type><geogcsn Sync="TRUE">GCS_RGF_1993</geogcsn><csUnits Sync="TRUE">Linear Unit: Meter (1.000000)</csUnits><projcsn Sync="TRUE">RGF_1993_Lambert_93</projcsn><peXml Sync="TRUE">&lt;ProjectedCoordinateSystem xsi:type='typens:ProjectedCoordinateSystem' xmlns:xsi='http://www.w3.org/2001/XMLSchema-instance' xmlns:xs='http://www.w3.org/2001/XMLSchema' xmlns:typens='http://www.esri.com/schemas/ArcGIS/10.1'&gt;&lt;WKT&gt;PROJCS[&amp;quot;RGF_1993_Lambert_93&amp;quot;,GEOGCS[&amp;quot;GCS_RGF_1993&amp;quot;,DATUM[&amp;quot;D_RGF_1993&amp;quot;,SPHEROID[&amp;quot;GRS_1980&amp;quot;,6378137.0,298.257222101]],PRIMEM[&amp;quot;Greenwich&amp;quot;,0.0],UNIT[&amp;quot;Degree&amp;quot;,0.0174532925199433]],PROJECTION[&amp;quot;Lambert_Conformal_Conic&amp;quot;],PARAMETER[&amp;quot;False_Easting&amp;quot;,700000.0],PARAMETER[&amp;quot;False_Northing&amp;quot;,6600000.0],PARAMETER[&amp;quot;Central_Meridian&amp;quot;,3.0],PARAMETER[&amp;quot;Standard_Parallel_1&amp;quot;,44.0],PARAMETER[&amp;quot;Standard_Parallel_2&amp;quot;,49.0],PARAMETER[&amp;quot;Latitude_Of_Origin&amp;quot;,46.5],UNIT[&amp;quot;Meter&amp;quot;,1.0],AUTHORITY[&amp;quot;EPSG&amp;quot;,2154]]&lt;/WKT&gt;&lt;XOrigin&gt;-35597500&lt;/XOrigin&gt;&lt;YOrigin&gt;-23641900&lt;/YOrigin&gt;&lt;XYScale&gt;124074650.52332792&lt;/XYScale&gt;&lt;ZOrigin&gt;-100000&lt;/ZOrigin&gt;&lt;ZScale&gt;10000&lt;/ZScale&gt;&lt;MOrigin&gt;-100000&lt;/MOrigin&gt;&lt;MScale&gt;10000&lt;/MScale&gt;&lt;XYTolerance&gt;0.001&lt;/XYTolerance&gt;&lt;ZTolerance&gt;0.001&lt;/ZTolerance&gt;&lt;MTolerance&gt;0.001&lt;/MTolerance&gt;&lt;HighPrecision&gt;true&lt;/HighPrecision&gt;&lt;WKID&gt;102110&lt;/WKID&gt;&lt;LatestWKID&gt;2154&lt;/LatestWKID&gt;&lt;/ProjectedCoordinateSystem&gt;</peXml></coordRef><lineage><Process ToolSource="c:\program files (x86)\arcgis\desktop10.2\ArcToolbox\Toolboxes\Conversion Tools.tbx\FeatureClassToFeatureClass" Date="20151028" Time="110325">FeatureClassToFeatureClass MAB_EC4 d:\Desktop\MONTAGNE\Travail\2015_ec\APB.mdb\MAB MAB5 # "ID_MNHN "ID_MNHN" true true false 30 Text 0 0 ,First,#,MAB_EC4,ID_MNHN,-1,-1;Shape_Leng "Shape_Leng" true true false 19 Double 0 0 ,First,#,MAB_EC4,Shape_Leng,-1,-1;Shape_Area "Shape_Area" true true false 19 Double 0 0 ,First,#,MAB_EC4,Shape_Area,-1,-1;OBJECTID_1 "OBJECTID_1" true true false 9 Long 0 9 ,First,#,MAB_EC4,OBJECTID_1,-1,-1;ID_LOCAL "ID_LOCAL" true true false 15 Text 0 0 ,First,#,MAB_EC4,ID_LOCAL,-1,-1;ID_MNHN_1 "ID_MNHN_1" true true false 30 Text 0 0 ,First,#,MAB_EC4,ID_MNHN_1,-1,-1;NOM_SITE "NOM_SITE" true true false 254 Text 0 0 ,First,#,MAB_EC4,NOM_SITE,-1,-1;DATE_CREA "DATE_CREA" true true false 8 Date 0 0 ,First,#,MAB_EC4,DATE_CREA,-1,-1;MODIF_ADM "MODIF_ADM" true true false 8 Date 0 0 ,First,#,MAB_EC4,MODIF_ADM,-1,-1;MODIF_GEO "MODIF_GEO" true true false 8 Date 0 0 ,First,#,MAB_EC4,MODIF_GEO,-1,-1;URL_FICHE "URL_FICHE" true true false 254 Text 0 0 ,First,#,MAB_EC4,URL_FICHE,-1,-1;SURF_OFF "SURF_OFF" true true false 19 Double 0 0 ,First,#,MAB_EC4,SURF_OFF,-1,-1;ACTE_DEB "ACTE_DEB" true true false 50 Text 0 0 ,First,#,MAB_EC4,ACTE_DEB,-1,-1;ACTE_FIN "ACTE_FIN" true true false 50 Text 0 0 ,First,#,MAB_EC4,ACTE_FIN,-1,-1;GEST_SITE "GEST_SITE" true true false 100 Text 0 0 ,First,#,MAB_EC4,GEST_SITE,-1,-1;OPERATEUR "OPERATEUR" true true false 50 Text 0 0 ,First,#,MAB_EC4,OPERATEUR,-1,-1;PRECISION_ "PRECISION_" true true false 2 Text 0 0 ,First,#,MAB_EC4,PRECISION_,-1,-1;SRC_GEOM "SRC_GEOM" true true false 100 Text 0 0 ,First,#,MAB_EC4,SRC_GEOM,-1,-1;SRC_ANNEE "SRC_ANNEE" true true false 4 Text 0 0 ,First,#,MAB_EC4,SRC_ANNEE,-1,-1;MARIN "MARIN" true true false 1 Text 0 0 ,First,#,MAB_EC4,MARIN,-1,-1;P1_NATURE "P1_NATURE" true true false 1 Text 0 0 ,First,#,MAB_EC4,P1_NATURE,-1,-1;P2_CULTURE "P2_CULTURE" true true false 1 Text 0 0 ,First,#,MAB_EC4,P2_CULTURE,-1,-1;P3_PAYSAGE "P3_PAYSAGE" true true false 1 Text 0 0 ,First,#,MAB_EC4,P3_PAYSAGE,-1,-1;P4_GEOLOGI "P4_GEOLOGI" true true false 1 Text 0 0 ,First,#,MAB_EC4,P4_GEOLOGI,-1,-1;P5_SPELEO "P5_SPELEO" true true false 1 Text 0 0 ,First,#,MAB_EC4,P5_SPELEO,-1,-1;P6_ARCHEO "P6_ARCHEO" true true false 1 Text 0 0 ,First,#,MAB_EC4,P6_ARCHEO,-1,-1;P7_PALEOB "P7_PALEOB" true true false 1 Text 0 0 ,First,#,MAB_EC4,P7_PALEOB,-1,-1;P8_ANTHROP "P8_ANTHROP" true true false 1 Text 0 0 ,First,#,MAB_EC4,P8_ANTHROP,-1,-1;P9_SCIENCE "P9_SCIENCE" true true false 1 Text 0 0 ,First,#,MAB_EC4,P9_SCIENCE,-1,-1;P10_PUBLIC "P10_PUBLIC" true true false 1 Text 0 0 ,First,#,MAB_EC4,P10_PUBLIC,-1,-1;P11_DD "P11_DD" true true false 1 Text 0 0 ,First,#,MAB_EC4,P11_DD,-1,-1;P12_AUTRE "P12_AUTRE" true true false 1 Text 0 0 ,First,#,MAB_EC4,P12_AUTRE,-1,-1;Shape_Le_1 "Shape_Le_1" true true false 19 Double 0 0 ,First,#,MAB_EC4,Shape_Le_1,-1,-1;Shape_Ar_1 "Shape_Ar_1" true true false 19 Double 0 0 ,First,#,MAB_EC4,Shape_Ar_1,-1,-1" #</Process><Process ToolSource="c:\program files (x86)\arcgis\desktop10.2\ArcToolbox\Toolboxes\Data Management Tools.tbx\RepairGeometry" Date="20151028" Time="110828">RepairGeometry MAB5 DELETE_NULL</Process><Process Name="Add Field" ToolSource="c:\program files (x86)\arcgis\desktop10.2\ArcToolbox\Toolboxes\Data Management Tools.tbx\AddField" Date="20151028" Time="121700">AddField MAB AREA_HA DOUBLE # # 3 # NULLABLE NON_REQUIRED #</Process><Process Name="Calculate Field" ToolSource="c:\program files (x86)\arcgis\desktop10.2\ArcToolbox\Toolboxes\Data Management Tools.tbx\CalculateField" Date="20151028" Time="121701">CalculateField MAB AREA_HA round(!shape.area@hectares!,4) PYTHON_9.3 #</Process><Process Name="Add Field (2)" ToolSource="c:\program files (x86)\arcgis\desktop10.2\ArcToolbox\Toolboxes\Data Management Tools.tbx\AddField" Date="20151028" Time="121701">AddField MAB REG TEXT # # 3 # NULLABLE NON_REQUIRED #</Process><Process Name="Add Field (5)" ToolSource="c:\program files (x86)\arcgis\desktop10.2\ArcToolbox\Toolboxes\Data Management Tools.tbx\AddField" Date="20151028" Time="121708">AddField MAB CD_SIG TEXT # # 21 # NULLABLE NON_REQUIRED #</Process><Process Name="Calculate Field (5)" ToolSource="c:\program files (x86)\arcgis\desktop10.2\ArcToolbox\Toolboxes\Data Management Tools.tbx\CalculateField" Date="20151028" Time="121708">CalculateField MAB CD_SIG "I056"&amp;[ID_MNHN] VB #</Process><Process Name="Add Field" ToolSource="c:\program files (x86)\arcgis\desktop10.2\ArcToolbox\Toolboxes\Data Management Tools.tbx\AddField" Date="20151028" Time="121708">AddField MAB X_PROJ LONG # # # # NULLABLE NON_REQUIRED #</Process><Process Name="Calculate Field" ToolSource="c:\program files (x86)\arcgis\desktop10.2\ArcToolbox\Toolboxes\Data Management Tools.tbx\CalculateField" Date="20151028" Time="121709">CalculateField MAB X_PROJ !shape.labelPoint.X! PYTHON_9.3 #</Process><Process Name="Add Field (2)" ToolSource="c:\program files (x86)\arcgis\desktop10.2\ArcToolbox\Toolboxes\Data Management Tools.tbx\AddField" Date="20151028" Time="121709">AddField MAB Y_PROJ LONG # # # # NULLABLE NON_REQUIRED #</Process><Process Name="Calculate Field (2)" ToolSource="c:\program files (x86)\arcgis\desktop10.2\ArcToolbox\Toolboxes\Data Management Tools.tbx\CalculateField" Date="20151028" Time="121710">CalculateField MAB Y_PROJ !shape.labelPoint.Y! PYTHON_9.3 #</Process><Process Name="Add Field (3)" ToolSource="c:\program files (x86)\arcgis\desktop10.2\ArcToolbox\Toolboxes\Data Management Tools.tbx\AddField" Date="20151028" Time="121710">AddField MAB PRECIS_X LONG # # # # NULLABLE NON_REQUIRED #</Process><Process Name="Calculate Field (3)" ToolSource="c:\program files (x86)\arcgis\desktop10.2\ArcToolbox\Toolboxes\Data Management Tools.tbx\CalculateField" Date="20151028" Time="121710">CalculateField MAB PRECIS_X (!shape.extent.XMax! - !shape.extent.XMin!)/2 PYTHON_9.3 #</Process><Process Name="Add Field (4)" ToolSource="c:\program files (x86)\arcgis\desktop10.2\ArcToolbox\Toolboxes\Data Management Tools.tbx\AddField" Date="20151028" Time="121710">AddField MAB PRECIS_Y LONG # # # # NULLABLE NON_REQUIRED #</Process><Process Name="Calculate Field (4)" ToolSource="c:\program files (x86)\arcgis\desktop10.2\ArcToolbox\Toolboxes\Data Management Tools.tbx\CalculateField" Date="20151028" Time="121710">CalculateField MAB PRECIS_Y (!shape.extent.YMax! - !shape.extent.YMin!)/2 PYTHON_9.3 #</Process></lineage></DataProperties><SyncDate>20151028</SyncDate><SyncTime>12155100</SyncTime><ModDate>20151028</ModDate><ModTime>12155100</ModTime></Esri><dataIdInfo><envirDesc Sync="TRUE">Microsoft Windows 7 Version 6.1 (Build 7601) Service Pack 1; Esri ArcGIS 10.2.2.3552</envirDesc><dataLang><languageCode value="fra" Sync="TRUE"></languageCode><countryCode value="FRA" Sync="TRUE"></countryCode></dataLang><idCitation><resTitle Sync="TRUE">MAB</resTitle><presForm><PresFormCd value="005" Sync="TRUE"></PresFormCd></presForm></idCitation><spatRpType><SpatRepTypCd value="001" Sync="TRUE"></SpatRepTypCd></spatRpType><dataExt><geoEle><GeoBndBox esriExtentType="search"><exTypeCode Sync="TRUE">1</exTypeCode><westBL Sync="TRUE">-5.545971</westBL><eastBL Sync="TRUE">9.890875</eastBL><northBL Sync="TRUE">50.857938</northBL><southBL Sync="TRUE">42.222290</southBL></GeoBndBox></geoEle></dataExt></dataIdInfo><mdLang><languageCode value="fra" Sync="TRUE"></languageCode><countryCode value="FRA" Sync="TRUE"></countryCode></mdLang><distInfo><distFormat><formatName Sync="TRUE">Fichier de formes</formatName></distFormat><distTranOps><transSize Sync="TRUE">7.349</transSize></distTranOps></distInfo><mdHrLv><ScopeCd value="005" Sync="TRUE"></ScopeCd></mdHrLv><mdHrLvName Sync="TRUE">dataset</mdHrLvName><refSysInfo><RefSystem><refSysID><identCode code="2154" Sync="TRUE"></identCode><idCodeSpace Sync="TRUE">EPSG</idCodeSpace><idVersion Sync="TRUE">8.2.6</idVersion></refSysID></RefSystem></refSysInfo><spatRepInfo><VectSpatRep><geometObjs Name="MAB"><geoObjTyp><GeoObjTypCd value="002" Sync="TRUE"></GeoObjTypCd></geoObjTyp><geoObjCnt Sync="TRUE">36</geoObjCnt></geometObjs><topLvl><TopoLevCd value="001" Sync="TRUE"></TopoLevCd></topLvl></VectSpatRep></spatRepInfo><spdoinfo><ptvctinf><esriterm Name="MAB"><efeatyp Sync="TRUE">Simple</efeatyp><efeageom code="4" Sync="TRUE"></efeageom><esritopo Sync="TRUE">FALSE</esritopo><efeacnt Sync="TRUE">36</efeacnt><spindex Sync="TRUE">TRUE</spindex><linrefer Sync="TRUE">FALSE</linrefer></esriterm></ptvctinf></spdoinfo><eainfo><detailed Name="MAB"><enttyp><enttypl Sync="TRUE">MAB</enttypl><enttypt Sync="TRUE">Feature Class</enttypt><enttypc Sync="TRUE">36</enttypc></enttyp><attr><attrlabl Sync="TRUE">FID</attrlabl><attalias Sync="TRUE">FID</attalias><attrtype Sync="TRUE">OID</attrtype><attwidth Sync="TRUE">4</attwidth><atprecis Sync="TRUE">0</atprecis><attscale Sync="TRUE">0</attscale><attrdef Sync="TRUE">Internal feature number.</attrdef><attrdefs Sync="TRUE">Esri</attrdefs><attrdomv><udom Sync="TRUE">Sequential unique whole numbers that are automatically generated.</udom></attrdomv></attr><attr><attrlabl Sync="TRUE">OBJECTID</attrlabl><attalias Sync="TRUE">OBJECTID</attalias><attrtype Sync="TRUE">Integer</attrtype><attwidth Sync="TRUE">9</attwidth><atprecis Sync="TRUE">9</atprecis><attscale Sync="TRUE">0</attscale><attrdef Sync="TRUE">Internal feature number.</attrdef><attrdefs Sync="TRUE">Esri</attrdefs><attrdomv><udom Sync="TRUE">Sequential unique whole numbers that are automatically generated.</udom></attrdomv></attr><attr><attrlabl Sync="TRUE">Shape</attrlabl><attalias Sync="TRUE">Shape</attalias><attrtype Sync="TRUE">Geometry</attrtype><attwidth Sync="TRUE">0</attwidth><atprecis Sync="TRUE">0</atprecis><attscale Sync="TRUE">0</attscale><attrdef Sync="TRUE">Feature geometry.</attrdef><attrdefs Sync="TRUE">Esri</attrdefs><attrdomv><udom Sync="TRUE">Coordinates defining the features.</udom></attrdomv></attr><attr><attrlabl Sync="TRUE">ID_MNHN</attrlabl><attalias Sync="TRUE">ID_MNHN</attalias><attrtype Sync="TRUE">String</attrtype><attwidth Sync="TRUE">30</attwidth><atprecis Sync="TRUE">0</atprecis><attscale Sync="TRUE">0</attscale></attr><attr><attrlabl Sync="TRUE">Shape_Leng</attrlabl><attalias Sync="TRUE">Shape_Leng</attalias><attrtype Sync="TRUE">Double</attrtype><attwidth Sync="TRUE">19</attwidth><atprecis Sync="TRUE">0</atprecis><attscale Sync="TRUE">0</attscale></attr><attr><attrlabl Sync="TRUE">ID_LOCAL</attrlabl><attalias Sync="TRUE">ID_LOCAL</attalias><attrtype Sync="TRUE">String</attrtype><attwidth Sync="TRUE">15</attwidth><atprecis Sync="TRUE">0</atprecis><attscale Sync="TRUE">0</attscale></attr><attr><attrlabl Sync="TRUE">NOM_SITE</attrlabl><attalias Sync="TRUE">NOM_SITE</attalias><attrtype Sync="TRUE">String</attrtype><attwidth Sync="TRUE">254</attwidth><atprecis Sync="TRUE">0</atprecis><attscale Sync="TRUE">0</attscale></attr><attr><attrlabl Sync="TRUE">DATE_CREA</attrlabl><attalias Sync="TRUE">DATE_CREA</attalias><attrtype Sync="TRUE">Date</attrtype><attwidth Sync="TRUE">8</attwidth><atprecis Sync="TRUE">0</atprecis><attscale Sync="TRUE">0</attscale></attr><attr><attrlabl Sync="TRUE">MODIF_ADM</attrlabl><attalias Sync="TRUE">MODIF_ADM</attalias><attrtype Sync="TRUE">Date</attrtype><attwidth Sync="TRUE">8</attwidth><atprecis Sync="TRUE">0</atprecis><attscale Sync="TRUE">0</attscale></attr><attr><attrlabl Sync="TRUE">MODIF_GEO</attrlabl><attalias Sync="TRUE">MODIF_GEO</attalias><attrtype Sync="TRUE">Date</attrtype><attwidth Sync="TRUE">8</attwidth><atprecis Sync="TRUE">0</atprecis><attscale Sync="TRUE">0</attscale></attr><attr><attrlabl Sync="TRUE">URL_FICHE</attrlabl><attalias Sync="TRUE">URL_FICHE</attalias><attrtype Sync="TRUE">String</attrtype><attwidth Sync="TRUE">254</attwidth><atprecis Sync="TRUE">0</atprecis><attscale Sync="TRUE">0</attscale></attr><attr><attrlabl Sync="TRUE">SURF_OFF</attrlabl><attalias Sync="TRUE">SURF_OFF</attalias><attrtype Sync="TRUE">Double</attrtype><attwidth Sync="TRUE">19</attwidth><atprecis Sync="TRUE">0</atprecis><attscale Sync="TRUE">0</attscale></attr><attr><attrlabl Sync="TRUE">ACTE_DEB</attrlabl><attalias Sync="TRUE">ACTE_DEB</attalias><attrtype Sync="TRUE">String</attrtype><attwidth Sync="TRUE">50</attwidth><atprecis Sync="TRUE">0</atprecis><attscale Sync="TRUE">0</attscale></attr><attr><attrlabl Sync="TRUE">ACTE_FIN</attrlabl><attalias Sync="TRUE">ACTE_FIN</attalias><attrtype Sync="TRUE">String</attrtype><attwidth Sync="TRUE">50</attwidth><atprecis Sync="TRUE">0</atprecis><attscale Sync="TRUE">0</attscale></attr><attr><attrlabl Sync="TRUE">GEST_SITE</attrlabl><attalias Sync="TRUE">GEST_SITE</attalias><attrtype Sync="TRUE">String</attrtype><attwidth Sync="TRUE">100</attwidth><atprecis Sync="TRUE">0</atprecis><attscale Sync="TRUE">0</attscale></attr><attr><attrlabl Sync="TRUE">OPERATEUR</attrlabl><attalias Sync="TRUE">OPERATEUR</attalias><attrtype Sync="TRUE">String</attrtype><attwidth Sync="TRUE">50</attwidth><atprecis Sync="TRUE">0</atprecis><attscale Sync="TRUE">0</attscale></attr><attr><attrlabl Sync="TRUE">PRECISION_</attrlabl><attalias Sync="TRUE">PRECISION_</attalias><attrtype Sync="TRUE">String</attrtype><attwidth Sync="TRUE">2</attwidth><atprecis Sync="TRUE">0</atprecis><attscale Sync="TRUE">0</attscale></attr><attr><attrlabl Sync="TRUE">SRC_GEOM</attrlabl><attalias Sync="TRUE">SRC_GEOM</attalias><attrtype Sync="TRUE">String</attrtype><attwidth Sync="TRUE">100</attwidth><atprecis Sync="TRUE">0</atprecis><attscale Sync="TRUE">0</attscale></attr><attr><attrlabl Sync="TRUE">SRC_ANNEE</attrlabl><attalias Sync="TRUE">SRC_ANNEE</attalias><attrtype Sync="TRUE">String</attrtype><attwidth Sync="TRUE">4</attwidth><atprecis Sync="TRUE">0</atprecis><attscale Sync="TRUE">0</attscale></attr><attr><attrlabl Sync="TRUE">MARIN</attrlabl><attalias Sync="TRUE">MARIN</attalias><attrtype Sync="TRUE">String</attrtype><attwidth Sync="TRUE">1</attwidth><atprecis Sync="TRUE">0</atprecis><attscale Sync="TRUE">0</attscale></attr><attr><attrlabl Sync="TRUE">P1_NATURE</attrlabl><attalias Sync="TRUE">P1_NATURE</attalias><attrtype Sync="TRUE">String</attrtype><attwidth Sync="TRUE">1</attwidth><atprecis Sync="TRUE">0</atprecis><attscale Sync="TRUE">0</attscale></attr><attr><attrlabl Sync="TRUE">P2_CULTURE</attrlabl><attalias Sync="TRUE">P2_CULTURE</attalias><attrtype Sync="TRUE">String</attrtype><attwidth Sync="TRUE">1</attwidth><atprecis Sync="TRUE">0</atprecis><attscale Sync="TRUE">0</attscale></attr><attr><attrlabl Sync="TRUE">P3_PAYSAGE</attrlabl><attalias Sync="TRUE">P3_PAYSAGE</attalias><attrtype Sync="TRUE">String</attrtype><attwidth Sync="TRUE">1</attwidth><atprecis Sync="TRUE">0</atprecis><attscale Sync="TRUE">0</attscale></attr><attr><attrlabl Sync="TRUE">P4_GEOLOGI</attrlabl><attalias Sync="TRUE">P4_GEOLOGI</attalias><attrtype Sync="TRUE">String</attrtype><attwidth Sync="TRUE">1</attwidth><atprecis Sync="TRUE">0</atprecis><attscale Sync="TRUE">0</attscale></attr><attr><attrlabl Sync="TRUE">P5_SPELEO</attrlabl><attalias Sync="TRUE">P5_SPELEO</attalias><attrtype Sync="TRUE">String</attrtype><attwidth Sync="TRUE">1</attwidth><atprecis Sync="TRUE">0</atprecis><attscale Sync="TRUE">0</attscale></attr><attr><attrlabl Sync="TRUE">P6_ARCHEO</attrlabl><attalias Sync="TRUE">P6_ARCHEO</attalias><attrtype Sync="TRUE">String</attrtype><attwidth Sync="TRUE">1</attwidth><atprecis Sync="TRUE">0</atprecis><attscale Sync="TRUE">0</attscale></attr><attr><attrlabl Sync="TRUE">P7_PALEOB</attrlabl><attalias Sync="TRUE">P7_PALEOB</attalias><attrtype Sync="TRUE">String</attrtype><attwidth Sync="TRUE">1</attwidth><atprecis Sync="TRUE">0</atprecis><attscale Sync="TRUE">0</attscale></attr><attr><attrlabl Sync="TRUE">P8_ANTHROP</attrlabl><attalias Sync="TRUE">P8_ANTHROP</attalias><attrtype Sync="TRUE">String</attrtype><attwidth Sync="TRUE">1</attwidth><atprecis Sync="TRUE">0</atprecis><attscale Sync="TRUE">0</attscale></attr><attr><attrlabl Sync="TRUE">P9_SCIENCE</attrlabl><attalias Sync="TRUE">P9_SCIENCE</attalias><attrtype Sync="TRUE">String</attrtype><attwidth Sync="TRUE">1</attwidth><atprecis Sync="TRUE">0</atprecis><attscale Sync="TRUE">0</attscale></attr><attr><attrlabl Sync="TRUE">P10_PUBLIC</attrlabl><attalias Sync="TRUE">P10_PUBLIC</attalias><attrtype Sync="TRUE">String</attrtype><attwidth Sync="TRUE">1</attwidth><atprecis Sync="TRUE">0</atprecis><attscale Sync="TRUE">0</attscale></attr><attr><attrlabl Sync="TRUE">P11_DD</attrlabl><attalias Sync="TRUE">P11_DD</attalias><attrtype Sync="TRUE">String</attrtype><attwidth Sync="TRUE">1</attwidth><atprecis Sync="TRUE">0</atprecis><attscale Sync="TRUE">0</attscale></attr><attr><attrlabl Sync="TRUE">P12_AUTRE</attrlabl><attalias Sync="TRUE">P12_AUTRE</attalias><attrtype Sync="TRUE">String</attrtype><attwidth Sync="TRUE">1</attwidth><atprecis Sync="TRUE">0</atprecis><attscale Sync="TRUE">0</attscale></attr><attr><attrlabl Sync="TRUE">Shape_Area</attrlabl><attalias Sync="TRUE">Shape_Area</attalias><attrtype Sync="TRUE">Double</attrtype><attwidth Sync="TRUE">19</attwidth><atprecis Sync="TRUE">0</atprecis><attscale Sync="TRUE">0</attscale><attrdef Sync="TRUE">Area of feature in internal units squared.</attrdef><attrdefs Sync="TRUE">Esri</attrdefs><attrdomv><udom Sync="TRUE">Positive real numbers that are automatically generated.</udom></attrdomv></attr></detailed></eainfo><mdDateSt Sync="TRUE">20151028</mdDateSt><mdChar><CharSetCd value="004" Sync="TRUE"></CharSetCd></mdChar></metadata>
