<?xml version="1.0" encoding="UTF-8"?>
<metadata xml:lang="fr"><Esri><CreaDate>20151102</CreaDate><CreaTime>10541500</CreaTime><ArcGISFormat>1.0</ArcGISFormat><SyncOnce>TRUE</SyncOnce><DataProperties><lineage><Process ToolSource="c:\program files (x86)\arcgis\desktop10.2\ArcToolbox\Toolboxes\Data Management Tools.tbx\CalculateField" Date="20151102" Time="105415">CalculateField N_ENP_ACTE_MAB_000 NOM_ACTE "Désignation réserve de biosphère" VB #</Process></lineage></DataProperties></Esri></metadata>
