<?xml version="1.0" encoding="UTF-8"?>
<metadata xml:lang="fr"><Esri><CreaDate>20160302</CreaDate><CreaTime>14472000</CreaTime><ArcGISFormat>1.0</ArcGISFormat><SyncOnce>TRUE</SyncOnce><DataProperties><itemProps><itemLocation><linkage Sync="TRUE">file://\\EGB308SEB\E$\Documents\CChanet\EP\ARCHIVES_MAJ\MAJ_201603\APB\apb2016_03\apb2016_03\N_ENP_RESEAU_000</linkage><protocol Sync="TRUE">Local Area Network</protocol></itemLocation></itemProps><copyHistory><copy source="E:\Documents\CChanet\EP\ARCHIVES_MAJ\MAJ_201603\APB\apb2016_03\N_ENP_RESEAU_000" dest="\\EGB308SEB\E$\Documents\CChanet\EP\ARCHIVES_MAJ\MAJ_201603\APB\apb2016_03\apb2016_03\N_ENP_RESEAU_000" date="20160302" time="14472000"></copy></copyHistory></DataProperties></Esri></metadata>
