<?xml version="1.0" encoding="UTF-8"?>
<metadata xml:lang="fr"><Esri><CreaDate>20160302</CreaDate><CreaTime>14471200</CreaTime><ArcGISFormat>1.0</ArcGISFormat><SyncOnce>TRUE</SyncOnce><DataProperties><itemProps><itemLocation><linkage Sync="TRUE">file://\\EGB308SEB\E$\Documents\CChanet\EP\ARCHIVES_MAJ\MAJ_201603\APB\apb2016_03\apb2016_03\N_ENP_ACTE_PN_000</linkage><protocol Sync="TRUE">Local Area Network</protocol></itemLocation></itemProps><copyHistory><copy source="E:\Documents\CChanet\EP\ARCHIVES_MAJ\MAJ_201603\PN\pn2016_03\N_ENP_ACTE_PN_000" dest="\\EGB308SEB\E$\Documents\CChanet\EP\ARCHIVES_MAJ\MAJ_201603\APB\apb2016_03\apb2016_03\N_ENP_ACTE_PN_000" date="20160302" time="14471200"></copy></copyHistory><lineage><Process ToolSource="c:\program files (x86)\arcgis\desktop10.2\ArcToolbox\Toolboxes\Data Management Tools.tbx\CalculateField" Date="20160302" Time="151420">CalculateField N_ENP_ACTE_APB_000 NOM_ACTE " " VB #</Process><Process ToolSource="c:\program files (x86)\arcgis\desktop10.2\ArcToolbox\Toolboxes\Data Management Tools.tbx\CalculateField" Date="20160302" Time="152540">CalculateField N_ENP_ACTE_APB_000 TYPE_ACTE "06" VB #</Process><Process ToolSource="c:\program files (x86)\arcgis\desktop10.2\ArcToolbox\Toolboxes\Data Management Tools.tbx\CalculateField" Date="20160302" Time="153808">CalculateField N_ENP_ACTE_APB_000 NOR " " VB #</Process><Process ToolSource="c:\program files (x86)\arcgis\desktop10.2\ArcToolbox\Toolboxes\Data Management Tools.tbx\CalculateField" Date="20160302" Time="153819">CalculateField N_ENP_ACTE_APB_000 URL_JO " " VB #</Process><Process ToolSource="c:\program files (x86)\arcgis\desktop10.2\ArcToolbox\Toolboxes\Data Management Tools.tbx\CalculateField" Date="20160302" Time="153822">CalculateField N_ENP_ACTE_APB_000 NOM_JO " " VB #</Process><Process ToolSource="c:\program files (x86)\arcgis\desktop10.2\ArcToolbox\Toolboxes\Data Management Tools.tbx\CalculateField" Date="20160302" Time="153831">CalculateField N_ENP_ACTE_APB_000 DATE_PUB " " VB #</Process><Process ToolSource="c:\program files (x86)\arcgis\desktop10.2\ArcToolbox\Toolboxes\Data Management Tools.tbx\CalculateField" Date="20160302" Time="153840">CalculateField N_ENP_ACTE_APB_000 DATE_PUB null VB #</Process></lineage></DataProperties></Esri></metadata>
