<?xml version="1.0" encoding="UTF-8"?>
<metadata xml:lang="fr"><Esri><CreaDate>20160401</CreaDate><CreaTime>15270200</CreaTime><ArcGISFormat>1.0</ArcGISFormat><ArcGISstyle>INSPIRE Metadata Directive</ArcGISstyle><SyncOnce>TRUE</SyncOnce><DataProperties><lineage><Process ToolSource="c:\program files (x86)\arcgis\desktop10.3\ArcToolbox\Toolboxes\Data Management Tools.tbx\Append" Date="20160401" Time="152702">Append l_znieff2mer_s_r28_inpn znieff2_mer NO_TEST "ID_MNHN "ID_MNHN" true false false 20 Text 0 0 ,First,#,l_znieff2mer_s_r28_inpn,ID_MNHN,-1,-1;ID_ORG "ID_ORG" true false false 20 Text 0 0 ,First,#,l_znieff2mer_s_r28_inpn,ID_ORG,-1,-1;NOM "NOM" true false false 250 Text 0 0 ,First,#,l_znieff2mer_s_r28_inpn,NOM,-1,-1;GENERATION "GENERATION" true false false 4 Short 0 4 ,First,#,l_znieff2mer_s_r28_inpn,GENERATION,-1,-1" #</Process><Process ToolSource="c:\program files (x86)\arcgis\desktop10.3\ArcToolbox\Toolboxes\Data Management Tools.tbx\CalculateField" Date="20160406" Time="122559">CalculateField znieff2_mer NOM !ID_MNHN!.title() PYTHON_9.3 #</Process><Process ToolSource="c:\program files (x86)\arcgis\desktop10.3\ArcToolbox\Toolboxes\Data Management Tools.tbx\CalculateField" Date="20160406" Time="122643">CalculateField znieff2_mer NOM !NOM!.title() PYTHON_9.3 #</Process><Process ToolSource="c:\program files (x86)\arcgis\desktop10.3\ArcToolbox\Toolboxes\Data Management Tools.tbx\RepairGeometry" Date="20160406" Time="123438">RepairGeometry znieff2_mer DELETE_NULL</Process><Process ToolSource="c:\program files (x86)\arcgis\desktop10.3\ArcToolbox\Toolboxes\Data Management Tools.tbx\AddField" Date="20160406" Time="123438">AddField znieff2_mer CD_SIG TEXT # # 21 # NULLABLE NON_REQUIRED #</Process><Process ToolSource="c:\program files (x86)\arcgis\desktop10.3\ArcToolbox\Toolboxes\Data Management Tools.tbx\CalculateField" Date="20160406" Time="123438">CalculateField znieff2_mer CD_SIG 'I032G'+str(!GENERATION!)+!ID_MNHN! PYTHON_9.3 #</Process><Process ToolSource="c:\program files (x86)\arcgis\desktop10.3\ArcToolbox\Toolboxes\Data Management Tools.tbx\AddField" Date="20160406" Time="123438">AddField znieff2_mer X_PROJ DOUBLE 10 0 # # NULLABLE NON_REQUIRED #</Process><Process ToolSource="c:\program files (x86)\arcgis\desktop10.3\ArcToolbox\Toolboxes\Data Management Tools.tbx\CalculateField" Date="20160406" Time="123439">CalculateField znieff2_mer X_PROJ !shape.labelPoint.X! PYTHON_9.3 #</Process><Process ToolSource="c:\program files (x86)\arcgis\desktop10.3\ArcToolbox\Toolboxes\Data Management Tools.tbx\CalculateField" Date="20160406" Time="123439">CalculateField znieff2_mer X_PROJ "round (!X_PROJ!,0)" PYTHON_9.3 #</Process><Process ToolSource="c:\program files (x86)\arcgis\desktop10.3\ArcToolbox\Toolboxes\Data Management Tools.tbx\AddField" Date="20160406" Time="123439">AddField znieff2_mer Y_PROJ DOUBLE 10 0 # # NULLABLE NON_REQUIRED #</Process><Process ToolSource="c:\program files (x86)\arcgis\desktop10.3\ArcToolbox\Toolboxes\Data Management Tools.tbx\CalculateField" Date="20160406" Time="123439">CalculateField znieff2_mer Y_PROJ !shape.labelPoint.Y! PYTHON_9.3 #</Process><Process ToolSource="c:\program files (x86)\arcgis\desktop10.3\ArcToolbox\Toolboxes\Data Management Tools.tbx\CalculateField" Date="20160406" Time="123439">CalculateField znieff2_mer Y_PROJ "round (!Y_PROJ!,0)" PYTHON_9.3 #</Process><Process ToolSource="c:\program files (x86)\arcgis\desktop10.3\ArcToolbox\Toolboxes\Data Management Tools.tbx\AddField" Date="20160406" Time="123439">AddField znieff2_mer PRECIS_X DOUBLE 10 0 # # NULLABLE NON_REQUIRED #</Process><Process ToolSource="c:\program files (x86)\arcgis\desktop10.3\ArcToolbox\Toolboxes\Data Management Tools.tbx\CalculateField" Date="20160406" Time="123440">CalculateField znieff2_mer PRECIS_X "!shape.extent.XMax! - !shape.extent.XMin!" PYTHON_9.3 #</Process><Process ToolSource="c:\program files (x86)\arcgis\desktop10.3\ArcToolbox\Toolboxes\Data Management Tools.tbx\CalculateField" Date="20160406" Time="123440">CalculateField znieff2_mer PRECIS_X "round (!PRECIS_X!,0)" PYTHON_9.3 #</Process><Process ToolSource="c:\program files (x86)\arcgis\desktop10.3\ArcToolbox\Toolboxes\Data Management Tools.tbx\AddField" Date="20160406" Time="123440">AddField znieff2_mer PRECIS_Y DOUBLE 10 0 # # NULLABLE NON_REQUIRED #</Process><Process ToolSource="c:\program files (x86)\arcgis\desktop10.3\ArcToolbox\Toolboxes\Data Management Tools.tbx\CalculateField" Date="20160406" Time="123440">CalculateField znieff2_mer PRECIS_Y "!shape.extent.YMax! - !shape.extent.YMin!" PYTHON_9.3 #</Process><Process ToolSource="c:\program files (x86)\arcgis\desktop10.3\ArcToolbox\Toolboxes\Data Management Tools.tbx\CalculateField" Date="20160406" Time="123440">CalculateField znieff2_mer PRECIS_Y "round (!PRECIS_Y!,0)" PYTHON_9.3 #</Process><Process ToolSource="c:\program files (x86)\arcgis\desktop10.3\ArcToolbox\Toolboxes\Data Management Tools.tbx\AddField" Date="20160406" Time="123440">AddField znieff2_mer SUPERFICIE DOUBLE 12 2 # # NULLABLE NON_REQUIRED #</Process><Process ToolSource="c:\program files (x86)\arcgis\desktop10.3\ArcToolbox\Toolboxes\Data Management Tools.tbx\CalculateField" Date="20160406" Time="123441">CalculateField znieff2_mer SUPERFICIE !shape.area@hectares! PYTHON_9.3 #</Process><Process ToolSource="c:\program files (x86)\arcgis\desktop10.3\ArcToolbox\Toolboxes\Data Management Tools.tbx\AddSpatialIndex" Date="20160419" Time="143204">AddSpatialIndex znieff2_mer 0 0 0</Process><Process ToolSource="c:\program files (x86)\arcgis\desktop10.3\ArcToolbox\Toolboxes\Data Management Tools.tbx\CalculateField" Date="20160526" Time="153352">CalculateField znieff2_mer NOM !NOM!.capitalize() PYTHON_9.3 #</Process><Process ToolSource="c:\program files (x86)\arcgis\desktop10.3\ArcToolbox\Toolboxes\Data Management Tools.tbx\DeleteField" Date="20160526" Time="155140">DeleteField znieff2_mer CD_SIG;X_PROJ;Y_PROJ;PRECIS_X;PRECIS_Y;SUPERFICIE</Process></lineage></DataProperties></Esri></metadata>
