SET statement_timeout = 0;
SET lock_timeout = 0;
SET client_encoding = 'UTF8';
SET standard_conforming_strings = on;
SET check_function_bodies = false;
SET client_min_messages = warning;

---------
--DATAS--
---------

-- utilisateurs et permissions

-- Ajout d'un utiliseur 'socle 1' avec l'id 10
DELETE FROM utilisateurs.t_roles WHERE id_role=10;
INSERT INTO utilisateurs.t_roles(id_role, groupe, nom_role) VALUES
(10, TRUE, 'groupe_socle_1');

-- ajout d'un utilisateur pour le test des permissions
DELETE FROM utilisateurs.t_roles WHERE id_role=15;
INSERT INTO utilisateurs.t_roles(id_role, groupe, nom_role) VALUES
(15, FALSE, 'test_gn_permissions');

-- ajout d'un utilisateur au CRUVED R2 dans l'organisme 1
DELETE FROM utilisateurs.t_roles WHERE id_role=16;
INSERT INTO utilisateurs.t_roles(id_role, groupe, nom_role, identifiant, id_organisme) VALUES
(16, FALSE, 'test_cruved_r2', 'test_cruved_r2', 1);


-- set mdp="admin" pour tous les utilisateurs utilisé dans les test
UPDATE utilisateurs.t_roles SET pass_plus = '$2y$13$TMuRXgvIg6/aAez0lXLLFu0lyPk4m8N55NDhvLoUHh/Ar3rFzjFT.' WHERE id_role IN (2,3,16);


-- Ajout dans cor_rol_app_profil pour qu'il puisse se connecter
INSERT INTO utilisateurs.cor_role_app_profil VALUES
  (1,3,1),
  (2,3,1),
  (3,3,1),
  (7,3,1),
  (9,3,1),
  (16,3,1)
;


-- Reset original privileges
INSERT INTO gn_permissions.cor_role_action_filter_module_object
    (
    id_role,
    id_action,
    id_filter,
    id_module,
    id_object
    )
VALUES
    -- Groupe Admin
    (9, 1, 4, 0, 1),
    (9, 2, 4, 0, 1),
    (9, 3, 4, 0, 1),
    (9, 4, 4, 0, 1),
    (9, 5, 4, 0, 1),
    (9, 6, 4, 0, 1),
    --Validateur général sur tout GeoNature
    (5, 4, 4, 0, 1 ),
    --CRUVED du groupe en poste (id=7) sur tout GeoNature 
    (7, 1, 4, 0, 1),
    (7, 2, 3, 0, 1),
    (7, 3, 2, 0, 1),
    (7, 4, 1, 0, 1),
    (7, 5, 3, 0, 1),
    (7, 6, 2, 0, 1),
    -- Groupe admin a tous les droit dans METADATA
    (9, 1, 4, 2, 1),
    (9, 2, 4, 2, 1),
    (9, 3, 4, 2, 1),
    (9, 4, 4, 2, 1),
    (9, 5, 4, 2, 1),
    (9, 6, 4, 2, 1),
    -- Groupe en poste acces limité a dans METADATA
    (7, 1, 1, 2, 1),
    (7, 2, 3, 2, 1),
    (7, 3, 1, 2, 1),
    (7, 4, 1, 2, 1),
    (7, 5, 3, 2, 1),
    (7, 6, 1, 2, 1),
    -- Groupe en poste, n'a pas accès à l'admin
    (7, 1, 1, 1, 1),
    (7, 2, 1, 1, 1),
    (7, 3, 1, 1, 1),
    (7, 4, 1, 1, 1),
    (7, 5, 1, 1, 1),
    (7, 6, 1, 1, 1),
    -- Groupe en admin a tous les droits sur l'admin
    (9, 1, 4, 1, 1),
    (9, 2, 4, 1, 1),
    (9, 3, 4, 1, 1),
    (9, 4, 4, 1, 1),
    (9, 5, 4, 1, 1),
    (9, 6, 4, 1, 1),
    -- Groupe ADMIN peut gérer les permissions depuis le backoffice
    (9, 1, 4, 1, 2),
    (9, 2, 4, 1, 2),
    (9, 3, 4, 1, 2),
    (9, 4, 4, 1, 2),
    (9, 5, 4, 1, 2),
    (9, 6, 4, 1, 2),
    -- Groupe ADMIN peut gérer les nomenclatures depuis le backoffice
    (9, 1, 4, 1, 3),
    (9, 2, 4, 1, 3),
    (9, 3, 4, 1, 3),
    (9, 4, 4, 1, 3),
    (9, 5, 4, 1, 3),
    (9, 6, 4, 1, 3),
    -- partenaire peut lire sur geonature
    (3, 2, 2, 0, 1),
    -- test_cruved_r2 a un R de 2 sur geonature - synthese par héritage
    (16, 2, 3, 0, 1) 
;



-- Metadata

INSERT INTO gn_meta.t_acquisition_frameworks (id_acquisition_framework, unique_acquisition_framework_id, acquisition_framework_name, acquisition_framework_desc, id_nomenclature_territorial_level, territory_desc, keywords, id_nomenclature_financing_type, target_description, ecologic_or_geologic_target, acquisition_framework_parent_id, is_parent, acquisition_framework_start_date, acquisition_framework_end_date, meta_create_date, meta_update_date) VALUES
(1, '57b7d0f2-4183-4b7b-8f08-6e105d476dc5', 'Données d''observation de la faune, de la Flore et de la fonge du parc nationl des Ecrins','Données d''observation de la faune, de la Flore et de la fonge du parc nationl des Ecrins', ref_nomenclatures.get_id_nomenclature('NIVEAU_TERRITORIAL', '3' ),'Territoire du parc national des Ecrins correspondant au massif alpin des Ecrins','Ecrins, parc national, faune, flore, fonge',ref_nomenclatures.get_id_nomenclature('TYPE_FINANCEMENT', '1'),'Tous les taxons',null,null,true,'1973-03-27', null,'2017-05-01 10:35:08', null)
;
SELECT pg_catalog.setval('gn_meta.t_datasets_id_dataset_seq', (SELECT max(id_acquisition_framework)+1 FROM gn_meta.t_acquisition_frameworks), true);

INSERT INTO gn_meta.t_datasets (id_dataset, unique_dataset_id, id_acquisition_framework, dataset_name, dataset_shortname, dataset_desc, id_nomenclature_data_type, keywords, marine_domain, terrestrial_domain, id_nomenclature_dataset_objectif, bbox_west, bbox_east, bbox_south, bbox_north, id_nomenclature_collecting_method, id_nomenclature_data_origin, id_nomenclature_source_status, id_nomenclature_resource_type, validable, meta_create_date, meta_update_date) VALUES
(1, '4d331cae-65e4-4948-b0b2-a11bc5bb46c2', 1, 'Conctat aléatoire tous règnes confondus', 'Contact aléatoire', 'Observations aléatoires de la faune, de la flore ou de la fonge', ref_nomenclatures.get_id_nomenclature('DATA_TYP', '3'),'Aléatoire, hors protocole, faune, flore, fonge',false,true, ref_nomenclatures.get_id_nomenclature('JDD_OBJECTIFS', '7.2'), 4.85695, 6.85654, 44.5020, 45.25, ref_nomenclatures.get_id_nomenclature('METHO_RECUEIL', '11'), ref_nomenclatures.get_id_nomenclature('DS_PUBLIQUE', 'Pu') , ref_nomenclatures.get_id_nomenclature('STATUT_SOURCE', 'Te'), ref_nomenclatures.get_id_nomenclature('RESOURCE_TYP', '1'), true,  '2017-06-01 16:57:44.45879', null)
,(2, 'dadab32d-5f9e-4dba-aa1f-c06487d536e8', 1, 'ATBI de la réserve intégrale de Lauvitel dans le Parc national des Ecrins', 'ATBI Lauvitel', 'Inventaire biologique généralisé sur la réserve du Lauvitel', ref_nomenclatures.get_id_nomenclature('DATA_TYP', '3'),'Aléatoire, ATBI, biodiversité, faune, flore, fonge',false,true, ref_nomenclatures.get_id_nomenclature('JDD_OBJECTIFS', '7.2'), 4.85695, 6.85654, 44.5020, 45.25, ref_nomenclatures.get_id_nomenclature('METHO_RECUEIL', '11'),  ref_nomenclatures.get_id_nomenclature('DS_PUBLIQUE', 'Pu') , ref_nomenclatures.get_id_nomenclature('STATUT_SOURCE', 'Te'), ref_nomenclatures.get_id_nomenclature('RESOURCE_TYP', '1'), true,  '2017-06-01 16:59:03.25687', null)
;
SELECT pg_catalog.setval('gn_meta.t_datasets_id_dataset_seq', (SELECT max(id_dataset)+1 FROM gn_meta.t_datasets), true);
INSERT INTO gn_meta.cor_acquisition_framework_voletsinp (id_acquisition_framework, id_nomenclature_voletsinp) VALUES
(1,ref_nomenclatures.get_id_nomenclature('VOLET_SINP', '1'))
;

INSERT INTO gn_meta.cor_acquisition_framework_objectif (id_acquisition_framework, id_nomenclature_objectif) VALUES
(1,ref_nomenclatures.get_id_nomenclature('CA_OBJECTIFS', '3'))
;

INSERT INTO gn_meta.cor_acquisition_framework_actor (id_cafa, id_acquisition_framework, id_role, id_organism, id_nomenclature_actor_role) VALUES
(1, 1, NULL, 1, ref_nomenclatures.get_id_nomenclature('ROLE_ACTEUR', '8'))
,(2, 1, NULL, 1, ref_nomenclatures.get_id_nomenclature('ROLE_ACTEUR', '7'))
,(3, 1, NULL, 1, ref_nomenclatures.get_id_nomenclature('ROLE_ACTEUR', '6'))
;
SELECT pg_catalog.setval('gn_meta.cor_acquisition_framework_actor_id_cafa_seq', (SELECT max(id_cafa)+1 FROM gn_meta.cor_acquisition_framework_actor), true);

INSERT INTO gn_meta.cor_dataset_actor (id_cda, id_dataset, id_role, id_organism, id_nomenclature_actor_role) VALUES
(1, 1, NULL, 1, ref_nomenclatures.get_id_nomenclature('ROLE_ACTEUR', '8'))
,(2, 1, NULL, 1, ref_nomenclatures.get_id_nomenclature('ROLE_ACTEUR', '6'))
,(3, 1, 3, NULL, ref_nomenclatures.get_id_nomenclature('ROLE_ACTEUR', '8'))
,(4, 2, NULL, 1, ref_nomenclatures.get_id_nomenclature('ROLE_ACTEUR', '5'))
,(5, 2, NULL, 1, ref_nomenclatures.get_id_nomenclature('ROLE_ACTEUR', '8'))
,(7, 2, NULL, -1, ref_nomenclatures.get_id_nomenclature('ROLE_ACTEUR', '8'))
;
SELECT pg_catalog.setval('gn_meta.cor_dataset_actor_id_cda_seq', (SELECT max(id_cda)+1 FROM gn_meta.cor_dataset_actor), true);

INSERT INTO gn_meta.cor_dataset_territory (id_dataset, id_nomenclature_territory, territory_desc) VALUES
(1, ref_nomenclatures.get_id_nomenclature('TERRITOIRE', 'METROP') ,'Territoire du parc national des Ecrins et de ses environs immédiats')
,(2, ref_nomenclatures.get_id_nomenclature('TERRITOIRE', 'METROP'),'Réserve intégrale de lauvitel')
;

INSERT INTO gn_meta.cor_dataset_protocol (id_dataset, id_protocol) VALUES
(1,0)
,(2,0)
;
SELECT pg_catalog.setval('gn_meta.sinp_datatype_protocols_id_protocol_seq', (SELECT max(id_protocol)+1 FROM gn_meta.cor_dataset_protocol), true);




-- Insertion dans Occtax et par trigger dans la synthese
-- dans le JDD 1 dont l'organisme 1 est acteur
INSERT INTO pr_occtax.t_releves_occtax (
  id_releve_occtax,
  id_dataset,
  id_digitiser,
  observers_txt,
  id_nomenclature_obs_technique,
  id_nomenclature_grp_typ,
  date_min,
  date_max,
  hour_min,
  hour_max,
  altitude_min,
  altitude_max,
  meta_device_entry,
  comment,
  geom_local,
  geom_4326,
  precision
  ) VALUES 
(
1,
1,
1,
'test',
ref_nomenclatures.get_id_nomenclature('TECHNIQUE_OBS', '133'),
ref_nomenclatures.get_id_nomenclature('TYP_GRP', 'OBS'),
'2017-01-01',
'2017-01-01',
'12:05:02',
'12:05:02',
1500,
1565,
'web',
'Exemple test',
'01010000206A0800002E988D737BCC2D41ECFA38A659805841',
'0101000020E61000000000000000001A40CDCCCCCCCC6C4640',
10
)
,(2,1,1,NULL,ref_nomenclatures.get_id_nomenclature('TECHNIQUE_OBS', '133'),ref_nomenclatures.get_id_nomenclature('TYP_GRP', 'OBS'),'2017-01-08','2017-01-08','20:00:00','23:00:00',1600,1600,'web','Autre exemple test','01010000206A0800002E988D737BCC2D41ECFA38A659805841','0101000020E61000000000000000001A40CDCCCCCCCC6C4640',100)
,(3,1,2,'Agent test',ref_nomenclatures.get_id_nomenclature('TECHNIQUE_OBS', '133'),ref_nomenclatures.get_id_nomenclature('TYP_GRP', 'OBS'),'2017-01-08','2017-01-08','20:00:00','23:00:00',1600,1600,'web','Autre exemple test','01010000206A0800002E988D737BCC2D41ECFA38A659805841','0101000020E61000000000000000001A40CDCCCCCCCC6C4640',100);
SELECT pg_catalog.setval('pr_occtax.t_releves_occtax_id_releve_occtax_seq', (SELECT max(id_releve_occtax)+1 FROM pr_occtax.t_releves_occtax), true);

INSERT INTO pr_occtax.t_occurrences_occtax  (
    id_occurrence_occtax,
    id_releve_occtax,
    id_nomenclature_obs_meth,
    id_nomenclature_bio_condition,
    id_nomenclature_bio_status,
    id_nomenclature_naturalness,
    id_nomenclature_exist_proof,
    id_nomenclature_diffusion_level,
    id_nomenclature_observation_status,
    id_nomenclature_blurring,
    determiner,
    id_nomenclature_determination_method,
    cd_nom,
    nom_cite, 
    meta_v_taxref, 
    sample_number_proof, 
    digital_proof, 
    non_digital_proof, 
    comment
  ) 
VALUES
  (
    1,
    1,
    ref_nomenclatures.get_id_nomenclature('METH_OBS', '23'),
    ref_nomenclatures.get_id_nomenclature('ETA_BIO', '1'),
    ref_nomenclatures.get_id_nomenclature('STATUT_BIO', '1'),
    ref_nomenclatures.get_id_nomenclature('NATURALITE', '1'),
    ref_nomenclatures.get_id_nomenclature('PREUVE_EXIST', '0'),
    ref_nomenclatures.get_id_nomenclature('NIV_PRECIS', '0'),
    ref_nomenclatures.get_id_nomenclature('STATUT_OBS', 'Pr'),
    ref_nomenclatures.get_id_nomenclature('DEE_FLOU', 'NON'),
    'Gil',
    ref_nomenclatures.get_id_nomenclature('METH_DETERMIN', '2'),
    60612,
    'Lynx Boréal',
    'Taxref V9.0',
    '',
    '',
    'Poil',
    'Test'
  ),
  (
    2,
    1,
    ref_nomenclatures.get_id_nomenclature('METH_OBS', '23'),
    ref_nomenclatures.get_id_nomenclature('ETA_BIO', '1'),
    ref_nomenclatures.get_id_nomenclature('STATUT_BIO', '1') ,
    ref_nomenclatures.get_id_nomenclature('NATURALITE', '1'),
    ref_nomenclatures.get_id_nomenclature('PREUVE_EXIST', '0'),
    ref_nomenclatures.get_id_nomenclature('NIV_PRECIS', '0'),
    ref_nomenclatures.get_id_nomenclature('STATUT_OBS', 'Pr'),
    ref_nomenclatures.get_id_nomenclature('DEE_FLOU', 'NON'),
    'Gil D',
    ref_nomenclatures.get_id_nomenclature('METH_DETERMIN', '2'),
    713776,
    'Trichopria Ashmead, 1893',
    'Taxref V9.0',
    '',
    '',
    'Poils de plumes',
    'Autre test'
  ),
  (
    3,
    3,
    ref_nomenclatures.get_id_nomenclature('METH_OBS', '23'),
    ref_nomenclatures.get_id_nomenclature('ETA_BIO', '1'),
    ref_nomenclatures.get_id_nomenclature('STATUT_BIO', '1'),
    ref_nomenclatures.get_id_nomenclature('NATURALITE', '1'),
    ref_nomenclatures.get_id_nomenclature('PREUVE_EXIST', '0'),
    ref_nomenclatures.get_id_nomenclature('NIV_PRECIS', '0'),
    ref_nomenclatures.get_id_nomenclature('STATUT_OBS', 'Pr'),
    ref_nomenclatures.get_id_nomenclature('DEE_FLOU', 'NON'),
  'Donovan M',
  ref_nomenclatures.get_id_nomenclature('METH_DETERMIN', '2'),
  67111,
  'Ablette',
  'Taxref V9.0',
  '',
  '',
  'Poils de plumes',
  'Troisieme test'
  );

SELECT pg_catalog.setval('pr_occtax.t_occurrences_occtax_id_occurrence_occtax_seq', (SELECT max(id_occurrence_occtax)+1 FROM pr_occtax.t_occurrences_occtax), true);


INSERT INTO pr_occtax.cor_role_releves_occtax (id_releve_occtax, id_role) VALUES
(1,1)
,(2,1);

INSERT INTO  pr_occtax.cor_counting_occtax (
  id_counting_occtax,
  id_occurrence_occtax,
  id_nomenclature_life_stage,
  id_nomenclature_sex,
  id_nomenclature_obj_count,
  id_nomenclature_type_count,
  count_min,
  count_max
  ) 
  VALUES
  (
    1,
    1,
    ref_nomenclatures.get_id_nomenclature('STADE_VIE', '2'),
    ref_nomenclatures.get_id_nomenclature('SEXE', '2'),
    ref_nomenclatures.get_id_nomenclature('OBJ_DENBR', 'IND'),
    ref_nomenclatures.get_id_nomenclature('TYP_DENBR', 'Co'),
    5,
    5
  ),
  (
    2,
    1,
    ref_nomenclatures.get_id_nomenclature('STADE_VIE', '4') ,
    ref_nomenclatures.get_id_nomenclature('SEXE', '2'),
    ref_nomenclatures.get_id_nomenclature('OBJ_DENBR', 'IND'),
    ref_nomenclatures.get_id_nomenclature('TYP_DENBR', 'Co'),
    1,
    1
  ),
  (
    3,
    2,
    ref_nomenclatures.get_id_nomenclature('STADE_VIE', '3') ,
    ref_nomenclatures.get_id_nomenclature('SEXE', '2'),
    ref_nomenclatures.get_id_nomenclature('OBJ_DENBR', 'IND'),
    ref_nomenclatures.get_id_nomenclature('TYP_DENBR', 'Co'),
    1,
    1
  ),
  (
    4,
    3,
    ref_nomenclatures.get_id_nomenclature('STADE_VIE', '3') ,
    ref_nomenclatures.get_id_nomenclature('SEXE', '2'),
    ref_nomenclatures.get_id_nomenclature('OBJ_DENBR', 'IND'),
    ref_nomenclatures.get_id_nomenclature('TYP_DENBR', 'Co'),
    1,
    1
  ),
  (
    5,
    3,
    ref_nomenclatures.get_id_nomenclature('STADE_VIE', '3') ,
    ref_nomenclatures.get_id_nomenclature('SEXE', '2'),
    ref_nomenclatures.get_id_nomenclature('OBJ_DENBR', 'IND'),
    ref_nomenclatures.get_id_nomenclature('TYP_DENBR', 'Co'),
    1,
    1
  )
;


SELECT pg_catalog.setval('pr_occtax.cor_counting_occtax_id_counting_occtax_seq', (SELECT max(id_counting_occtax)+1 FROM pr_occtax.cor_counting_occtax), true);


-- taxonomie
-- insertion d'un attribut sur taxon pour test de la recherche par attrs
INSERT INTO taxonomie.cor_taxon_attribut VALUES (102, 'eau', 209902);

-- Insertion de données en synthese sans passer par un module et sans cor_observer_synthese
-- dans le dataset 1 ou l'utilisateur test_cruved_r2 est acteur via son organisme
-- test d'une donnée sans geom
INSERT INTO gn_synthese.synthese (id_dataset, nom_cite, date_min, date_max, the_geom_4326) VALUES 
  (1, 'test', '01-01-2018', '01-01-2018', NULL),
  (1 ,'test', '01-01-2018', '01-01-2018', '0101000020E61000000000000000001A40CDCCCCCCCC6C4640')
;