<metadata xml:lang="fr"><Esri><CreaDate>20110404</CreaDate><CreaTime>15464200</CreaTime><ArcGISFormat>1.0</ArcGISFormat><SyncOnce>FALSE</SyncOnce><DataProperties><lineage><Process ToolSource="C:\ProgramFiles\ArcGIS\Desktop10.0\ArcToolbox\Toolboxes\Data Management Tools.tbx\CalculateField" Date="20110404" Time="154642">CalculateField ZNIEFF_MER_TYPE_I_REGION X_PROJ [ET_X] VB #</Process><Process ToolSource="C:\ProgramFiles\ArcGIS\Desktop10.0\ArcToolbox\Toolboxes\Data Management Tools.tbx\CalculateField" Date="20110404" Time="154651">CalculateField ZNIEFF_MER_TYPE_I_REGION Y_PROJ [ET_Y] VB #</Process><Process ToolSource="C:\ProgramFiles\ArcGIS\Desktop10.0\ArcToolbox\Toolboxes\Data Management Tools.tbx\CalculateField" Date="20110404" Time="154745">CalculateField ZNIEFF_MER_TYPE_I_REGION PRECIS_X "!shape.extent.XMax! - !shape.extent.XMin!" PYTHON_9.3 #</Process><Process ToolSource="C:\ProgramFiles\ArcGIS\Desktop10.0\ArcToolbox\Toolboxes\Data Management Tools.tbx\CalculateField" Date="20110404" Time="154808">CalculateField ZNIEFF_MER_TYPE_I_REGION PRECIS_Y "!shape.extent.YMax! - !shape.extent.YMin!" PYTHON_9.3 #</Process><Process ToolSource="C:\ProgramFiles\ArcGIS\Desktop10.0\ArcToolbox\Toolboxes\Data Management Tools.tbx\CalculateField" Date="20110404" Time="155556">CalculateField ZNIEFF_MER_TYPE_I_REGION GENERATION 2 VB #</Process><Process ToolSource="c:\program files (x86)\arcgis\desktop10.1\ArcToolbox\Toolboxes\Data Management Tools.tbx\CalculateField" Date="20130910" Time="155532">CalculateField ZNIEFF_MER_TYPE_I_REGION Surafec_si ok VB #</Process><Process ToolSource="c:\program files (x86)\arcgis\desktop10.1\ArcToolbox\Toolboxes\Data Management Tools.tbx\CalculateField" Date="20130910" Time="155549">CalculateField ZNIEFF_MER_TYPE_I_REGION Surafec_si 0 VB #</Process><Process ToolSource="c:\program files (x86)\arcgis\desktop10.1\ArcToolbox\Toolboxes\Data Management Tools.tbx\CalculateField" Date="20130910" Time="155605">CalculateField ZNIEFF_MER_TYPE_I_REGION Surafec_si 0 VB #</Process><Process ToolSource="c:\program files (x86)\arcgis\desktop10.1\ArcToolbox\Toolboxes\Data Management Tools.tbx\CalculateField" Date="20130910" Time="161646">CalculateField ZNIEFF_MER_TYPE_I_REGION Surafec_si 0 VB #</Process><Process ToolSource="c:\program files (x86)\arcgis\desktop10.1\ArcToolbox\Toolboxes\Data Management Tools.tbx\CalculateField" Date="20130910" Time="162902">CalculateField ZNIEFF_MER_TYPE_I_REGION Surafec_si 0 VB #</Process><Process ToolSource="c:\program files (x86)\arcgis\desktop10.1\ArcToolbox\Toolboxes\Data Management Tools.tbx\CalculateField" Date="20130910" Time="163358">CalculateField ZNIEFF_MER_TYPE_I_REGION Surafec_si 0 VB #</Process><Process ToolSource="c:\program files (x86)\arcgis\desktop10.1\ArcToolbox\Toolboxes\Data Management Tools.tbx\CalculateField" Date="20130910" Time="164055">CalculateField ZNIEFF_MER_TYPE_I_REGION Surafec_si 0 VB #</Process><Process ToolSource="c:\program files (x86)\arcgis\desktop10.1\ArcToolbox\Toolboxes\Data Management Tools.tbx\CalculateField" Date="20130910" Time="164809">CalculateField ZNIEFF_MER_TYPE_I_REGION Surafec_si 0 VB #</Process><Process ToolSource="c:\program files (x86)\arcgis\desktop10.1\ArcToolbox\Toolboxes\Data Management Tools.tbx\CalculateField" Date="20130910" Time="164949">CalculateField ZNIEFF_MER_TYPE_I_REGION Surafec_si 0 VB #</Process><Process ToolSource="c:\program files (x86)\arcgis\desktop10.1\ArcToolbox\Toolboxes\Data Management Tools.tbx\CalculateField" Date="20130910" Time="165459">CalculateField ZNIEFF_MER_TYPE_I_REGION Surafec_si 0 VB #</Process><Process ToolSource="c:\program files (x86)\arcgis\desktop10.1\ArcToolbox\Toolboxes\Data Management Tools.tbx\CalculateField" Date="20130910" Time="165632">CalculateField ZNIEFF_MER_TYPE_I_REGION Surafec_si 0 VB #</Process><Process ToolSource="c:\program files (x86)\arcgis\desktop10.1\ArcToolbox\Toolboxes\Data Management Tools.tbx\CalculateField" Date="20130911" Time="100350">CalculateField ZNIEFF_MER_TYPE_I_REGION Surafec_si 0 VB #</Process><Process ToolSource="c:\program files (x86)\arcgis\desktop10.1\ArcToolbox\Toolboxes\Data Management Tools.tbx\CalculateField" Date="20130911" Time="101411">CalculateField ZNIEFF_MER_TYPE_I_REGION Surafec_si 0 VB #</Process><Process ToolSource="c:\program files (x86)\arcgis\desktop10.1\ArcToolbox\Toolboxes\Data Management Tools.tbx\CalculateField" Date="20130911" Time="101640">CalculateField ZNIEFF_MER_TYPE_I_REGION Surafec_si 0 VB #</Process><Process ToolSource="c:\program files (x86)\arcgis\desktop10.1\ArcToolbox\Toolboxes\Data Management Tools.tbx\CalculateField" Date="20130911" Time="101714">CalculateField ZNIEFF_MER_TYPE_I_REGION Surafec_si 0 VB #</Process><Process ToolSource="c:\program files (x86)\arcgis\desktop10.1\ArcToolbox\Toolboxes\Data Management Tools.tbx\CalculateField" Date="20130911" Time="101954">CalculateField ZNIEFF_MER_TYPE_I_REGION Surafec_si 0 VB #</Process><Process ToolSource="c:\program files (x86)\arcgis\desktop10.1\ArcToolbox\Toolboxes\Data Management Tools.tbx\AddField" Date="20130911" Time="121843">AddField ZNIEFF_MER_TYPE_I_REGION ID_zni1 TEXT # # 15 # NULLABLE NON_REQUIRED #</Process><Process ToolSource="c:\program files (x86)\arcgis\desktop10.1\ArcToolbox\Toolboxes\Data Management Tools.tbx\CalculateField" Date="20130911" Time="121843">CalculateField ZNIEFF_MER_TYPE_I_REGION ID_zni1 !ID_SPN! PYTHON_9.3 #</Process><Process ToolSource="c:\program files (x86)\arcgis\desktop10.1\ArcToolbox\Toolboxes\Data Management Tools.tbx\AddField" Date="20130911" Time="124342">AddField ZNIEFF_MER_TYPE_I_REGION ID_zni1 TEXT # # 15 # NULLABLE NON_REQUIRED #</Process><Process ToolSource="c:\program files (x86)\arcgis\desktop10.1\ArcToolbox\Toolboxes\Data Management Tools.tbx\CalculateField" Date="20130911" Time="124342">CalculateField ZNIEFF_MER_TYPE_I_REGION ID_zni1 !ID_SPN! PYTHON_9.3 #</Process><Process ToolSource="c:\program files (x86)\arcgis\desktop10.1\ArcToolbox\Toolboxes\Data Management Tools.tbx\AddField" Date="20130911" Time="124425">AddField ZNIEFF_MER_TYPE_I_REGION ID_zni1 TEXT # # 15 # NULLABLE NON_REQUIRED #</Process><Process ToolSource="c:\program files (x86)\arcgis\desktop10.1\ArcToolbox\Toolboxes\Data Management Tools.tbx\CalculateField" Date="20130911" Time="124425">CalculateField ZNIEFF_MER_TYPE_I_REGION ID_zni1 !ID_SPN! PYTHON_9.3 #</Process><Process ToolSource="c:\program files (x86)\arcgis\desktop10.1\ArcToolbox\Toolboxes\Data Management Tools.tbx\AddField" Date="20130911" Time="125105">AddField ZNIEFF_MER_TYPE_I_REGION ID_zni1 TEXT # # 15 # NULLABLE NON_REQUIRED #</Process><Process ToolSource="c:\program files (x86)\arcgis\desktop10.1\ArcToolbox\Toolboxes\Data Management Tools.tbx\CalculateField" Date="20130911" Time="125105">CalculateField ZNIEFF_MER_TYPE_I_REGION ID_zni1 !ID_SPN! PYTHON_9.3 #</Process><Process ToolSource="c:\program files (x86)\arcgis\desktop10.1\ArcToolbox\Toolboxes\Data Management Tools.tbx\RepairGeometry" Date="20130911" Time="132300">RepairGeometry ZNIEFF_MER_TYPE_I_REGION DELETE_NULL</Process><Process ToolSource="c:\program files (x86)\arcgis\desktop10.1\ArcToolbox\Toolboxes\Data Management Tools.tbx\AddField" Date="20130911" Time="132303">AddField ZNIEFF_MER_TYPE_I_REGION ID_MNHN TEXT # # 9 # NULLABLE NON_REQUIRED #</Process><Process ToolSource="c:\program files (x86)\arcgis\desktop10.1\ArcToolbox\Toolboxes\Data Management Tools.tbx\CalculateField" Date="20130911" Time="132303">CalculateField ZNIEFF_MER_TYPE_I_REGION ID_MNHN !ID_SPN! PYTHON_9.3 #</Process><Process ToolSource="c:\program files (x86)\arcgis\desktop10.1\ArcToolbox\Toolboxes\Data Management Tools.tbx\RepairGeometry" Date="20130911" Time="132342">RepairGeometry ZNIEFF_MER_TYPE_I_REGION DELETE_NULL</Process><Process ToolSource="c:\program files (x86)\arcgis\desktop10.1\ArcToolbox\Toolboxes\Data Management Tools.tbx\AddField" Date="20130911" Time="132342">AddField ZNIEFF_MER_TYPE_I_REGION X_PROJ DOUBLE 10 0 # # NULLABLE NON_REQUIRED #</Process><Process ToolSource="c:\program files (x86)\arcgis\desktop10.1\ArcToolbox\Toolboxes\Data Management Tools.tbx\CalculateField" Date="20130911" Time="132342">CalculateField ZNIEFF_MER_TYPE_I_REGION X_PROJ !shape.labelPoint.X! PYTHON_9.3 #</Process><Process ToolSource="c:\program files (x86)\arcgis\desktop10.1\ArcToolbox\Toolboxes\Data Management Tools.tbx\CalculateField" Date="20130911" Time="132342">CalculateField ZNIEFF_MER_TYPE_I_REGION X_PROJ "round (!X_PROJ!,0)" PYTHON_9.3 #</Process><Process ToolSource="c:\program files (x86)\arcgis\desktop10.1\ArcToolbox\Toolboxes\Data Management Tools.tbx\AddField" Date="20130911" Time="132342">AddField ZNIEFF_MER_TYPE_I_REGION Y_PROJ DOUBLE 10 0 # # NULLABLE NON_REQUIRED #</Process><Process ToolSource="c:\program files (x86)\arcgis\desktop10.1\ArcToolbox\Toolboxes\Data Management Tools.tbx\CalculateField" Date="20130911" Time="132342">CalculateField ZNIEFF_MER_TYPE_I_REGION Y_PROJ !shape.labelPoint.Y! PYTHON_9.3 #</Process><Process ToolSource="c:\program files (x86)\arcgis\desktop10.1\ArcToolbox\Toolboxes\Data Management Tools.tbx\CalculateField" Date="20130911" Time="132342">CalculateField ZNIEFF_MER_TYPE_I_REGION Y_PROJ "round (!Y_PROJ!,0)" PYTHON_9.3 #</Process><Process ToolSource="c:\program files (x86)\arcgis\desktop10.1\ArcToolbox\Toolboxes\Data Management Tools.tbx\AddField" Date="20130911" Time="132342">AddField ZNIEFF_MER_TYPE_I_REGION PRECIS_X DOUBLE 10 0 # # NULLABLE NON_REQUIRED #</Process><Process ToolSource="c:\program files (x86)\arcgis\desktop10.1\ArcToolbox\Toolboxes\Data Management Tools.tbx\CalculateField" Date="20130911" Time="132343">CalculateField ZNIEFF_MER_TYPE_I_REGION PRECIS_X "!shape.extent.XMax! - !shape.extent.XMin!" PYTHON_9.3 #</Process><Process ToolSource="c:\program files (x86)\arcgis\desktop10.1\ArcToolbox\Toolboxes\Data Management Tools.tbx\CalculateField" Date="20130911" Time="132343">CalculateField ZNIEFF_MER_TYPE_I_REGION PRECIS_X "round (!PRECIS_X!,0)" PYTHON_9.3 #</Process><Process ToolSource="c:\program files (x86)\arcgis\desktop10.1\ArcToolbox\Toolboxes\Data Management Tools.tbx\AddField" Date="20130911" Time="132343">AddField ZNIEFF_MER_TYPE_I_REGION PRECIS_Y DOUBLE 10 0 # # NULLABLE NON_REQUIRED #</Process><Process ToolSource="c:\program files (x86)\arcgis\desktop10.1\ArcToolbox\Toolboxes\Data Management Tools.tbx\CalculateField" Date="20130911" Time="132343">CalculateField ZNIEFF_MER_TYPE_I_REGION PRECIS_Y "!shape.extent.YMax! - !shape.extent.YMin!" PYTHON_9.3 #</Process><Process ToolSource="c:\program files (x86)\arcgis\desktop10.1\ArcToolbox\Toolboxes\Data Management Tools.tbx\CalculateField" Date="20130911" Time="132343">CalculateField ZNIEFF_MER_TYPE_I_REGION PRECIS_Y "round (!PRECIS_Y!,0)" PYTHON_9.3 #</Process><Process ToolSource="c:\program files (x86)\arcgis\desktop10.1\ArcToolbox\Toolboxes\Data Management Tools.tbx\AddField" Date="20130911" Time="132343">AddField ZNIEFF_MER_TYPE_I_REGION s_sig_ha DOUBLE # # # # NULLABLE NON_REQUIRED #</Process><Process ToolSource="c:\program files (x86)\arcgis\desktop10.1\ArcToolbox\Toolboxes\Data Management Tools.tbx\CalculateField" Date="20130911" Time="132343">CalculateField ZNIEFF_MER_TYPE_I_REGION s_sig_ha !shape.area@hectares! PYTHON_9.3 #</Process><Process ToolSource="c:\program files (x86)\arcgis\desktop10.1\ArcToolbox\Toolboxes\Data Management Tools.tbx\CalculateField" Date="20130911" Time="132343">CalculateField ZNIEFF_MER_TYPE_I_REGION s_sig_ha "round (!s_sig_ha!,0)" PYTHON_9.3 #</Process><Process ToolSource="c:\program files (x86)\arcgis\desktop10.1\ArcToolbox\Toolboxes\Data Management Tools.tbx\DeleteField" Date="20130911" Time="132344">DeleteField ZNIEFF_MER_TYPE_I_REGION CD_SIG;Shape_Leng;Shape_Area;ID_zni1</Process><Process ToolSource="c:\program files (x86)\arcgis\desktop10.1\ArcToolbox\Toolboxes\Data Management Tools.tbx\RepairGeometry" Date="20130911" Time="132546">RepairGeometry ZNIEFF_MER_TYPE_I_REGION DELETE_NULL</Process><Process ToolSource="c:\program files (x86)\arcgis\desktop10.1\ArcToolbox\Toolboxes\Data Management Tools.tbx\AddField" Date="20130911" Time="132546">AddField ZNIEFF_MER_TYPE_I_REGION ID_ORG TEXT # # 12 # NULLABLE NON_REQUIRED #</Process><Process ToolSource="c:\program files (x86)\arcgis\desktop10.1\ArcToolbox\Toolboxes\Data Management Tools.tbx\CalculateField" Date="20130911" Time="132546">CalculateField ZNIEFF_MER_TYPE_I_REGION ID_ORG !ID_DIREN! PYTHON_9.3 #</Process><Process ToolSource="c:\program files (x86)\arcgis\desktop10.1\ArcToolbox\Toolboxes\Data Management Tools.tbx\AddField" Date="20130911" Time="132546">AddField ZNIEFF_MER_TYPE_I_REGION CD_SIG TEXT # # 21 # NULLABLE NON_REQUIRED #</Process><Process ToolSource="c:\program files (x86)\arcgis\desktop10.1\ArcToolbox\Toolboxes\Data Management Tools.tbx\AddField" Date="20130911" Time="132546">AddField ZNIEFF_MER_TYPE_I_REGION X_PROJ DOUBLE 10 0 # # NULLABLE NON_REQUIRED #</Process><Process ToolSource="c:\program files (x86)\arcgis\desktop10.1\ArcToolbox\Toolboxes\Data Management Tools.tbx\CalculateField" Date="20130911" Time="132546">CalculateField ZNIEFF_MER_TYPE_I_REGION X_PROJ !shape.labelPoint.X! PYTHON_9.3 #</Process><Process ToolSource="c:\program files (x86)\arcgis\desktop10.1\ArcToolbox\Toolboxes\Data Management Tools.tbx\CalculateField" Date="20130911" Time="132546">CalculateField ZNIEFF_MER_TYPE_I_REGION X_PROJ "round (!X_PROJ!,0)" PYTHON_9.3 #</Process><Process ToolSource="c:\program files (x86)\arcgis\desktop10.1\ArcToolbox\Toolboxes\Data Management Tools.tbx\AddField" Date="20130911" Time="132546">AddField ZNIEFF_MER_TYPE_I_REGION Y_PROJ DOUBLE 10 0 # # NULLABLE NON_REQUIRED #</Process><Process ToolSource="c:\program files (x86)\arcgis\desktop10.1\ArcToolbox\Toolboxes\Data Management Tools.tbx\CalculateField" Date="20130911" Time="132547">CalculateField ZNIEFF_MER_TYPE_I_REGION Y_PROJ !shape.labelPoint.Y! PYTHON_9.3 #</Process><Process ToolSource="c:\program files (x86)\arcgis\desktop10.1\ArcToolbox\Toolboxes\Data Management Tools.tbx\CalculateField" Date="20130911" Time="132547">CalculateField ZNIEFF_MER_TYPE_I_REGION Y_PROJ "round (!Y_PROJ!,0)" PYTHON_9.3 #</Process><Process ToolSource="c:\program files (x86)\arcgis\desktop10.1\ArcToolbox\Toolboxes\Data Management Tools.tbx\AddField" Date="20130911" Time="132547">AddField ZNIEFF_MER_TYPE_I_REGION PRECIS_X DOUBLE 10 0 # # NULLABLE NON_REQUIRED #</Process><Process ToolSource="c:\program files (x86)\arcgis\desktop10.1\ArcToolbox\Toolboxes\Data Management Tools.tbx\CalculateField" Date="20130911" Time="132547">CalculateField ZNIEFF_MER_TYPE_I_REGION PRECIS_X "!shape.extent.XMax! - !shape.extent.XMin!" PYTHON_9.3 #</Process><Process ToolSource="c:\program files (x86)\arcgis\desktop10.1\ArcToolbox\Toolboxes\Data Management Tools.tbx\CalculateField" Date="20130911" Time="132547">CalculateField ZNIEFF_MER_TYPE_I_REGION PRECIS_X "round (!PRECIS_X!,0)" PYTHON_9.3 #</Process><Process ToolSource="c:\program files (x86)\arcgis\desktop10.1\ArcToolbox\Toolboxes\Data Management Tools.tbx\AddField" Date="20130911" Time="132547">AddField ZNIEFF_MER_TYPE_I_REGION PRECIS_Y DOUBLE 10 0 # # NULLABLE NON_REQUIRED #</Process><Process ToolSource="c:\program files (x86)\arcgis\desktop10.1\ArcToolbox\Toolboxes\Data Management Tools.tbx\CalculateField" Date="20130911" Time="132547">CalculateField ZNIEFF_MER_TYPE_I_REGION PRECIS_Y "!shape.extent.YMax! - !shape.extent.YMin!" PYTHON_9.3 #</Process><Process ToolSource="c:\program files (x86)\arcgis\desktop10.1\ArcToolbox\Toolboxes\Data Management Tools.tbx\CalculateField" Date="20130911" Time="132547">CalculateField ZNIEFF_MER_TYPE_I_REGION PRECIS_Y "round (!PRECIS_Y!,0)" PYTHON_9.3 #</Process><Process ToolSource="c:\program files (x86)\arcgis\desktop10.1\ArcToolbox\Toolboxes\Data Management Tools.tbx\AddField" Date="20130911" Time="132547">AddField ZNIEFF_MER_TYPE_I_REGION S_SIG_Ha DOUBLE # # # # NULLABLE NON_REQUIRED #</Process><Process ToolSource="c:\program files (x86)\arcgis\desktop10.1\ArcToolbox\Toolboxes\Data Management Tools.tbx\CalculateField" Date="20130911" Time="132547">CalculateField ZNIEFF_MER_TYPE_I_REGION S_SIG_Ha !shape.area@hectares! PYTHON_9.3 #</Process><Process ToolSource="c:\program files (x86)\arcgis\desktop10.1\ArcToolbox\Toolboxes\Data Management Tools.tbx\CalculateField" Date="20130911" Time="132547">CalculateField ZNIEFF_MER_TYPE_I_REGION S_SIG_Ha "round (!S_SIG_Ha!,0)" PYTHON_9.3 #</Process><Process ToolSource="c:\program files (x86)\arcgis\desktop10.1\ArcToolbox\Toolboxes\Data Management Tools.tbx\DeleteField" Date="20130911" Time="132547">DeleteField ZNIEFF_MER_TYPE_I_REGION ID_DIREN;ID_SPN</Process><Process ToolSource="c:\program files (x86)\arcgis\desktop10.2\ArcToolbox\Toolboxes\Data Management Tools.tbx\Merge" Date="20131023" Time="160235">Merge ZNIEFF_MER_TYPE_I_REGION;ZNIEFF_MER_TYPE_I E:\projet\znieff\znieffmer\contrôle\couche_valide_national\ZNIEFF_MER_TYPE_I.shp "NOM "NOM" true true false 160 Text 0 0 ,First,#,ZNIEFF_MER_TYPE_I_REGION,NOM,-1,-1,ZNIEFF_MER_TYPE_I,NOM,-1,-1;ID_MNHN "ID_MNHN" true true false 9 Text 0 0 ,First,#,ZNIEFF_MER_TYPE_I_REGION,ID_MNHN,-1,-1,ZNIEFF_MER_TYPE_I,ID_MNHN,-1,-1;ID_ORG "ID_ORG" true true false 12 Text 0 0 ,First,#,ZNIEFF_MER_TYPE_I_REGION,ID_ORG,-1,-1;X_PROJ "X_PROJ" true true false 10 Double 0 10 ,First,#,ZNIEFF_MER_TYPE_I_REGION,X_PROJ,-1,-1,ZNIEFF_MER_TYPE_I,X_PROJ,-1,-1;Y_PROJ "Y_PROJ" true true false 10 Double 0 10 ,First,#,ZNIEFF_MER_TYPE_I_REGION,Y_PROJ,-1,-1,ZNIEFF_MER_TYPE_I,Y_PROJ,-1,-1;PRECIS_X "PRECIS_X" true true false 10 Double 0 10 ,First,#,ZNIEFF_MER_TYPE_I_REGION,PRECIS_X,-1,-1,ZNIEFF_MER_TYPE_I,PRECIS_X,-1,-1;PRECIS_Y "PRECIS_Y" true true false 10 Double 0 10 ,First,#,ZNIEFF_MER_TYPE_I_REGION,PRECIS_Y,-1,-1,ZNIEFF_MER_TYPE_I,PRECIS_Y,-1,-1;S_SIG_Ha "S_SIG_Ha" true true false 19 Double 0 0 ,First,#,ZNIEFF_MER_TYPE_I_REGION,S_SIG_Ha,-1,-1;ID_DIREN "ID_DIREN" true true false 12 Text 0 0 ,First,#,ZNIEFF_MER_TYPE_I,ID_DIREN,-1,-1;CD_SIG "CD_SIG" true true false 21 Text 0 0 ,First,#,ZNIEFF_MER_TYPE_I,CD_SIG,-1,-1;GENERATION "GENERATION" true true false 4 Short 0 4 ,First,#,ZNIEFF_MER_TYPE_I,GENERATION,-1,-1;surf_sig "surf_sig" true true false 19 Double 0 0 ,First,#,ZNIEFF_MER_TYPE_I,surf_sig,-1,-1;Surface_bd "Surface_bd" true true false 19 Double 0 0 ,First,#,ZNIEFF_MER_TYPE_I,Surface_bd,-1,-1;controle "controle" true true false 8 Text 0 0 ,First,#,ZNIEFF_MER_TYPE_I,controle,-1,-1;Shape_Leng "Shape_Leng" true true false 19 Double 0 0 ,First,#,ZNIEFF_MER_TYPE_I,Shape_Leng,-1,-1;Shape_Area "Shape_Area" true true false 19 Double 0 0 ,First,#,ZNIEFF_MER_TYPE_I,Shape_Area,-1,-1"</Process><Process ToolSource="c:\program files (x86)\arcgis\desktop10.2\ArcToolbox\Toolboxes\Data Management Tools.tbx\CalculateField" Date="20131023" Time="160324">CalculateField ZNIEFF_MER_TYPE_I ID_ORG [ID_DIREN] VB #</Process><Process ToolSource="c:\program files (x86)\arcgis\desktop10.2\ArcToolbox\Toolboxes\Data Management Tools.tbx\CalculateField" Date="20131023" Time="160403">CalculateField ZNIEFF_MER_TYPE_I S_SIG_Ha round( !S_SIG_Ha!,2) PYTHON_9.3 #</Process><Process ToolSource="c:\program files (x86)\arcgis\desktop10.2\ArcToolbox\Toolboxes\Data Management Tools.tbx\DeleteField" Date="20131023" Time="160439">DeleteField ZNIEFF_MER_TYPE_I X_PROJ;Y_PROJ;PRECIS_X;PRECIS_Y;ID_DIREN;surf_sig;Surface_bd;controle;Shape_Leng;Shape_Area</Process><Process ToolSource="c:\program files (x86)\arcgis\desktop10.2\ArcToolbox\Toolboxes\Data Management Tools.tbx\CalculateField" Date="20131023" Time="160516">CalculateField ZNIEFF_MER_TYPE_I CD_SIG ""I032G2"+ !ID_MNHN!" PYTHON_9.3 #</Process><Process ToolSource="c:\program files (x86)\arcgis\desktop10.2\ArcToolbox\Toolboxes\Data Management Tools.tbx\CalculateField" Date="20131023" Time="160528">CalculateField ZNIEFF_MER_TYPE_I GENERATION 2 PYTHON_9.3 #</Process><Process ToolSource="c:\program files (x86)\arcgis\desktop10.2\ArcToolbox\Toolboxes\Data Management Tools.tbx\CopyFeatures" Date="20131023" Time="162514">CopyFeatures ZNIEFF_MER_TYPE_I "E:\projet\znieff\znieffmer\contrôle\couche_valide_national\Nouvelle géodatabase personnelle.mdb\ZNIEFF_MER_TYPE_I" # 0 0 0</Process><Process ToolSource="c:\program files (x86)\arcgis\desktop10.2\ArcToolbox\Toolboxes\Data Management Tools.tbx\AddField" Date="20131024" Time="095405">AddField ZNIEFF_MER_TYPE_I ID_zni1 TEXT # # 15 # NULLABLE NON_REQUIRED #</Process><Process ToolSource="c:\program files (x86)\arcgis\desktop10.2\ArcToolbox\Toolboxes\Data Management Tools.tbx\CalculateField" Date="20131024" Time="095406">CalculateField ZNIEFF_MER_TYPE_I ID_zni1 !ID_MNHN! PYTHON_9.3 #</Process><Process ToolSource="c:\program files (x86)\arcgis\desktop10.2\ArcToolbox\Toolboxes\Data Management Tools.tbx\CopyFeatures" Date="20131024" Time="095449">CopyFeatures "E:\projet\znieff\znieffmer\contrôle\couche_valide_national\Nouvelle géodatabase personnelle.mdb\l93\ZNIEFF_MER_TYPE_I" E:\projet\znieff\znieffmer\contrôle\couche_valide_national\shape22102013\ZNIEFF_MER_TYPE_I.shp # 0 0 0</Process><Process ToolSource="c:\program files (x86)\arcgis\desktop10.2\ArcToolbox\Toolboxes\Data Management Tools.tbx\RepairGeometry" Date="20131024" Time="095647">RepairGeometry ZNIEFF_MER_TYPE_I DELETE_NULL</Process><Process ToolSource="c:\program files (x86)\arcgis\desktop10.2\ArcToolbox\Toolboxes\Data Management Tools.tbx\RepairGeometry" Date="20131024" Time="113633">RepairGeometry znieff1_mer DELETE_NULL</Process><Process ToolSource="c:\program files (x86)\arcgis\desktop10.2\ArcToolbox\Toolboxes\Data Management Tools.tbx\AddField" Date="20131024" Time="113636">AddField znieff1_mer CD_SIG TEXT # # 21 # NULLABLE NON_REQUIRED #</Process><Process ToolSource="c:\program files (x86)\arcgis\desktop10.2\ArcToolbox\Toolboxes\Data Management Tools.tbx\CalculateField" Date="20131024" Time="113636">CalculateField znieff1_mer CD_SIG 'I032G2'+!ID_MNHN! PYTHON_9.3 #</Process><Process ToolSource="c:\program files (x86)\arcgis\desktop10.2\ArcToolbox\Toolboxes\Data Management Tools.tbx\AddField" Date="20131024" Time="113636">AddField znieff1_mer X_PROJ DOUBLE 10 0 # # NULLABLE NON_REQUIRED #</Process><Process ToolSource="c:\program files (x86)\arcgis\desktop10.2\ArcToolbox\Toolboxes\Data Management Tools.tbx\CalculateField" Date="20131024" Time="113636">CalculateField znieff1_mer X_PROJ !shape.labelPoint.X! PYTHON_9.3 #</Process><Process ToolSource="c:\program files (x86)\arcgis\desktop10.2\ArcToolbox\Toolboxes\Data Management Tools.tbx\CalculateField" Date="20131024" Time="113636">CalculateField znieff1_mer X_PROJ "round (!X_PROJ!,0)" PYTHON_9.3 #</Process><Process ToolSource="c:\program files (x86)\arcgis\desktop10.2\ArcToolbox\Toolboxes\Data Management Tools.tbx\AddField" Date="20131024" Time="113636">AddField znieff1_mer Y_PROJ DOUBLE 10 0 # # NULLABLE NON_REQUIRED #</Process><Process ToolSource="c:\program files (x86)\arcgis\desktop10.2\ArcToolbox\Toolboxes\Data Management Tools.tbx\CalculateField" Date="20131024" Time="113636">CalculateField znieff1_mer Y_PROJ !shape.labelPoint.Y! PYTHON_9.3 #</Process><Process ToolSource="c:\program files (x86)\arcgis\desktop10.2\ArcToolbox\Toolboxes\Data Management Tools.tbx\CalculateField" Date="20131024" Time="113636">CalculateField znieff1_mer Y_PROJ "round (!Y_PROJ!,0)" PYTHON_9.3 #</Process><Process ToolSource="c:\program files (x86)\arcgis\desktop10.2\ArcToolbox\Toolboxes\Data Management Tools.tbx\AddField" Date="20131024" Time="113636">AddField znieff1_mer PRECIS_X DOUBLE 10 0 # # NULLABLE NON_REQUIRED #</Process><Process ToolSource="c:\program files (x86)\arcgis\desktop10.2\ArcToolbox\Toolboxes\Data Management Tools.tbx\CalculateField" Date="20131024" Time="113636">CalculateField znieff1_mer PRECIS_X "!shape.extent.XMax! - !shape.extent.XMin!" PYTHON_9.3 #</Process><Process ToolSource="c:\program files (x86)\arcgis\desktop10.2\ArcToolbox\Toolboxes\Data Management Tools.tbx\CalculateField" Date="20131024" Time="113636">CalculateField znieff1_mer PRECIS_X "round (!PRECIS_X!,0)" PYTHON_9.3 #</Process><Process ToolSource="c:\program files (x86)\arcgis\desktop10.2\ArcToolbox\Toolboxes\Data Management Tools.tbx\AddField" Date="20131024" Time="113636">AddField znieff1_mer PRECIS_Y DOUBLE 10 0 # # NULLABLE NON_REQUIRED #</Process><Process ToolSource="c:\program files (x86)\arcgis\desktop10.2\ArcToolbox\Toolboxes\Data Management Tools.tbx\CalculateField" Date="20131024" Time="113637">CalculateField znieff1_mer PRECIS_Y "!shape.extent.YMax! - !shape.extent.YMin!" PYTHON_9.3 #</Process><Process ToolSource="c:\program files (x86)\arcgis\desktop10.2\ArcToolbox\Toolboxes\Data Management Tools.tbx\CalculateField" Date="20131024" Time="113637">CalculateField znieff1_mer PRECIS_Y "round (!PRECIS_Y!,0)" PYTHON_9.3 #</Process><Process ToolSource="c:\program files (x86)\arcgis\desktop10.2\ArcToolbox\Toolboxes\Data Management Tools.tbx\AddField" Date="20131024" Time="113637">AddField znieff1_mer SUPERFICIE DOUBLE # # # # NULLABLE NON_REQUIRED #</Process><Process ToolSource="c:\program files (x86)\arcgis\desktop10.2\ArcToolbox\Toolboxes\Data Management Tools.tbx\CalculateField" Date="20131024" Time="113637">CalculateField znieff1_mer SUPERFICIE !shape.area@hectares! PYTHON_9.3 #</Process><Process ToolSource="c:\program files (x86)\arcgis\desktop10.2\ArcToolbox\Toolboxes\Data Management Tools.tbx\CalculateField" Date="20131024" Time="113637">CalculateField znieff1_mer SUPERFICIE "round (!SUPERFICIE!,0)" PYTHON_9.3 #</Process><Process ToolSource="c:\program files (x86)\arcgis\desktop10.2\ArcToolbox\Toolboxes\Data Management Tools.tbx\RepairGeometry" Date="20131024" Time="113807">RepairGeometry znieff1_mer DELETE_NULL</Process><Process ToolSource="c:\program files (x86)\arcgis\desktop10.2\ArcToolbox\Toolboxes\Data Management Tools.tbx\AddField" Date="20131024" Time="113807">AddField znieff1_mer X_PROJ DOUBLE 10 0 # # NULLABLE NON_REQUIRED #</Process><Process ToolSource="c:\program files (x86)\arcgis\desktop10.2\ArcToolbox\Toolboxes\Data Management Tools.tbx\CalculateField" Date="20131024" Time="113807">CalculateField znieff1_mer X_PROJ !shape.labelPoint.X! PYTHON_9.3 #</Process><Process ToolSource="c:\program files (x86)\arcgis\desktop10.2\ArcToolbox\Toolboxes\Data Management Tools.tbx\CalculateField" Date="20131024" Time="113807">CalculateField znieff1_mer X_PROJ "round (!X_PROJ!,0)" PYTHON_9.3 #</Process><Process ToolSource="c:\program files (x86)\arcgis\desktop10.2\ArcToolbox\Toolboxes\Data Management Tools.tbx\AddField" Date="20131024" Time="113807">AddField znieff1_mer Y_PROJ DOUBLE 10 0 # # NULLABLE NON_REQUIRED #</Process><Process ToolSource="c:\program files (x86)\arcgis\desktop10.2\ArcToolbox\Toolboxes\Data Management Tools.tbx\CalculateField" Date="20131024" Time="113808">CalculateField znieff1_mer Y_PROJ !shape.labelPoint.Y! PYTHON_9.3 #</Process><Process ToolSource="c:\program files (x86)\arcgis\desktop10.2\ArcToolbox\Toolboxes\Data Management Tools.tbx\CalculateField" Date="20131024" Time="113808">CalculateField znieff1_mer Y_PROJ "round (!Y_PROJ!,0)" PYTHON_9.3 #</Process><Process ToolSource="c:\program files (x86)\arcgis\desktop10.2\ArcToolbox\Toolboxes\Data Management Tools.tbx\AddField" Date="20131024" Time="113808">AddField znieff1_mer PRECIS_X DOUBLE 10 0 # # NULLABLE NON_REQUIRED #</Process><Process ToolSource="c:\program files (x86)\arcgis\desktop10.2\ArcToolbox\Toolboxes\Data Management Tools.tbx\CalculateField" Date="20131024" Time="113808">CalculateField znieff1_mer PRECIS_X "!shape.extent.XMax! - !shape.extent.XMin!" PYTHON_9.3 #</Process><Process ToolSource="c:\program files (x86)\arcgis\desktop10.2\ArcToolbox\Toolboxes\Data Management Tools.tbx\CalculateField" Date="20131024" Time="113808">CalculateField znieff1_mer PRECIS_X "round (!PRECIS_X!,0)" PYTHON_9.3 #</Process><Process ToolSource="c:\program files (x86)\arcgis\desktop10.2\ArcToolbox\Toolboxes\Data Management Tools.tbx\AddField" Date="20131024" Time="113808">AddField znieff1_mer PRECIS_Y DOUBLE 10 0 # # NULLABLE NON_REQUIRED #</Process><Process ToolSource="c:\program files (x86)\arcgis\desktop10.2\ArcToolbox\Toolboxes\Data Management Tools.tbx\CalculateField" Date="20131024" Time="113808">CalculateField znieff1_mer PRECIS_Y "!shape.extent.YMax! - !shape.extent.YMin!" PYTHON_9.3 #</Process><Process ToolSource="c:\program files (x86)\arcgis\desktop10.2\ArcToolbox\Toolboxes\Data Management Tools.tbx\CalculateField" Date="20131024" Time="113808">CalculateField znieff1_mer PRECIS_Y "round (!PRECIS_Y!,0)" PYTHON_9.3 #</Process><Process ToolSource="c:\program files (x86)\arcgis\desktop10.2\ArcToolbox\Toolboxes\Data Management Tools.tbx\AddField" Date="20131024" Time="113808">AddField znieff1_mer SUPERFICIE DOUBLE # # # # NULLABLE NON_REQUIRED #</Process><Process ToolSource="c:\program files (x86)\arcgis\desktop10.2\ArcToolbox\Toolboxes\Data Management Tools.tbx\CalculateField" Date="20131024" Time="113808">CalculateField znieff1_mer SUPERFICIE !shape.area@hectares! PYTHON_9.3 #</Process><Process ToolSource="c:\program files (x86)\arcgis\desktop10.2\ArcToolbox\Toolboxes\Data Management Tools.tbx\CalculateField" Date="20131024" Time="113808">CalculateField znieff1_mer SUPERFICIE "round (!SUPERFICIE!,0)" PYTHON_9.3 #</Process><Process ToolSource="c:\program files (x86)\arcgis\desktop10.2\ArcToolbox\Toolboxes\Data Management Tools.tbx\DeleteField" Date="20131024" Time="114521">DeleteField znieff1_mer CD_SIG;X_PROJ;Y_PROJ;PRECIS_X;PRECIS_Y;SUPERFICIE</Process></lineage><itemProps><itemName Sync="TRUE">ZNIEFF_MER_TYPE_I</itemName><imsContentType Sync="TRUE">002</imsContentType><itemSize Sync="TRUE">0.000</itemSize><itemLocation><linkage Sync="TRUE">file://\\EGB308LB\E$\projet\znieff\znieffmer\contrôle\couche_valide_national\SHAPE\znieff1_mer</linkage><protocol Sync="TRUE">Local Area Network</protocol></itemLocation></itemProps><coordRef><type Sync="TRUE">Projected</type><geogcsn Sync="TRUE">GCS_RGF_1993</geogcsn><csUnits Sync="TRUE">Linear Unit: Meter (1.000000)</csUnits><projcsn Sync="TRUE">RGF_1993_Lambert_93</projcsn><peXml Sync="TRUE">&lt;ProjectedCoordinateSystem xsi:type='typens:ProjectedCoordinateSystem' xmlns:xsi='http://www.w3.org/2001/XMLSchema-instance' xmlns:xs='http://www.w3.org/2001/XMLSchema' xmlns:typens='http://www.esri.com/schemas/ArcGIS/10.1'&gt;&lt;WKT&gt;PROJCS[&amp;quot;RGF_1993_Lambert_93&amp;quot;,GEOGCS[&amp;quot;GCS_RGF_1993&amp;quot;,DATUM[&amp;quot;D_RGF_1993&amp;quot;,SPHEROID[&amp;quot;GRS_1980&amp;quot;,6378137.0,298.257222101]],PRIMEM[&amp;quot;Greenwich&amp;quot;,0.0],UNIT[&amp;quot;Degree&amp;quot;,0.0174532925199433]],PROJECTION[&amp;quot;Lambert_Conformal_Conic&amp;quot;],PARAMETER[&amp;quot;False_Easting&amp;quot;,700000.0],PARAMETER[&amp;quot;False_Northing&amp;quot;,6600000.0],PARAMETER[&amp;quot;Central_Meridian&amp;quot;,3.0],PARAMETER[&amp;quot;Standard_Parallel_1&amp;quot;,44.0],PARAMETER[&amp;quot;Standard_Parallel_2&amp;quot;,49.0],PARAMETER[&amp;quot;Latitude_Of_Origin&amp;quot;,46.5],UNIT[&amp;quot;Meter&amp;quot;,1.0],AUTHORITY[&amp;quot;EPSG&amp;quot;,2154]]&lt;/WKT&gt;&lt;XOrigin&gt;-35597500&lt;/XOrigin&gt;&lt;YOrigin&gt;-23641900&lt;/YOrigin&gt;&lt;XYScale&gt;124074650.52332792&lt;/XYScale&gt;&lt;ZOrigin&gt;-100000&lt;/ZOrigin&gt;&lt;ZScale&gt;10000&lt;/ZScale&gt;&lt;MOrigin&gt;-100000&lt;/MOrigin&gt;&lt;MScale&gt;10000&lt;/MScale&gt;&lt;XYTolerance&gt;0.001&lt;/XYTolerance&gt;&lt;ZTolerance&gt;0.001&lt;/ZTolerance&gt;&lt;MTolerance&gt;0.001&lt;/MTolerance&gt;&lt;HighPrecision&gt;true&lt;/HighPrecision&gt;&lt;WKID&gt;102110&lt;/WKID&gt;&lt;LatestWKID&gt;2154&lt;/LatestWKID&gt;&lt;/ProjectedCoordinateSystem&gt;</peXml></coordRef><copyHistory><copy source="E:\projet\znieff\znieffmer\contrôle\couche_valide_national\shape_ORACLE\znieff1_mer" dest="\\EGB308LB\E$\projet\znieff\znieffmer\contrôle\couche_valide_national\SHAPE\znieff1_mer" date="20131024" time="11444700"></copy></copyHistory></DataProperties><SyncDate>20131024</SyncDate><SyncTime>09544900</SyncTime><ModDate>20131024</ModDate><ModTime>09544900</ModTime></Esri><dataIdInfo><envirDesc Sync="TRUE">Microsoft Windows 7 Version 6.1 (Build 7601) Service Pack 1; Esri ArcGIS 10.2.0.3348</envirDesc><dataLang><languageCode value="fra" Sync="TRUE"></languageCode><countryCode value="FRA" Sync="TRUE"></countryCode></dataLang><idCitation><resTitle Sync="TRUE">ZNIEFF_MER_TYPE_I</resTitle><presForm><PresFormCd value="005" Sync="TRUE"></PresFormCd></presForm></idCitation><spatRpType><SpatRepTypCd value="001" Sync="TRUE"></SpatRepTypCd></spatRpType></dataIdInfo><mdLang><languageCode value="fra" Sync="TRUE"></languageCode><countryCode value="FRA" Sync="TRUE"></countryCode></mdLang><mdChar><CharSetCd value="004" Sync="TRUE"></CharSetCd></mdChar><distInfo><distFormat><formatName Sync="TRUE">Fichier de formes</formatName></distFormat><distTranOps><transSize Sync="TRUE">0.000</transSize></distTranOps></distInfo><mdHrLv><ScopeCd value="005" Sync="TRUE"></ScopeCd></mdHrLv><mdHrLvName Sync="TRUE">dataset</mdHrLvName><refSysInfo><RefSystem><refSysID><identCode code="2154" Sync="TRUE"></identCode><idCodeSpace Sync="TRUE">EPSG</idCodeSpace><idVersion Sync="TRUE">8.1.1</idVersion></refSysID></RefSystem></refSysInfo><spatRepInfo><VectSpatRep><geometObjs Name="ZNIEFF_MER_TYPE_I"><geoObjTyp><GeoObjTypCd value="002" Sync="TRUE"></GeoObjTypCd></geoObjTyp><geoObjCnt Sync="TRUE">0</geoObjCnt></geometObjs><topLvl><TopoLevCd value="001" Sync="TRUE"></TopoLevCd></topLvl></VectSpatRep></spatRepInfo><spdoinfo><ptvctinf><esriterm Name="ZNIEFF_MER_TYPE_I"><efeatyp Sync="TRUE">Simple</efeatyp><efeageom code="4" Sync="TRUE"></efeageom><esritopo Sync="TRUE">FALSE</esritopo><efeacnt Sync="TRUE">0</efeacnt><spindex Sync="TRUE">FALSE</spindex><linrefer Sync="TRUE">FALSE</linrefer></esriterm></ptvctinf></spdoinfo><eainfo><detailed Name="ZNIEFF_MER_TYPE_I"><enttyp><enttypl Sync="TRUE">ZNIEFF_MER_TYPE_I</enttypl><enttypt Sync="TRUE">Feature Class</enttypt><enttypc Sync="TRUE">0</enttypc></enttyp><attr><attrlabl Sync="TRUE">FID</attrlabl><attalias Sync="TRUE">FID</attalias><attrtype Sync="TRUE">OID</attrtype><attwidth Sync="TRUE">4</attwidth><atprecis Sync="TRUE">0</atprecis><attscale Sync="TRUE">0</attscale><attrdef Sync="TRUE">Internal feature number.</attrdef><attrdefs Sync="TRUE">Esri</attrdefs><attrdomv><udom Sync="TRUE">Sequential unique whole numbers that are automatically generated.</udom></attrdomv></attr><attr><attrlabl Sync="TRUE">Shape</attrlabl><attalias Sync="TRUE">Shape</attalias><attrtype Sync="TRUE">Geometry</attrtype><attwidth Sync="TRUE">0</attwidth><atprecis Sync="TRUE">0</atprecis><attscale Sync="TRUE">0</attscale><attrdef Sync="TRUE">Feature geometry.</attrdef><attrdefs Sync="TRUE">Esri</attrdefs><attrdomv><udom Sync="TRUE">Coordinates defining the features.</udom></attrdomv></attr><attr><attrlabl Sync="TRUE">NOM</attrlabl><attalias Sync="TRUE">NOM</attalias><attrtype Sync="TRUE">String</attrtype><attwidth Sync="TRUE">160</attwidth><atprecis Sync="TRUE">0</atprecis><attscale Sync="TRUE">0</attscale></attr><attr><attrlabl Sync="TRUE">ID_MNHN</attrlabl><attalias Sync="TRUE">ID_MNHN</attalias><attrtype Sync="TRUE">String</attrtype><attwidth Sync="TRUE">9</attwidth><atprecis Sync="TRUE">0</atprecis><attscale Sync="TRUE">0</attscale></attr><attr><attrlabl Sync="TRUE">ID_ORG</attrlabl><attalias Sync="TRUE">ID_ORG</attalias><attrtype Sync="TRUE">String</attrtype><attwidth Sync="TRUE">12</attwidth><atprecis Sync="TRUE">0</atprecis><attscale Sync="TRUE">0</attscale></attr><attr><attrlabl Sync="TRUE">CD_SIG</attrlabl><attalias Sync="TRUE">CD_SIG</attalias><attrtype Sync="TRUE">String</attrtype><attwidth Sync="TRUE">21</attwidth><atprecis Sync="TRUE">0</atprecis><attscale Sync="TRUE">0</attscale></attr><attr><attrlabl Sync="TRUE">GENERATION</attrlabl><attalias Sync="TRUE">GENERATION</attalias><attrtype Sync="TRUE">SmallInteger</attrtype><attwidth Sync="TRUE">4</attwidth><atprecis Sync="TRUE">4</atprecis><attscale Sync="TRUE">0</attscale></attr><attr><attrlabl Sync="TRUE">Shape_Leng</attrlabl><attalias Sync="TRUE">Shape_Leng</attalias><attrtype Sync="TRUE">Double</attrtype><attwidth Sync="TRUE">19</attwidth><atprecis Sync="TRUE">0</atprecis><attscale Sync="TRUE">0</attscale></attr><attr><attrlabl Sync="TRUE">Shape_Area</attrlabl><attalias Sync="TRUE">Shape_Area</attalias><attrtype Sync="TRUE">Double</attrtype><attwidth Sync="TRUE">19</attwidth><atprecis Sync="TRUE">0</atprecis><attscale Sync="TRUE">0</attscale><attrdef Sync="TRUE">Area of feature in internal units squared.</attrdef><attrdefs Sync="TRUE">Esri</attrdefs><attrdomv><udom Sync="TRUE">Positive real numbers that are automatically generated.</udom></attrdomv></attr><attr><attrlabl Sync="TRUE">ID_zni1</attrlabl><attalias Sync="TRUE">ID_zni1</attalias><attrtype Sync="TRUE">String</attrtype><attwidth Sync="TRUE">15</attwidth><atprecis Sync="TRUE">0</atprecis><attscale Sync="TRUE">0</attscale></attr></detailed></eainfo><mdDateSt Sync="TRUE">20131024</mdDateSt></metadata>
