<?xml version="1.0" encoding="UTF-8"?>
<metadata xml:lang="fr"><Esri><CreaDate>20160210</CreaDate><CreaTime>16093200</CreaTime><ArcGISFormat>1.0</ArcGISFormat><SyncOnce>FALSE</SyncOnce><DataProperties><lineage><Process ToolSource="c:\program files (x86)\arcgis\desktop10.2\ArcToolbox\Toolboxes\Data Management Tools.tbx\CalculateField" Date="20150417" Time="103944">CalculateField N_ENP_RAMSAR_S_000 ID_MNHN_1 [ID_MNHN] VB #</Process><Process ToolSource="c:\program files (x86)\arcgis\desktop10.2\ArcToolbox\Toolboxes\Data Management Tools.tbx\CalculateField" Date="20150417" Time="111618">CalculateField N_ENP_RAMSAR_S_000 P1_NATURE "T" VB #</Process><Process ToolSource="c:\program files (x86)\arcgis\desktop10.2\ArcToolbox\Toolboxes\Data Management Tools.tbx\CalculateField" Date="20150417" Time="111626">CalculateField N_ENP_RAMSAR_S_000 P2_CULTURE "F" VB #</Process><Process ToolSource="c:\program files (x86)\arcgis\desktop10.2\ArcToolbox\Toolboxes\Data Management Tools.tbx\CalculateField" Date="20150417" Time="111630">CalculateField N_ENP_RAMSAR_S_000 P3_PAYSAGE "F" VB #</Process><Process ToolSource="c:\program files (x86)\arcgis\desktop10.2\ArcToolbox\Toolboxes\Data Management Tools.tbx\CalculateField" Date="20150417" Time="111635">CalculateField N_ENP_RAMSAR_S_000 P4_GEOLOGI "F" VB #</Process><Process ToolSource="c:\program files (x86)\arcgis\desktop10.2\ArcToolbox\Toolboxes\Data Management Tools.tbx\CalculateField" Date="20150417" Time="111638">CalculateField N_ENP_RAMSAR_S_000 P5_SPELEO "F" VB #</Process><Process ToolSource="c:\program files (x86)\arcgis\desktop10.2\ArcToolbox\Toolboxes\Data Management Tools.tbx\CalculateField" Date="20150417" Time="111642">CalculateField N_ENP_RAMSAR_S_000 P6_ARCHEO "F" VB #</Process><Process ToolSource="c:\program files (x86)\arcgis\desktop10.2\ArcToolbox\Toolboxes\Data Management Tools.tbx\CalculateField" Date="20150417" Time="111645">CalculateField N_ENP_RAMSAR_S_000 P7_PALEOB "F" VB #</Process><Process ToolSource="c:\program files (x86)\arcgis\desktop10.2\ArcToolbox\Toolboxes\Data Management Tools.tbx\CalculateField" Date="20150417" Time="111650">CalculateField N_ENP_RAMSAR_S_000 P8_ANTHROP "F" VB #</Process><Process ToolSource="c:\program files (x86)\arcgis\desktop10.2\ArcToolbox\Toolboxes\Data Management Tools.tbx\CalculateField" Date="20150417" Time="111653">CalculateField N_ENP_RAMSAR_S_000 P9_SCIENCE "F" VB #</Process><Process ToolSource="c:\program files (x86)\arcgis\desktop10.2\ArcToolbox\Toolboxes\Data Management Tools.tbx\CalculateField" Date="20150417" Time="111656">CalculateField N_ENP_RAMSAR_S_000 P10_PUBLIC "F" VB #</Process><Process ToolSource="c:\program files (x86)\arcgis\desktop10.2\ArcToolbox\Toolboxes\Data Management Tools.tbx\CalculateField" Date="20150417" Time="111700">CalculateField N_ENP_RAMSAR_S_000 P11_DD "F" VB #</Process><Process ToolSource="c:\program files (x86)\arcgis\desktop10.2\ArcToolbox\Toolboxes\Data Management Tools.tbx\CalculateField" Date="20150417" Time="111704">CalculateField N_ENP_RAMSAR_S_000 P12_AUTRE "F" VB #</Process><Process ToolSource="c:\program files (x86)\arcgis\desktop10.2\ArcToolbox\Toolboxes\Data Management Tools.tbx\CalculateField" Date="20150417" Time="111722">CalculateField N_ENP_RAMSAR_S_000 P1_NATURE "N" VB #</Process><Process ToolSource="c:\program files (x86)\arcgis\desktop10.2\ArcToolbox\Toolboxes\Data Management Tools.tbx\CalculateField" Date="20150417" Time="111726">CalculateField N_ENP_RAMSAR_S_000 P2_CULTURE "N" VB #</Process><Process ToolSource="c:\program files (x86)\arcgis\desktop10.2\ArcToolbox\Toolboxes\Data Management Tools.tbx\CalculateField" Date="20150417" Time="111729">CalculateField N_ENP_RAMSAR_S_000 P3_PAYSAGE "N" VB #</Process><Process ToolSource="c:\program files (x86)\arcgis\desktop10.2\ArcToolbox\Toolboxes\Data Management Tools.tbx\CalculateField" Date="20150417" Time="111732">CalculateField N_ENP_RAMSAR_S_000 P4_GEOLOGI "N" VB #</Process><Process ToolSource="c:\program files (x86)\arcgis\desktop10.2\ArcToolbox\Toolboxes\Data Management Tools.tbx\CalculateField" Date="20150417" Time="111736">CalculateField N_ENP_RAMSAR_S_000 P5_SPELEO "N" VB #</Process><Process ToolSource="c:\program files (x86)\arcgis\desktop10.2\ArcToolbox\Toolboxes\Data Management Tools.tbx\CalculateField" Date="20150417" Time="111739">CalculateField N_ENP_RAMSAR_S_000 P6_ARCHEO "N" VB #</Process><Process ToolSource="c:\program files (x86)\arcgis\desktop10.2\ArcToolbox\Toolboxes\Data Management Tools.tbx\CalculateField" Date="20150417" Time="111745">CalculateField N_ENP_RAMSAR_S_000 P7_PALEOB "N" VB #</Process><Process ToolSource="c:\program files (x86)\arcgis\desktop10.2\ArcToolbox\Toolboxes\Data Management Tools.tbx\CalculateField" Date="20150417" Time="111749">CalculateField N_ENP_RAMSAR_S_000 P8_ANTHROP "N" VB #</Process><Process ToolSource="c:\program files (x86)\arcgis\desktop10.2\ArcToolbox\Toolboxes\Data Management Tools.tbx\CalculateField" Date="20150417" Time="111752">CalculateField N_ENP_RAMSAR_S_000 P9_SCIENCE "N" VB #</Process><Process ToolSource="c:\program files (x86)\arcgis\desktop10.2\ArcToolbox\Toolboxes\Data Management Tools.tbx\CalculateField" Date="20150417" Time="111755">CalculateField N_ENP_RAMSAR_S_000 P10_PUBLIC "N" VB #</Process><Process ToolSource="c:\program files (x86)\arcgis\desktop10.2\ArcToolbox\Toolboxes\Data Management Tools.tbx\CalculateField" Date="20150417" Time="111800">CalculateField N_ENP_RAMSAR_S_000 P11_DD "N" VB #</Process><Process ToolSource="c:\program files (x86)\arcgis\desktop10.2\ArcToolbox\Toolboxes\Data Management Tools.tbx\CalculateField" Date="20150417" Time="111803">CalculateField N_ENP_RAMSAR_S_000 P12_AUTRE "N" VB #</Process><Process ToolSource="c:\program files (x86)\arcgis\desktop10.2\ArcToolbox\Toolboxes\Data Management Tools.tbx\CopyFeatures" Date="20150417" Time="113409">CopyFeatures N_ENP_RAMSAR_S_000 C:\Users\Montagne\Desktop\MONTAGNE\Travail\2015_ec\MAJ_2.mdb\Ramsar\N_ENP_RAMSAR_S_000 # 0 0 0</Process><Process ToolSource="c:\program files (x86)\arcgis\desktop10.2\ArcToolbox\Toolboxes\Data Management Tools.tbx\CalculateField" Date="20150417" Time="114133">CalculateField N_ENP_RAMSAR_S_000 ID_MNHN [ID_MNHN_1] VB #</Process><Process ToolSource="c:\program files (x86)\arcgis\desktop10.2\ArcToolbox\Toolboxes\Data Management Tools.tbx\CalculateField" Date="20150417" Time="114614">CalculateField N_ENP_RAMSAR_S_000 MODIF_GEO "17/04/15" VB #</Process><Process Name="Add Field" ToolSource="c:\program files (x86)\arcgis\desktop10.2\ArcToolbox\Toolboxes\Data Management Tools.tbx\AddField" Date="20150420" Time="112613">AddField N_ENP_RAMSAR_S_000 AREA_HA DOUBLE # # 3 # NULLABLE NON_REQUIRED #</Process><Process Name="Calculate Field" ToolSource="c:\program files (x86)\arcgis\desktop10.2\ArcToolbox\Toolboxes\Data Management Tools.tbx\CalculateField" Date="20150420" Time="112613">CalculateField N_ENP_RAMSAR_S_000 AREA_HA round(!shape.area@hectares!,4) PYTHON_9.3 #</Process><Process Name="Add Field (2)" ToolSource="c:\program files (x86)\arcgis\desktop10.2\ArcToolbox\Toolboxes\Data Management Tools.tbx\AddField" Date="20150420" Time="112614">AddField N_ENP_RAMSAR_S_000 REG TEXT # # 3 # NULLABLE NON_REQUIRED #</Process><Process Name="Add Field (5)" ToolSource="c:\program files (x86)\arcgis\desktop10.2\ArcToolbox\Toolboxes\Data Management Tools.tbx\AddField" Date="20150420" Time="112711">AddField N_ENP_RAMSAR_S_000 CD_SIG TEXT # # 21 # NULLABLE NON_REQUIRED #</Process><Process ToolSource="c:\program files (x86)\arcgis\desktop10.2\ArcToolbox\Toolboxes\Data Management Tools.tbx\CalculateField" Date="20150420" Time="113012">CalculateField N_ENP_RAMSAR_S_000 CD_SIG ""I056"+ [ID_MNHN]" VB #</Process><Process Name="Add Field" ToolSource="c:\program files (x86)\arcgis\desktop10.2\ArcToolbox\Toolboxes\Data Management Tools.tbx\AddField" Date="20150420" Time="113603">AddField N_ENP_RAMSAR_S_000 X_PROJ LONG # # # # NULLABLE NON_REQUIRED #</Process><Process Name="Calculate Field" ToolSource="c:\program files (x86)\arcgis\desktop10.2\ArcToolbox\Toolboxes\Data Management Tools.tbx\CalculateField" Date="20150420" Time="113604">CalculateField N_ENP_RAMSAR_S_000 X_PROJ !shape.labelPoint.X! PYTHON_9.3 #</Process><Process Name="Add Field (2)" ToolSource="c:\program files (x86)\arcgis\desktop10.2\ArcToolbox\Toolboxes\Data Management Tools.tbx\AddField" Date="20150420" Time="113606">AddField N_ENP_RAMSAR_S_000 Y_PROJ LONG # # # # NULLABLE NON_REQUIRED #</Process><Process Name="Calculate Field (2)" ToolSource="c:\program files (x86)\arcgis\desktop10.2\ArcToolbox\Toolboxes\Data Management Tools.tbx\CalculateField" Date="20150420" Time="113607">CalculateField N_ENP_RAMSAR_S_000 Y_PROJ !shape.labelPoint.Y! PYTHON_9.3 #</Process><Process Name="Add Field (3)" ToolSource="c:\program files (x86)\arcgis\desktop10.2\ArcToolbox\Toolboxes\Data Management Tools.tbx\AddField" Date="20150420" Time="113609">AddField N_ENP_RAMSAR_S_000 PRECIS_X LONG # # # # NULLABLE NON_REQUIRED #</Process><Process Name="Calculate Field (3)" ToolSource="c:\program files (x86)\arcgis\desktop10.2\ArcToolbox\Toolboxes\Data Management Tools.tbx\CalculateField" Date="20150420" Time="113610">CalculateField N_ENP_RAMSAR_S_000 PRECIS_X (!shape.extent.XMax! - !shape.extent.XMin!)/2 PYTHON_9.3 #</Process><Process Name="Add Field (4)" ToolSource="c:\program files (x86)\arcgis\desktop10.2\ArcToolbox\Toolboxes\Data Management Tools.tbx\AddField" Date="20150420" Time="113612">AddField N_ENP_RAMSAR_S_000 PRECIS_Y LONG # # # # NULLABLE NON_REQUIRED #</Process><Process Name="Calculate Field (4)" ToolSource="c:\program files (x86)\arcgis\desktop10.2\ArcToolbox\Toolboxes\Data Management Tools.tbx\CalculateField" Date="20150420" Time="113614">CalculateField N_ENP_RAMSAR_S_000 PRECIS_Y (!shape.extent.YMax! - !shape.extent.YMin!)/2 PYTHON_9.3 #</Process><Process ToolSource="c:\program files (x86)\arcgis\desktop10.2\ArcToolbox\Toolboxes\Conversion Tools.tbx\FeatureClassToFeatureClass" Date="20150420" Time="134035">FeatureClassToFeatureClass N_ENP_RAMSAR_S_000 "Connexions aux bases de données\SIG - racscan.sde" RAMSAR # "ID_LOCAL "ID_LOCAL" true true false 15 Text 0 0 ,First,#,N_ENP_RAMSAR_S_000,ID_LOCAL,-1,-1;NOM_SITE "NOM_SITE" true true false 254 Text 0 0 ,First,#,N_ENP_RAMSAR_S_000,NOM_SITE,-1,-1;DATE_CREA "DATE_CREA" true true false 8 Date 0 0 ,First,#,N_ENP_RAMSAR_S_000,DATE_CREA,-1,-1;MODIF_ADM "MODIF_ADM" true true false 8 Date 0 0 ,First,#,N_ENP_RAMSAR_S_000,MODIF_ADM,-1,-1;MODIF_GEO "MODIF_GEO" true true false 8 Date 0 0 ,First,#,N_ENP_RAMSAR_S_000,MODIF_GEO,-1,-1;URL_FICHE "URL_FICHE" true true false 254 Text 0 0 ,First,#,N_ENP_RAMSAR_S_000,URL_FICHE,-1,-1;SURF_OFF "SURF_OFF" true true false 19 Double 0 0 ,First,#,N_ENP_RAMSAR_S_000,SURF_OFF,-1,-1;ACTE_DEB "ACTE_DEB" true true false 50 Text 0 0 ,First,#,N_ENP_RAMSAR_S_000,ACTE_DEB,-1,-1;ACTE_FIN "ACTE_FIN" true true false 50 Text 0 0 ,First,#,N_ENP_RAMSAR_S_000,ACTE_FIN,-1,-1;GEST_SITE "GEST_SITE" true true false 100 Text 0 0 ,First,#,N_ENP_RAMSAR_S_000,GEST_SITE,-1,-1;OPERATEUR "OPERATEUR" true true false 50 Text 0 0 ,First,#,N_ENP_RAMSAR_S_000,OPERATEUR,-1,-1;PRECISION_ "PRECISION_" true true false 2 Text 0 0 ,First,#,N_ENP_RAMSAR_S_000,PRECISION_,-1,-1;SRC_GEOM "SRC_GEOM" true true false 100 Text 0 0 ,First,#,N_ENP_RAMSAR_S_000,SRC_GEOM,-1,-1;SRC_ANNEE "SRC_ANNEE" true true false 4 Text 0 0 ,First,#,N_ENP_RAMSAR_S_000,SRC_ANNEE,-1,-1;MARIN "MARIN" true true false 1 Text 0 0 ,First,#,N_ENP_RAMSAR_S_000,MARIN,-1,-1;P1_NATURE "P1_NATURE" true true false 1 Text 0 0 ,First,#,N_ENP_RAMSAR_S_000,P1_NATURE,-1,-1;P2_CULTURE "P2_CULTURE" true true false 1 Text 0 0 ,First,#,N_ENP_RAMSAR_S_000,P2_CULTURE,-1,-1;P3_PAYSAGE "P3_PAYSAGE" true true false 1 Text 0 0 ,First,#,N_ENP_RAMSAR_S_000,P3_PAYSAGE,-1,-1;P4_GEOLOGI "P4_GEOLOGI" true true false 1 Text 0 0 ,First,#,N_ENP_RAMSAR_S_000,P4_GEOLOGI,-1,-1;P5_SPELEO "P5_SPELEO" true true false 1 Text 0 0 ,First,#,N_ENP_RAMSAR_S_000,P5_SPELEO,-1,-1;P6_ARCHEO "P6_ARCHEO" true true false 1 Text 0 0 ,First,#,N_ENP_RAMSAR_S_000,P6_ARCHEO,-1,-1;P7_PALEOB "P7_PALEOB" true true false 1 Text 0 0 ,First,#,N_ENP_RAMSAR_S_000,P7_PALEOB,-1,-1;P8_ANTHROP "P8_ANTHROP" true true false 1 Text 0 0 ,First,#,N_ENP_RAMSAR_S_000,P8_ANTHROP,-1,-1;P9_SCIENCE "P9_SCIENCE" true true false 1 Text 0 0 ,First,#,N_ENP_RAMSAR_S_000,P9_SCIENCE,-1,-1;P10_PUBLIC "P10_PUBLIC" true true false 1 Text 0 0 ,First,#,N_ENP_RAMSAR_S_000,P10_PUBLIC,-1,-1;P11_DD "P11_DD" true true false 1 Text 0 0 ,First,#,N_ENP_RAMSAR_S_000,P11_DD,-1,-1;P12_AUTRE "P12_AUTRE" true true false 1 Text 0 0 ,First,#,N_ENP_RAMSAR_S_000,P12_AUTRE,-1,-1;ID_MNHN "ID_MNHN" true true false 30 Text 0 0 ,First,#,N_ENP_RAMSAR_S_000,ID_MNHN,-1,-1;AREA_HA "AREA_HA" true true false 19 Double 0 0 ,First,#,N_ENP_RAMSAR_S_000,AREA_HA,-1,-1;REG "REG" true true false 3 Text 0 0 ,First,#,N_ENP_RAMSAR_S_000,REG,-1,-1;CD_SIG "CD_SIG" true true false 21 Text 0 0 ,First,#,N_ENP_RAMSAR_S_000,CD_SIG,-1,-1;X_PROJ "X_PROJ" true true false 9 Long 0 9 ,First,#,N_ENP_RAMSAR_S_000,X_PROJ,-1,-1;Y_PROJ "Y_PROJ" true true false 9 Long 0 9 ,First,#,N_ENP_RAMSAR_S_000,Y_PROJ,-1,-1;PRECIS_X "PRECIS_X" true true false 9 Long 0 9 ,First,#,N_ENP_RAMSAR_S_000,PRECIS_X,-1,-1;PRECIS_Y "PRECIS_Y" true true false 9 Long 0 9 ,First,#,N_ENP_RAMSAR_S_000,PRECIS_Y,-1,-1" DEFAULTS_2154</Process><Process ToolSource="c:\program files (x86)\arcgis\desktop10.2\ArcToolbox\Toolboxes\Conversion Tools.tbx\FeatureClassToFeatureClass" Date="20150930" Time="152419">FeatureClassToFeatureClass SIG.RAMSAR d:\Desktop\MONTAGNE\Travail\2015_ec\APB.mdb\RAMSAR RAMSAR # "ID_LOCAL "ID_LOCAL" true true false 15 Text 0 0 ,First,#,SIG.RAMSAR,ID_LOCAL,-1,-1;NOM_SITE "NOM_SITE" true true false 254 Text 0 0 ,First,#,SIG.RAMSAR,NOM_SITE,-1,-1;DATE_CREA "DATE_CREA" true true false 36 Date 0 0 ,First,#,SIG.RAMSAR,DATE_CREA,-1,-1;MODIF_ADM "MODIF_ADM" true true false 36 Date 0 0 ,First,#,SIG.RAMSAR,MODIF_ADM,-1,-1;MODIF_GEO "MODIF_GEO" true true false 36 Date 0 0 ,First,#,SIG.RAMSAR,MODIF_GEO,-1,-1;URL_FICHE "URL_FICHE" true true false 254 Text 0 0 ,First,#,SIG.RAMSAR,URL_FICHE,-1,-1;SURF_OFF "SURF_OFF" true true false 8 Double 8 38 ,First,#,SIG.RAMSAR,SURF_OFF,-1,-1;ACTE_DEB "ACTE_DEB" true true false 50 Text 0 0 ,First,#,SIG.RAMSAR,ACTE_DEB,-1,-1;ACTE_FIN "ACTE_FIN" true true false 50 Text 0 0 ,First,#,SIG.RAMSAR,ACTE_FIN,-1,-1;GEST_SITE "GEST_SITE" true true false 100 Text 0 0 ,First,#,SIG.RAMSAR,GEST_SITE,-1,-1;OPERATEUR "OPERATEUR" true true false 50 Text 0 0 ,First,#,SIG.RAMSAR,OPERATEUR,-1,-1;PRECISION_ "PRECISION_" true true false 2 Text 0 0 ,First,#,SIG.RAMSAR,PRECISION_,-1,-1;SRC_GEOM "SRC_GEOM" true true false 100 Text 0 0 ,First,#,SIG.RAMSAR,SRC_GEOM,-1,-1;SRC_ANNEE "SRC_ANNEE" true true false 4 Text 0 0 ,First,#,SIG.RAMSAR,SRC_ANNEE,-1,-1;MARIN "MARIN" true true false 1 Text 0 0 ,First,#,SIG.RAMSAR,MARIN,-1,-1;P1_NATURE "P1_NATURE" true true false 1 Text 0 0 ,First,#,SIG.RAMSAR,P1_NATURE,-1,-1;P2_CULTURE "P2_CULTURE" true true false 1 Text 0 0 ,First,#,SIG.RAMSAR,P2_CULTURE,-1,-1;P3_PAYSAGE "P3_PAYSAGE" true true false 1 Text 0 0 ,First,#,SIG.RAMSAR,P3_PAYSAGE,-1,-1;P4_GEOLOGI "P4_GEOLOGI" true true false 1 Text 0 0 ,First,#,SIG.RAMSAR,P4_GEOLOGI,-1,-1;P5_SPELEO "P5_SPELEO" true true false 1 Text 0 0 ,First,#,SIG.RAMSAR,P5_SPELEO,-1,-1;P6_ARCHEO "P6_ARCHEO" true true false 1 Text 0 0 ,First,#,SIG.RAMSAR,P6_ARCHEO,-1,-1;P7_PALEOB "P7_PALEOB" true true false 1 Text 0 0 ,First,#,SIG.RAMSAR,P7_PALEOB,-1,-1;P8_ANTHROP "P8_ANTHROP" true true false 1 Text 0 0 ,First,#,SIG.RAMSAR,P8_ANTHROP,-1,-1;P9_SCIENCE "P9_SCIENCE" true true false 1 Text 0 0 ,First,#,SIG.RAMSAR,P9_SCIENCE,-1,-1;P10_PUBLIC "P10_PUBLIC" true true false 1 Text 0 0 ,First,#,SIG.RAMSAR,P10_PUBLIC,-1,-1;P11_DD "P11_DD" true true false 1 Text 0 0 ,First,#,SIG.RAMSAR,P11_DD,-1,-1;P12_AUTRE "P12_AUTRE" true true false 1 Text 0 0 ,First,#,SIG.RAMSAR,P12_AUTRE,-1,-1;ID_MNHN "ID_MNHN" true true false 30 Text 0 0 ,First,#,SIG.RAMSAR,ID_MNHN,-1,-1;AREA_HA "AREA_HA" true true false 8 Double 8 38 ,First,#,SIG.RAMSAR,AREA_HA,-1,-1;REG "REG" true true false 3 Text 0 0 ,First,#,SIG.RAMSAR,REG,-1,-1;CD_SIG "CD_SIG" true true false 21 Text 0 0 ,First,#,SIG.RAMSAR,CD_SIG,-1,-1;X_PROJ "X_PROJ" true true false 4 Long 0 9 ,First,#,SIG.RAMSAR,X_PROJ,-1,-1;Y_PROJ "Y_PROJ" true true false 4 Long 0 9 ,First,#,SIG.RAMSAR,Y_PROJ,-1,-1;PRECIS_X "PRECIS_X" true true false 4 Long 0 9 ,First,#,SIG.RAMSAR,PRECIS_X,-1,-1;PRECIS_Y "PRECIS_Y" true true false 4 Long 0 9 ,First,#,SIG.RAMSAR,PRECIS_Y,-1,-1;SHAPE_AREA "SHAPE_AREA" false true true 0 Double 0 0 ,First,#,SIG.RAMSAR,SHAPE.AREA,-1,-1;SHAPE_LEN "SHAPE_LEN" false true true 0 Double 0 0 ,First,#,SIG.RAMSAR,SHAPE.LEN,-1,-1" #</Process><Process ToolSource="c:\program files (x86)\arcgis\desktop10.2\ArcToolbox\Toolboxes\Data Management Tools.tbx\Merge" Date="20150930" Time="152544">Merge RAMSAR;'N_ENP_RAMSAR_S_020 sélection' d:\Desktop\MONTAGNE\Travail\2015_ec\APB.mdb\RAMSAR\RAMSAR2 "ID_LOCAL "ID_LOCAL" true true false 15 Text 0 0 ,First,#,RAMSAR,ID_LOCAL,-1,-1,N_ENP_RAMSAR_S_020 sélection,ID_LOCAL,-1,-1;NOM_SITE "NOM_SITE" true true false 254 Text 0 0 ,First,#,RAMSAR,NOM_SITE,-1,-1,N_ENP_RAMSAR_S_020 sélection,NOM_SITE,-1,-1;DATE_CREA "DATE_CREA" true true false 8 Date 0 0 ,First,#,RAMSAR,DATE_CREA,-1,-1,N_ENP_RAMSAR_S_020 sélection,DATE_CREA,-1,-1;MODIF_ADM "MODIF_ADM" true true false 8 Date 0 0 ,First,#,RAMSAR,MODIF_ADM,-1,-1,N_ENP_RAMSAR_S_020 sélection,MODIF_ADM,-1,-1;MODIF_GEO "MODIF_GEO" true true false 8 Date 0 0 ,First,#,RAMSAR,MODIF_GEO,-1,-1,N_ENP_RAMSAR_S_020 sélection,MODIF_GEO,-1,-1;URL_FICHE "URL_FICHE" true true false 254 Text 0 0 ,First,#,RAMSAR,URL_FICHE,-1,-1,N_ENP_RAMSAR_S_020 sélection,URL_FICHE,-1,-1;SURF_OFF "SURF_OFF" true true false 8 Double 0 0 ,First,#,RAMSAR,SURF_OFF,-1,-1,N_ENP_RAMSAR_S_020 sélection,SURF_OFF,-1,-1;ACTE_DEB "ACTE_DEB" true true false 50 Text 0 0 ,First,#,RAMSAR,ACTE_DEB,-1,-1,N_ENP_RAMSAR_S_020 sélection,ACTE_DEB,-1,-1;ACTE_FIN "ACTE_FIN" true true false 50 Text 0 0 ,First,#,RAMSAR,ACTE_FIN,-1,-1,N_ENP_RAMSAR_S_020 sélection,ACTE_FIN,-1,-1;GEST_SITE "GEST_SITE" true true false 100 Text 0 0 ,First,#,RAMSAR,GEST_SITE,-1,-1,N_ENP_RAMSAR_S_020 sélection,GEST_SITE,-1,-1;OPERATEUR "OPERATEUR" true true false 50 Text 0 0 ,First,#,RAMSAR,OPERATEUR,-1,-1,N_ENP_RAMSAR_S_020 sélection,OPERATEUR,-1,-1;PRECISION_ "PRECISION_" true true false 2 Text 0 0 ,First,#,RAMSAR,PRECISION_,-1,-1;SRC_GEOM "SRC_GEOM" true true false 100 Text 0 0 ,First,#,RAMSAR,SRC_GEOM,-1,-1,N_ENP_RAMSAR_S_020 sélection,SRC_GEOM,-1,-1;SRC_ANNEE "SRC_ANNEE" true true false 4 Text 0 0 ,First,#,RAMSAR,SRC_ANNEE,-1,-1,N_ENP_RAMSAR_S_020 sélection,SRC_ANNEE,-1,-1;MARIN "MARIN" true true false 1 Text 0 0 ,First,#,RAMSAR,MARIN,-1,-1,N_ENP_RAMSAR_S_020 sélection,MARIN,-1,-1;P1_NATURE "P1_NATURE" true true false 1 Text 0 0 ,First,#,RAMSAR,P1_NATURE,-1,-1,N_ENP_RAMSAR_S_020 sélection,P1_NATURE,-1,-1;P2_CULTURE "P2_CULTURE" true true false 1 Text 0 0 ,First,#,RAMSAR,P2_CULTURE,-1,-1,N_ENP_RAMSAR_S_020 sélection,P2_CULTURE,-1,-1;P3_PAYSAGE "P3_PAYSAGE" true true false 1 Text 0 0 ,First,#,RAMSAR,P3_PAYSAGE,-1,-1,N_ENP_RAMSAR_S_020 sélection,P3_PAYSAGE,-1,-1;P4_GEOLOGI "P4_GEOLOGI" true true false 1 Text 0 0 ,First,#,RAMSAR,P4_GEOLOGI,-1,-1,N_ENP_RAMSAR_S_020 sélection,P4_GEOLOGI,-1,-1;P5_SPELEO "P5_SPELEO" true true false 1 Text 0 0 ,First,#,RAMSAR,P5_SPELEO,-1,-1,N_ENP_RAMSAR_S_020 sélection,P5_SPELEO,-1,-1;P6_ARCHEO "P6_ARCHEO" true true false 1 Text 0 0 ,First,#,RAMSAR,P6_ARCHEO,-1,-1,N_ENP_RAMSAR_S_020 sélection,P6_ARCHEO,-1,-1;P7_PALEOB "P7_PALEOB" true true false 1 Text 0 0 ,First,#,RAMSAR,P7_PALEOB,-1,-1,N_ENP_RAMSAR_S_020 sélection,P7_PALEOB,-1,-1;P8_ANTHROP "P8_ANTHROP" true true false 1 Text 0 0 ,First,#,RAMSAR,P8_ANTHROP,-1,-1,N_ENP_RAMSAR_S_020 sélection,P8_ANTHROP,-1,-1;P9_SCIENCE "P9_SCIENCE" true true false 1 Text 0 0 ,First,#,RAMSAR,P9_SCIENCE,-1,-1,N_ENP_RAMSAR_S_020 sélection,P9_SCIENCE,-1,-1;P10_PUBLIC "P10_PUBLIC" true true false 1 Text 0 0 ,First,#,RAMSAR,P10_PUBLIC,-1,-1,N_ENP_RAMSAR_S_020 sélection,P10_PUBLIC,-1,-1;P11_DD "P11_DD" true true false 1 Text 0 0 ,First,#,RAMSAR,P11_DD,-1,-1,N_ENP_RAMSAR_S_020 sélection,P11_DD,-1,-1;P12_AUTRE "P12_AUTRE" true true false 1 Text 0 0 ,First,#,RAMSAR,P12_AUTRE,-1,-1,N_ENP_RAMSAR_S_020 sélection,P12_AUTRE,-1,-1;ID_MNHN "ID_MNHN" true true false 30 Text 0 0 ,First,#,RAMSAR,ID_MNHN,-1,-1,N_ENP_RAMSAR_S_020 sélection,ID_MNHN,-1,-1;AREA_HA "AREA_HA" true true false 8 Double 0 0 ,First,#,RAMSAR,AREA_HA,-1,-1;REG "REG" true true false 3 Text 0 0 ,First,#,RAMSAR,REG,-1,-1;CD_SIG "CD_SIG" true true false 21 Text 0 0 ,First,#,RAMSAR,CD_SIG,-1,-1;X_PROJ "X_PROJ" true true false 4 Long 0 0 ,First,#,RAMSAR,X_PROJ,-1,-1;Y_PROJ "Y_PROJ" true true false 4 Long 0 0 ,First,#,RAMSAR,Y_PROJ,-1,-1;PRECIS_X "PRECIS_X" true true false 4 Long 0 0 ,First,#,RAMSAR,PRECIS_X,-1,-1;PRECIS_Y "PRECIS_Y" true true false 4 Long 0 0 ,First,#,RAMSAR,PRECIS_Y,-1,-1;Shape_Length "Shape_Length" false true true 8 Double 0 0 ,First,#,RAMSAR,Shape_Length,-1,-1;Shape_Area "Shape_Area" false true true 8 Double 0 0 ,First,#,RAMSAR,Shape_Area,-1,-1;PRECISION "PRECISION" true true false 2 Text 0 0 ,First,#,N_ENP_RAMSAR_S_020 sélection,PRECISION,-1,-1"</Process><Process ToolSource="c:\program files (x86)\arcgis\desktop10.2\ArcToolbox\Toolboxes\Data Management Tools.tbx\CalculateField" Date="20150930" Time="153249">CalculateField RAMSAR2 DATE_CREA "08/04/1991" VB #</Process><Process ToolSource="c:\program files (x86)\arcgis\desktop10.2\ArcToolbox\Toolboxes\Data Management Tools.tbx\CalculateField" Date="20150930" Time="153310">CalculateField RAMSAR2 URL_FICHE "http://inpn.mnhn.fr/espace/protege/FR7200002" VB #</Process><Process ToolSource="c:\program files (x86)\arcgis\desktop10.2\ArcToolbox\Toolboxes\Data Management Tools.tbx\CalculateField" Date="20150930" Time="153324">CalculateField RAMSAR2 SURF_OFF "0" VB #</Process><Process ToolSource="c:\program files (x86)\arcgis\desktop10.2\ArcToolbox\Toolboxes\Data Management Tools.tbx\CalculateField" Date="20150930" Time="153338">CalculateField RAMSAR2 GEST_SITE "" VB #</Process><Process ToolSource="c:\program files (x86)\arcgis\desktop10.2\ArcToolbox\Toolboxes\Data Management Tools.tbx\CalculateField" Date="20150930" Time="153357">CalculateField RAMSAR2 ACTE_DEB "FR720000220080715" VB #</Process><Process ToolSource="c:\program files (x86)\arcgis\desktop10.2\ArcToolbox\Toolboxes\Data Management Tools.tbx\CalculateField" Date="20150930" Time="153427">CalculateField RAMSAR2 PRECISION_ "" VB #</Process><Process Name="Add Field" ToolSource="c:\program files (x86)\arcgis\desktop10.2\ArcToolbox\Toolboxes\Data Management Tools.tbx\AddField" Date="20151028" Time="142319">AddField RAMSAR AREA_HA DOUBLE # # 3 # NULLABLE NON_REQUIRED #</Process><Process Name="Calculate Field" ToolSource="c:\program files (x86)\arcgis\desktop10.2\ArcToolbox\Toolboxes\Data Management Tools.tbx\CalculateField" Date="20151028" Time="142319">CalculateField RAMSAR AREA_HA round(!shape.area@hectares!,4) PYTHON_9.3 #</Process><Process Name="Add Field (2)" ToolSource="c:\program files (x86)\arcgis\desktop10.2\ArcToolbox\Toolboxes\Data Management Tools.tbx\AddField" Date="20151028" Time="142319">AddField RAMSAR REG TEXT # # 3 # NULLABLE NON_REQUIRED #</Process><Process Name="Add Field (5)" ToolSource="c:\program files (x86)\arcgis\desktop10.2\ArcToolbox\Toolboxes\Data Management Tools.tbx\AddField" Date="20151028" Time="142327">AddField RAMSAR CD_SIG TEXT # # 21 # NULLABLE NON_REQUIRED #</Process><Process Name="Calculate Field (5)" ToolSource="c:\program files (x86)\arcgis\desktop10.2\ArcToolbox\Toolboxes\Data Management Tools.tbx\CalculateField" Date="20151028" Time="142327">CalculateField RAMSAR CD_SIG "I056"&amp;[ID_MNHN] VB #</Process><Process Name="Add Field" ToolSource="c:\program files (x86)\arcgis\desktop10.2\ArcToolbox\Toolboxes\Data Management Tools.tbx\AddField" Date="20151028" Time="142327">AddField RAMSAR X_PROJ LONG # # # # NULLABLE NON_REQUIRED #</Process><Process Name="Calculate Field" ToolSource="c:\program files (x86)\arcgis\desktop10.2\ArcToolbox\Toolboxes\Data Management Tools.tbx\CalculateField" Date="20151028" Time="142328">CalculateField RAMSAR X_PROJ !shape.labelPoint.X! PYTHON_9.3 #</Process><Process Name="Add Field (2)" ToolSource="c:\program files (x86)\arcgis\desktop10.2\ArcToolbox\Toolboxes\Data Management Tools.tbx\AddField" Date="20151028" Time="142328">AddField RAMSAR Y_PROJ LONG # # # # NULLABLE NON_REQUIRED #</Process><Process Name="Calculate Field (2)" ToolSource="c:\program files (x86)\arcgis\desktop10.2\ArcToolbox\Toolboxes\Data Management Tools.tbx\CalculateField" Date="20151028" Time="142328">CalculateField RAMSAR Y_PROJ !shape.labelPoint.Y! PYTHON_9.3 #</Process><Process Name="Add Field (3)" ToolSource="c:\program files (x86)\arcgis\desktop10.2\ArcToolbox\Toolboxes\Data Management Tools.tbx\AddField" Date="20151028" Time="142328">AddField RAMSAR PRECIS_X LONG # # # # NULLABLE NON_REQUIRED #</Process><Process Name="Calculate Field (3)" ToolSource="c:\program files (x86)\arcgis\desktop10.2\ArcToolbox\Toolboxes\Data Management Tools.tbx\CalculateField" Date="20151028" Time="142329">CalculateField RAMSAR PRECIS_X (!shape.extent.XMax! - !shape.extent.XMin!)/2 PYTHON_9.3 #</Process><Process Name="Add Field (4)" ToolSource="c:\program files (x86)\arcgis\desktop10.2\ArcToolbox\Toolboxes\Data Management Tools.tbx\AddField" Date="20151028" Time="142329">AddField RAMSAR PRECIS_Y LONG # # # # NULLABLE NON_REQUIRED #</Process><Process Name="Calculate Field (4)" ToolSource="c:\program files (x86)\arcgis\desktop10.2\ArcToolbox\Toolboxes\Data Management Tools.tbx\CalculateField" Date="20151028" Time="142329">CalculateField RAMSAR PRECIS_Y (!shape.extent.YMax! - !shape.extent.YMin!)/2 PYTHON_9.3 #</Process><Process ToolSource="c:\program files (x86)\arcgis\desktop10.2\ArcToolbox\Toolboxes\Data Management Tools.tbx\CalculateField" Date="20151028" Time="143331">CalculateField RAMSAR ID_MNHN "FR7200002" VB #</Process></lineage><itemProps><itemName Sync="TRUE">RAMSAR2</itemName><imsContentType Sync="TRUE">002</imsContentType><itemLocation><linkage Sync="TRUE">file://\\EGB308WL01\D$\Desktop\MONTAGNE\Travail\2015_ec\APB.mdb</linkage><protocol Sync="TRUE">Local Area Network</protocol></itemLocation></itemProps><coordRef><type Sync="TRUE">Projected</type><geogcsn Sync="TRUE">GCS_RGF_1993</geogcsn><csUnits Sync="TRUE">Linear Unit: Meter (1.000000)</csUnits><projcsn Sync="TRUE">RGF_1993_Lambert_93</projcsn><peXml Sync="TRUE">&lt;ProjectedCoordinateSystem xsi:type='typens:ProjectedCoordinateSystem' xmlns:xsi='http://www.w3.org/2001/XMLSchema-instance' xmlns:xs='http://www.w3.org/2001/XMLSchema' xmlns:typens='http://www.esri.com/schemas/ArcGIS/10.1'&gt;&lt;WKT&gt;PROJCS[&amp;quot;RGF_1993_Lambert_93&amp;quot;,GEOGCS[&amp;quot;GCS_RGF_1993&amp;quot;,DATUM[&amp;quot;D_RGF_1993&amp;quot;,SPHEROID[&amp;quot;GRS_1980&amp;quot;,6378137.0,298.257222101]],PRIMEM[&amp;quot;Greenwich&amp;quot;,0.0],UNIT[&amp;quot;Degree&amp;quot;,0.0174532925199433]],PROJECTION[&amp;quot;Lambert_Conformal_Conic&amp;quot;],PARAMETER[&amp;quot;False_Easting&amp;quot;,700000.0],PARAMETER[&amp;quot;False_Northing&amp;quot;,6600000.0],PARAMETER[&amp;quot;Central_Meridian&amp;quot;,3.0],PARAMETER[&amp;quot;Standard_Parallel_1&amp;quot;,44.0],PARAMETER[&amp;quot;Standard_Parallel_2&amp;quot;,49.0],PARAMETER[&amp;quot;Latitude_Of_Origin&amp;quot;,46.5],UNIT[&amp;quot;Meter&amp;quot;,1.0],AUTHORITY[&amp;quot;EPSG&amp;quot;,2154]]&lt;/WKT&gt;&lt;XOrigin&gt;-35597500&lt;/XOrigin&gt;&lt;YOrigin&gt;-23641900&lt;/YOrigin&gt;&lt;XYScale&gt;10000&lt;/XYScale&gt;&lt;ZOrigin&gt;-100000&lt;/ZOrigin&gt;&lt;ZScale&gt;10000&lt;/ZScale&gt;&lt;MOrigin&gt;-100000&lt;/MOrigin&gt;&lt;MScale&gt;10000&lt;/MScale&gt;&lt;XYTolerance&gt;0.5&lt;/XYTolerance&gt;&lt;ZTolerance&gt;0.001&lt;/ZTolerance&gt;&lt;MTolerance&gt;0.001&lt;/MTolerance&gt;&lt;HighPrecision&gt;true&lt;/HighPrecision&gt;&lt;WKID&gt;102110&lt;/WKID&gt;&lt;LatestWKID&gt;2154&lt;/LatestWKID&gt;&lt;/ProjectedCoordinateSystem&gt;</peXml></coordRef></DataProperties><SyncDate>20150930</SyncDate><SyncTime>15254300</SyncTime><ModDate>20150930</ModDate><ModTime>15254300</ModTime></Esri><dataIdInfo><envirDesc Sync="TRUE">Microsoft Windows 7 Version 6.1 (Build 7601) Service Pack 1; Esri ArcGIS 10.2.2.3552</envirDesc><dataLang><languageCode value="fra" Sync="TRUE"></languageCode><countryCode value="FRA" Sync="TRUE"></countryCode></dataLang><idCitation><resTitle Sync="TRUE">RAMSAR2</resTitle><presForm><PresFormCd value="005" Sync="TRUE"></PresFormCd></presForm></idCitation><spatRpType><SpatRepTypCd value="001" Sync="TRUE"></SpatRepTypCd></spatRpType></dataIdInfo><mdLang><languageCode value="fra" Sync="TRUE"></languageCode><countryCode value="FRA" Sync="TRUE"></countryCode></mdLang><distInfo><distFormat><formatName Sync="TRUE">Classe d’entités de la géodatabase personnelle</formatName></distFormat></distInfo><mdHrLv><ScopeCd value="005" Sync="TRUE"></ScopeCd></mdHrLv><mdHrLvName Sync="TRUE">dataset</mdHrLvName><refSysInfo><RefSystem><refSysID><identCode code="2154" Sync="TRUE"></identCode><idCodeSpace Sync="TRUE">EPSG</idCodeSpace><idVersion Sync="TRUE">8.2.6</idVersion></refSysID></RefSystem></refSysInfo><spatRepInfo><VectSpatRep><geometObjs Name="RAMSAR2"><geoObjTyp><GeoObjTypCd value="002" Sync="TRUE"></GeoObjTypCd></geoObjTyp><geoObjCnt Sync="TRUE">0</geoObjCnt></geometObjs><topLvl><TopoLevCd value="001" Sync="TRUE"></TopoLevCd></topLvl></VectSpatRep></spatRepInfo><spdoinfo><ptvctinf><esriterm Name="RAMSAR2"><efeatyp Sync="TRUE">Simple</efeatyp><efeageom code="4" Sync="TRUE"></efeageom><esritopo Sync="TRUE">FALSE</esritopo><efeacnt Sync="TRUE">0</efeacnt><spindex Sync="TRUE">TRUE</spindex><linrefer Sync="TRUE">FALSE</linrefer></esriterm></ptvctinf></spdoinfo><eainfo><detailed Name="RAMSAR2"><enttyp><enttypl Sync="TRUE">RAMSAR2</enttypl><enttypt Sync="TRUE">Feature Class</enttypt><enttypc Sync="TRUE">0</enttypc></enttyp><attr><attrlabl Sync="TRUE">OBJECTID</attrlabl><attalias Sync="TRUE">OBJECTID</attalias><attrtype Sync="TRUE">OID</attrtype><attwidth Sync="TRUE">4</attwidth><atprecis Sync="TRUE">0</atprecis><attscale Sync="TRUE">0</attscale><attrdef Sync="TRUE">Internal feature number.</attrdef><attrdefs Sync="TRUE">Esri</attrdefs><attrdomv><udom Sync="TRUE">Sequential unique whole numbers that are automatically generated.</udom></attrdomv></attr><attr><attrlabl Sync="TRUE">Shape</attrlabl><attalias Sync="TRUE">Shape</attalias><attrtype Sync="TRUE">Geometry</attrtype><attwidth Sync="TRUE">0</attwidth><atprecis Sync="TRUE">0</atprecis><attscale Sync="TRUE">0</attscale><attrdef Sync="TRUE">Feature geometry.</attrdef><attrdefs Sync="TRUE">Esri</attrdefs><attrdomv><udom Sync="TRUE">Coordinates defining the features.</udom></attrdomv></attr><attr><attrlabl Sync="TRUE">ID_MNHN</attrlabl><attalias Sync="TRUE">ID_MNHN</attalias><attrtype Sync="TRUE">String</attrtype><attwidth Sync="TRUE">30</attwidth><atprecis Sync="TRUE">0</atprecis><attscale Sync="TRUE">0</attscale></attr><attr><attrlabl Sync="TRUE">ID_LOCAL</attrlabl><attalias Sync="TRUE">ID_LOCAL</attalias><attrtype Sync="TRUE">String</attrtype><attwidth Sync="TRUE">15</attwidth><atprecis Sync="TRUE">0</atprecis><attscale Sync="TRUE">0</attscale></attr><attr><attrlabl Sync="TRUE">NOM_SITE</attrlabl><attalias Sync="TRUE">NOM_SITE</attalias><attrtype Sync="TRUE">String</attrtype><attwidth Sync="TRUE">254</attwidth><atprecis Sync="TRUE">0</atprecis><attscale Sync="TRUE">0</attscale></attr><attr><attrlabl Sync="TRUE">DATE_CREA</attrlabl><attalias Sync="TRUE">DATE_CREA</attalias><attrtype Sync="TRUE">Date</attrtype><attwidth Sync="TRUE">8</attwidth><atprecis Sync="TRUE">0</atprecis><attscale Sync="TRUE">0</attscale></attr><attr><attrlabl Sync="TRUE">MODIF_ADM</attrlabl><attalias Sync="TRUE">MODIF_ADM</attalias><attrtype Sync="TRUE">Date</attrtype><attwidth Sync="TRUE">8</attwidth><atprecis Sync="TRUE">0</atprecis><attscale Sync="TRUE">0</attscale></attr><attr><attrlabl Sync="TRUE">MODIF_GEO</attrlabl><attalias Sync="TRUE">MODIF_GEO</attalias><attrtype Sync="TRUE">Date</attrtype><attwidth Sync="TRUE">8</attwidth><atprecis Sync="TRUE">0</atprecis><attscale Sync="TRUE">0</attscale></attr><attr><attrlabl Sync="TRUE">URL_FICHE</attrlabl><attalias Sync="TRUE">URL_FICHE</attalias><attrtype Sync="TRUE">String</attrtype><attwidth Sync="TRUE">254</attwidth><atprecis Sync="TRUE">0</atprecis><attscale Sync="TRUE">0</attscale></attr><attr><attrlabl Sync="TRUE">SURF_OFF</attrlabl><attalias Sync="TRUE">SURF_OFF</attalias><attrtype Sync="TRUE">Double</attrtype><attwidth Sync="TRUE">8</attwidth><atprecis Sync="TRUE">0</atprecis><attscale Sync="TRUE">0</attscale></attr><attr><attrlabl Sync="TRUE">ACTE_DEB</attrlabl><attalias Sync="TRUE">ACTE_DEB</attalias><attrtype Sync="TRUE">String</attrtype><attwidth Sync="TRUE">50</attwidth><atprecis Sync="TRUE">0</atprecis><attscale Sync="TRUE">0</attscale></attr><attr><attrlabl Sync="TRUE">ACTE_FIN</attrlabl><attalias Sync="TRUE">ACTE_FIN</attalias><attrtype Sync="TRUE">String</attrtype><attwidth Sync="TRUE">50</attwidth><atprecis Sync="TRUE">0</atprecis><attscale Sync="TRUE">0</attscale></attr><attr><attrlabl Sync="TRUE">GEST_SITE</attrlabl><attalias Sync="TRUE">GEST_SITE</attalias><attrtype Sync="TRUE">String</attrtype><attwidth Sync="TRUE">100</attwidth><atprecis Sync="TRUE">0</atprecis><attscale Sync="TRUE">0</attscale></attr><attr><attrlabl Sync="TRUE">OPERATEUR</attrlabl><attalias Sync="TRUE">OPERATEUR</attalias><attrtype Sync="TRUE">String</attrtype><attwidth Sync="TRUE">50</attwidth><atprecis Sync="TRUE">0</atprecis><attscale Sync="TRUE">0</attscale></attr><attr><attrlabl Sync="TRUE">PRECISION_</attrlabl><attalias Sync="TRUE">PRECISION_</attalias><attrtype Sync="TRUE">String</attrtype><attwidth Sync="TRUE">2</attwidth><atprecis Sync="TRUE">0</atprecis><attscale Sync="TRUE">0</attscale></attr><attr><attrlabl Sync="TRUE">SRC_GEOM</attrlabl><attalias Sync="TRUE">SRC_GEOM</attalias><attrtype Sync="TRUE">String</attrtype><attwidth Sync="TRUE">100</attwidth><atprecis Sync="TRUE">0</atprecis><attscale Sync="TRUE">0</attscale></attr><attr><attrlabl Sync="TRUE">SRC_ANNEE</attrlabl><attalias Sync="TRUE">SRC_ANNEE</attalias><attrtype Sync="TRUE">String</attrtype><attwidth Sync="TRUE">4</attwidth><atprecis Sync="TRUE">0</atprecis><attscale Sync="TRUE">0</attscale></attr><attr><attrlabl Sync="TRUE">MARIN</attrlabl><attalias Sync="TRUE">MARIN</attalias><attrtype Sync="TRUE">String</attrtype><attwidth Sync="TRUE">1</attwidth><atprecis Sync="TRUE">0</atprecis><attscale Sync="TRUE">0</attscale></attr><attr><attrlabl Sync="TRUE">P1_NATURE</attrlabl><attalias Sync="TRUE">P1_NATURE</attalias><attrtype Sync="TRUE">String</attrtype><attwidth Sync="TRUE">1</attwidth><atprecis Sync="TRUE">0</atprecis><attscale Sync="TRUE">0</attscale></attr><attr><attrlabl Sync="TRUE">P2_CULTURE</attrlabl><attalias Sync="TRUE">P2_CULTURE</attalias><attrtype Sync="TRUE">String</attrtype><attwidth Sync="TRUE">1</attwidth><atprecis Sync="TRUE">0</atprecis><attscale Sync="TRUE">0</attscale></attr><attr><attrlabl Sync="TRUE">P3_PAYSAGE</attrlabl><attalias Sync="TRUE">P3_PAYSAGE</attalias><attrtype Sync="TRUE">String</attrtype><attwidth Sync="TRUE">1</attwidth><atprecis Sync="TRUE">0</atprecis><attscale Sync="TRUE">0</attscale></attr><attr><attrlabl Sync="TRUE">P4_GEOLOGI</attrlabl><attalias Sync="TRUE">P4_GEOLOGI</attalias><attrtype Sync="TRUE">String</attrtype><attwidth Sync="TRUE">1</attwidth><atprecis Sync="TRUE">0</atprecis><attscale Sync="TRUE">0</attscale></attr><attr><attrlabl Sync="TRUE">P5_SPELEO</attrlabl><attalias Sync="TRUE">P5_SPELEO</attalias><attrtype Sync="TRUE">String</attrtype><attwidth Sync="TRUE">1</attwidth><atprecis Sync="TRUE">0</atprecis><attscale Sync="TRUE">0</attscale></attr><attr><attrlabl Sync="TRUE">P6_ARCHEO</attrlabl><attalias Sync="TRUE">P6_ARCHEO</attalias><attrtype Sync="TRUE">String</attrtype><attwidth Sync="TRUE">1</attwidth><atprecis Sync="TRUE">0</atprecis><attscale Sync="TRUE">0</attscale></attr><attr><attrlabl Sync="TRUE">P7_PALEOB</attrlabl><attalias Sync="TRUE">P7_PALEOB</attalias><attrtype Sync="TRUE">String</attrtype><attwidth Sync="TRUE">1</attwidth><atprecis Sync="TRUE">0</atprecis><attscale Sync="TRUE">0</attscale></attr><attr><attrlabl Sync="TRUE">P8_ANTHROP</attrlabl><attalias Sync="TRUE">P8_ANTHROP</attalias><attrtype Sync="TRUE">String</attrtype><attwidth Sync="TRUE">1</attwidth><atprecis Sync="TRUE">0</atprecis><attscale Sync="TRUE">0</attscale></attr><attr><attrlabl Sync="TRUE">P9_SCIENCE</attrlabl><attalias Sync="TRUE">P9_SCIENCE</attalias><attrtype Sync="TRUE">String</attrtype><attwidth Sync="TRUE">1</attwidth><atprecis Sync="TRUE">0</atprecis><attscale Sync="TRUE">0</attscale></attr><attr><attrlabl Sync="TRUE">P10_PUBLIC</attrlabl><attalias Sync="TRUE">P10_PUBLIC</attalias><attrtype Sync="TRUE">String</attrtype><attwidth Sync="TRUE">1</attwidth><atprecis Sync="TRUE">0</atprecis><attscale Sync="TRUE">0</attscale></attr><attr><attrlabl Sync="TRUE">P11_DD</attrlabl><attalias Sync="TRUE">P11_DD</attalias><attrtype Sync="TRUE">String</attrtype><attwidth Sync="TRUE">1</attwidth><atprecis Sync="TRUE">0</atprecis><attscale Sync="TRUE">0</attscale></attr><attr><attrlabl Sync="TRUE">AREA_HA</attrlabl><attalias Sync="TRUE">AREA_HA</attalias><attrtype Sync="TRUE">Double</attrtype><attwidth Sync="TRUE">8</attwidth><atprecis Sync="TRUE">0</atprecis><attscale Sync="TRUE">0</attscale></attr><attr><attrlabl Sync="TRUE">REG</attrlabl><attalias Sync="TRUE">REG</attalias><attrtype Sync="TRUE">String</attrtype><attwidth Sync="TRUE">3</attwidth><atprecis Sync="TRUE">0</atprecis><attscale Sync="TRUE">0</attscale></attr><attr><attrlabl Sync="TRUE">CD_SIG</attrlabl><attalias Sync="TRUE">CD_SIG</attalias><attrtype Sync="TRUE">String</attrtype><attwidth Sync="TRUE">21</attwidth><atprecis Sync="TRUE">0</atprecis><attscale Sync="TRUE">0</attscale></attr><attr><attrlabl Sync="TRUE">X_PROJ</attrlabl><attalias Sync="TRUE">X_PROJ</attalias><attrtype Sync="TRUE">Integer</attrtype><attwidth Sync="TRUE">4</attwidth><atprecis Sync="TRUE">0</atprecis><attscale Sync="TRUE">0</attscale></attr><attr><attrlabl Sync="TRUE">Y_PROJ</attrlabl><attalias Sync="TRUE">Y_PROJ</attalias><attrtype Sync="TRUE">Integer</attrtype><attwidth Sync="TRUE">4</attwidth><atprecis Sync="TRUE">0</atprecis><attscale Sync="TRUE">0</attscale></attr><attr><attrlabl Sync="TRUE">PRECIS_X</attrlabl><attalias Sync="TRUE">PRECIS_X</attalias><attrtype Sync="TRUE">Integer</attrtype><attwidth Sync="TRUE">4</attwidth><atprecis Sync="TRUE">0</atprecis><attscale Sync="TRUE">0</attscale></attr><attr><attrlabl Sync="TRUE">PRECIS_Y</attrlabl><attalias Sync="TRUE">PRECIS_Y</attalias><attrtype Sync="TRUE">Integer</attrtype><attwidth Sync="TRUE">4</attwidth><atprecis Sync="TRUE">0</atprecis><attscale Sync="TRUE">0</attscale></attr><attr><attrlabl Sync="TRUE">P12_AUTRE</attrlabl><attalias Sync="TRUE">P12_AUTRE</attalias><attrtype Sync="TRUE">String</attrtype><attwidth Sync="TRUE">1</attwidth><atprecis Sync="TRUE">0</atprecis><attscale Sync="TRUE">0</attscale></attr><attr><attrlabl Sync="TRUE">PRECISION1</attrlabl><attalias Sync="TRUE">PRECISION1</attalias><attrtype Sync="TRUE">String</attrtype><attwidth Sync="TRUE">2</attwidth><atprecis Sync="TRUE">0</atprecis><attscale Sync="TRUE">0</attscale></attr><attr><attrlabl Sync="TRUE">Shape_Length</attrlabl><attalias Sync="TRUE">Shape_Length</attalias><attrtype Sync="TRUE">Double</attrtype><attwidth Sync="TRUE">8</attwidth><atprecis Sync="TRUE">0</atprecis><attscale Sync="TRUE">0</attscale><attrdef Sync="TRUE">Length of feature in internal units.</attrdef><attrdefs Sync="TRUE">Esri</attrdefs><attrdomv><udom Sync="TRUE">Positive real numbers that are automatically generated.</udom></attrdomv></attr><attr><attrlabl Sync="TRUE">Shape_Area</attrlabl><attalias Sync="TRUE">Shape_Area</attalias><attrtype Sync="TRUE">Double</attrtype><attwidth Sync="TRUE">8</attwidth><atprecis Sync="TRUE">0</atprecis><attscale Sync="TRUE">0</attscale><attrdef Sync="TRUE">Area of feature in internal units squared.</attrdef><attrdefs Sync="TRUE">Esri</attrdefs><attrdomv><udom Sync="TRUE">Positive real numbers that are automatically generated.</udom></attrdomv></attr></detailed></eainfo><mdDateSt Sync="TRUE">20150930</mdDateSt></metadata>
