<?xml version="1.0" encoding="UTF-8"?>
<metadata xml:lang="fr"><Esri><CreaDate>20160304</CreaDate><CreaTime>14415500</CreaTime><ArcGISFormat>1.0</ArcGISFormat><SyncOnce>TRUE</SyncOnce><DataProperties><lineage><Process ToolSource="c:\program files (x86)\arcgis\desktop10.2\ArcToolbox\Toolboxes\Data Management Tools.tbx\CalculateField" Date="20160304" Time="144155">CalculateField N_ENP_SCL_S_000_2 NOM_SITE [NOM_SITE_1] VB #</Process><Process ToolSource="c:\program files (x86)\arcgis\desktop10.2\ArcToolbox\Toolboxes\Data Management Tools.tbx\Append" Date="20160304" Time="150810">Append N_ENP_SCL_S_000 N_ENP_SCL_S_000_2 TEST # #</Process></lineage><itemProps><itemLocation><linkage Sync="TRUE">file://\\EGB308SEB\E$\Documents\CChanet\EP\ARCHIVES_MAJ\MAJ_201603\CDL\cdl2016_03\cdl2016_03\metrop\N_ENP_SCL_S_000</linkage><protocol Sync="TRUE">Local Area Network</protocol></itemLocation></itemProps><copyHistory><copy source="E:\Documents\CChanet\EP\ARCHIVES_MAJ\MAJ_201603\CDL\cdl2016_03\cdl2016_03\N_ENP_SCL_S_000" dest="\\EGB308SEB\E$\Documents\CChanet\EP\ARCHIVES_MAJ\MAJ_201603\CDL\cdl2016_03\cdl2016_03\metrop\N_ENP_SCL_S_000" date="20160325" time="12513100"></copy></copyHistory></DataProperties></Esri></metadata>
