<?xml version="1.0" encoding="UTF-8"?>
<metadata xml:lang="fr"><Esri><CreaDate>20160325</CreaDate><CreaTime>12522500</CreaTime><ArcGISFormat>1.0</ArcGISFormat><SyncOnce>TRUE</SyncOnce><DataProperties><itemProps><itemLocation><linkage Sync="TRUE">file://\\EGB308SEB\E$\Documents\CChanet\EP\ARCHIVES_MAJ\MAJ_201603\CDL\cdl2016_03\cdl2016_03\metrop\N_ENP_RESEAU_000</linkage><protocol Sync="TRUE">Local Area Network</protocol></itemLocation></itemProps><copyHistory><copy source="E:\Documents\CChanet\EP\ARCHIVES_MAJ\MAJ_201603\PN\pn2016_03\N_ENP_RESEAU_000" dest="\\EGB308SEB\E$\Documents\CChanet\EP\ARCHIVES_MAJ\MAJ_201603\CDL\cdl2016_03\cdl2016_03\metrop\N_ENP_RESEAU_000" date="20160325" time="12522500"></copy></copyHistory></DataProperties></Esri></metadata>
