<?xml version="1.0" encoding="UTF-8"?>
<metadata xml:lang="fr"><Esri><CreaDate>20160418</CreaDate><CreaTime>14070000</CreaTime><ArcGISFormat>1.0</ArcGISFormat><ArcGISstyle>INSPIRE Metadata Directive</ArcGISstyle><SyncOnce>FALSE</SyncOnce><DataProperties><itemProps><itemName Sync="TRUE">znieff1</itemName><imsContentType Sync="TRUE">002</imsContentType><nativeExtBox><westBL Sync="TRUE">99052.144900</westBL><eastBL Sync="TRUE">1242346.500800</eastBL><southBL Sync="TRUE">6046112.782800</southBL><northBL Sync="TRUE">7110689.086600</northBL><exTypeCode Sync="TRUE">1</exTypeCode></nativeExtBox><itemSize Sync="TRUE">0.000</itemSize><itemLocation><linkage Sync="TRUE">file://\\EGB308LEF\D$\HDD_D\projet\znieff\mise_a_jour\diffusion\basedetravail\2016_04_04\valid\znieff1</linkage><protocol Sync="TRUE">Local Area Network</protocol></itemLocation></itemProps><coordRef><type Sync="TRUE">Projected</type><geogcsn Sync="TRUE">GCS_RGF_1993</geogcsn><csUnits Sync="TRUE">Linear Unit: Meter (1.000000)</csUnits><projcsn Sync="TRUE">RGF_1993_Lambert_93</projcsn><peXml Sync="TRUE">&lt;ProjectedCoordinateSystem xsi:type='typens:ProjectedCoordinateSystem' xmlns:xsi='http://www.w3.org/2001/XMLSchema-instance' xmlns:xs='http://www.w3.org/2001/XMLSchema' xmlns:typens='http://www.esri.com/schemas/ArcGIS/10.3'&gt;&lt;WKT&gt;PROJCS[&amp;quot;RGF_1993_Lambert_93&amp;quot;,GEOGCS[&amp;quot;GCS_RGF_1993&amp;quot;,DATUM[&amp;quot;D_RGF_1993&amp;quot;,SPHEROID[&amp;quot;GRS_1980&amp;quot;,6378137.0,298.257222101]],PRIMEM[&amp;quot;Greenwich&amp;quot;,0.0],UNIT[&amp;quot;Degree&amp;quot;,0.0174532925199433]],PROJECTION[&amp;quot;Lambert_Conformal_Conic&amp;quot;],PARAMETER[&amp;quot;False_Easting&amp;quot;,700000.0],PARAMETER[&amp;quot;False_Northing&amp;quot;,6600000.0],PARAMETER[&amp;quot;Central_Meridian&amp;quot;,3.0],PARAMETER[&amp;quot;Standard_Parallel_1&amp;quot;,44.0],PARAMETER[&amp;quot;Standard_Parallel_2&amp;quot;,49.0],PARAMETER[&amp;quot;Latitude_Of_Origin&amp;quot;,46.5],UNIT[&amp;quot;Meter&amp;quot;,1.0],AUTHORITY[&amp;quot;EPSG&amp;quot;,2154]]&lt;/WKT&gt;&lt;XOrigin&gt;-35597500&lt;/XOrigin&gt;&lt;YOrigin&gt;-23641900&lt;/YOrigin&gt;&lt;XYScale&gt;124074650.52332792&lt;/XYScale&gt;&lt;ZOrigin&gt;-100000&lt;/ZOrigin&gt;&lt;ZScale&gt;10000&lt;/ZScale&gt;&lt;MOrigin&gt;-100000&lt;/MOrigin&gt;&lt;MScale&gt;10000&lt;/MScale&gt;&lt;XYTolerance&gt;0.001&lt;/XYTolerance&gt;&lt;ZTolerance&gt;0.001&lt;/ZTolerance&gt;&lt;MTolerance&gt;0.001&lt;/MTolerance&gt;&lt;HighPrecision&gt;true&lt;/HighPrecision&gt;&lt;WKID&gt;102110&lt;/WKID&gt;&lt;LatestWKID&gt;2154&lt;/LatestWKID&gt;&lt;/ProjectedCoordinateSystem&gt;</peXml></coordRef><lineage><Process ToolSource="c:\program files (x86)\arcgis\desktop10.3\ArcToolbox\Toolboxes\Data Management Tools.tbx\CalculateField" Date="20151207" Time="145041">CalculateField znieff1 GENERATION 2 VB #</Process><Process ToolSource="c:\program files (x86)\arcgis\desktop10.3\ArcToolbox\Toolboxes\Data Management Tools.tbx\CalculateField" Date="20151207" Time="145236">CalculateField znieff1 NOM !NOM!.upper() PYTHON_9.3 #</Process><Process ToolSource="c:\program files (x86)\arcgis\desktop10.3\ArcToolbox\Toolboxes\Data Management Tools.tbx\AddField" Date="20151207" Time="150519">AddField znieff1 ID_zni1 TEXT # # 15 # NULLABLE NON_REQUIRED #</Process><Process ToolSource="c:\program files (x86)\arcgis\desktop10.3\ArcToolbox\Toolboxes\Data Management Tools.tbx\CalculateField" Date="20151207" Time="150519">CalculateField znieff1 ID_zni1 !ID_MNHN! PYTHON_9.3 #</Process><Process ToolSource="c:\program files (x86)\arcgis\desktop10.3\ArcToolbox\Toolboxes\Data Management Tools.tbx\DeleteField" Date="20151207" Time="150540">DeleteField znieff1 ID_zni1</Process><Process ToolSource="c:\program files (x86)\arcgis\desktop10.3\ArcToolbox\Toolboxes\Analysis Tools.tbx\Erase" Date="20160317" Time="135506">Erase znieff1 REGIONS_Intersect D:\Documents\ArcGIS\Default.gdb\znieff1_Erase "0.01 Centimeters"</Process><Process ToolSource="c:\program files (x86)\arcgis\desktop10.3\ArcToolbox\Toolboxes\Data Management Tools.tbx\Append" Date="20160317" Time="144500">Append znieff1_42v znieff1 NO_TEST "ID_MNHN "ID_MNHN" true false false 9 Text 0 0 ,First,#,znieff1_42v,ID_MNHN,-1,-1;ID_ORG "ID_ORG" true false false 15 Text 0 0 ,First,#,znieff1_42v,ID_ORG,-1,-1;NOM "NOM" true false false 160 Text 0 0 ,First,#,znieff1_42v,NOM,-1,-1;GENERATION "GENERATION" true false false 5 Short 0 5 ,First,#,znieff1_42v,GENERATION,-1,-1;PROCEDURE "PROCEDURE" true false false 10 Text 0 0 ,First,#" #</Process><Process ToolSource="c:\program files (x86)\arcgis\desktop10.3\ArcToolbox\Toolboxes\Data Management Tools.tbx\Append" Date="20160322" Time="130710">Append znieff1_72 znieff1 NO_TEST "ID_MNHN "ID_MNHN" true false false 9 Text 0 0 ,First,#,znieff1_72,ID_MNHN,-1,-1;ID_ORG "ID_ORG" true false false 15 Text 0 0 ,First,#,znieff1_72,ID_ORG,-1,-1;NOM "NOM" true false false 160 Text 0 0 ,First,#,znieff1_72,NOM,-1,-1;GENERATION "GENERATION" true false false 5 Short 0 5 ,First,#,znieff1_72,GENERATION,-1,-1;PROCEDURE "PROCEDURE" true false false 10 Text 0 0 ,First,#" #</Process><Process ToolSource="c:\program files (x86)\arcgis\desktop10.3\ArcToolbox\Toolboxes\Data Management Tools.tbx\CalculateField" Date="20160322" Time="131157">CalculateField znieff1 PROCEDURE "ajout" VB #</Process><Process ToolSource="c:\program files (x86)\arcgis\desktop10.3\ArcToolbox\Toolboxes\Data Management Tools.tbx\CalculateField" Date="20160323" Time="101955">CalculateField znieff1 PROCEDURE_ [PROCEDURE] VB #</Process><Process ToolSource="c:\program files (x86)\arcgis\desktop10.3\ArcToolbox\Toolboxes\Data Management Tools.tbx\Append" Date="20160323" Time="102900">Append znieff1_73 znieff1 NO_TEST "ID_MNHN "ID_MNHN" true false false 9 Text 0 0 ,First,#,znieff1_73,ID_MNHN,-1,-1;ID_ORG "ID_ORG" true false false 15 Text 0 0 ,First,#,znieff1_73,ID_ORG,-1,-1;NOM "NOM" true false false 160 Text 0 0 ,First,#,znieff1_73,NOM,-1,-1;GENERATION "GENERATION" true false false 5 Short 0 5 ,First,#,znieff1_73,GENERATION,-1,-1;PROCEDURE_ "PROCEDURE_" true false false 50 Text 0 0 ,First,#,znieff1_73,PROCEDURE_,-1,-1" #</Process><Process ToolSource="c:\program files (x86)\arcgis\desktop10.3\ArcToolbox\Toolboxes\Data Management Tools.tbx\Append" Date="20160323" Time="145634">Append znieff1_74 znieff1 NO_TEST "ID_MNHN "ID_MNHN" true false false 9 Text 0 0 ,First,#,znieff1_74,ID_MNHN,-1,-1;ID_ORG "ID_ORG" true false false 15 Text 0 0 ,First,#,znieff1_74,ID_ORG,-1,-1;NOM "NOM" true false false 160 Text 0 0 ,First,#,znieff1_74,NOM,-1,-1;GENERATION "GENERATION" true false false 5 Short 0 5 ,First,#,znieff1_74,GENERATION,-1,-1;PROCEDURE_ "PROCEDURE_" true false false 50 Text 0 0 ,First,#,znieff1_74,PROCEDURE_,-1,-1" #</Process><Process ToolSource="c:\program files (x86)\arcgis\desktop10.3\ArcToolbox\Toolboxes\Data Management Tools.tbx\Append" Date="20160324" Time="140711">Append znieff1_52 znieff1 NO_TEST "ID_MNHN "ID_MNHN" true false false 9 Text 0 0 ,First,#,znieff1_52,ID_MNHN,-1,-1;ID_ORG "ID_ORG" true false false 15 Text 0 0 ,First,#,znieff1_52,ID_ORG,-1,-1;NOM "NOM" true false false 160 Text 0 0 ,First,#,znieff1_52,NOM,-1,-1;GENERATION "GENERATION" true false false 5 Short 0 5 ,First,#,znieff1_52,GENERATION,-1,-1;PROCEDURE_ "PROCEDURE_" true false false 50 Text 0 0 ,First,#,znieff1_52,PROCEDURE_,-1,-1" #</Process><Process ToolSource="c:\program files (x86)\arcgis\desktop10.3\ArcToolbox\Toolboxes\Data Management Tools.tbx\Append" Date="20160324" Time="155011">Append znieff1_25 znieff1 NO_TEST "ID_MNHN "ID_MNHN" true false false 9 Text 0 0 ,First,#,znieff1_25,ID_MNHN,-1,-1;ID_ORG "ID_ORG" true false false 15 Text 0 0 ,First,#,znieff1_25,ID_ORG,-1,-1;NOM "NOM" true false false 160 Text 0 0 ,First,#,znieff1_25,NOM,-1,-1;GENERATION "GENERATION" true false false 5 Short 0 5 ,First,#,znieff1_25,GENERATION,-1,-1;PROCEDURE_ "PROCEDURE_" true false false 50 Text 0 0 ,First,#,znieff1_25,PROCEDURE_,-1,-1" #</Process><Process ToolSource="c:\program files (x86)\arcgis\desktop10.3\ArcToolbox\Toolboxes\Data Management Tools.tbx\Append" Date="20160325" Time="105402">Append znieff1_23 znieff1 NO_TEST "ID_MNHN "ID_MNHN" true false false 9 Text 0 0 ,First,#,znieff1_23,ID_MNHN,-1,-1;ID_ORG "ID_ORG" true false false 15 Text 0 0 ,First,#,znieff1_23,ID_ORG,-1,-1;NOM "NOM" true false false 160 Text 0 0 ,First,#,znieff1_23,NOM,-1,-1;GENERATION "GENERATION" true false false 5 Short 0 5 ,First,#,znieff1_23,GENERATION,-1,-1;PROCEDURE_ "PROCEDURE_" true false false 50 Text 0 0 ,First,#,znieff1_23,PROCEDURE_,-1,-1" #</Process><Process ToolSource="c:\program files (x86)\arcgis\desktop10.3\ArcToolbox\Toolboxes\Data Management Tools.tbx\Append" Date="20160325" Time="151226">Append znieff1_24 znieff1 NO_TEST "ID_MNHN "ID_MNHN" true false false 9 Text 0 0 ,First,#,znieff1_24,ID_MNHN,-1,-1;ID_ORG "ID_ORG" true false false 15 Text 0 0 ,First,#,znieff1_24,ID_ORG,-1,-1;NOM "NOM" true false false 160 Text 0 0 ,First,#,znieff1_24,NOM,-1,-1;GENERATION "GENERATION" true false false 5 Short 0 5 ,First,#,znieff1_24,GENERATION,-1,-1;PROCEDURE_ "PROCEDURE_" true false false 50 Text 0 0 ,First,#,znieff1_24,PROCEDURE_,-1,-1" #</Process><Process ToolSource="c:\program files (x86)\arcgis\desktop10.3\ArcToolbox\Toolboxes\Data Management Tools.tbx\CalculateField" Date="20160325" Time="151259">CalculateField znieff1 GENERATION 2 VB #</Process><Process ToolSource="c:\program files (x86)\arcgis\desktop10.3\ArcToolbox\Toolboxes\Data Management Tools.tbx\CalculateField" Date="20160325" Time="151312">CalculateField znieff1 PROCEDURE_ "modif" VB #</Process><Process ToolSource="c:\program files (x86)\arcgis\desktop10.3\ArcToolbox\Toolboxes\Data Management Tools.tbx\AddIndex" Date="20160329" Time="115618">AddIndex znieff1 ID_MNHN # UNIQUE ASCENDING</Process><Process ToolSource="c:\program files (x86)\arcgis\desktop10.3\ArcToolbox\Toolboxes\Data Management Tools.tbx\AddSpatialIndex" Date="20160329" Time="115619">AddSpatialIndex znieff1 500 0 0</Process><Process ToolSource="c:\program files (x86)\arcgis\desktop10.3\ArcToolbox\Toolboxes\Data Management Tools.tbx\AddField" Date="20160329" Time="115619">AddField znieff1 P_FGEVOL TEXT # # 8 # NULLABLE NON_REQUIRED #</Process><Process ToolSource="c:\program files (x86)\arcgis\desktop10.3\ArcToolbox\Toolboxes\Data Management Tools.tbx\AddField" Date="20160329" Time="115619">AddField znieff1 R_FGEVOL TEXT # # 8 # NULLABLE NON_REQUIRED #</Process><Process ToolSource="c:\program files (x86)\arcgis\desktop10.3\ArcToolbox\Toolboxes\Data Management Tools.tbx\AddField" Date="20160329" Time="115619">AddField znieff1 TY TEXT # # 8 # NULLABLE NON_REQUIRED #</Process><Process ToolSource="c:\program files (x86)\arcgis\desktop10.3\ArcToolbox\Toolboxes\Data Management Tools.tbx\AddField" Date="20160329" Time="115619">AddField znieff1 controle TEXT # # 8 # NULLABLE NON_REQUIRED #</Process><Process ToolSource="c:\program files (x86)\arcgis\desktop10.3\ArcToolbox\Toolboxes\Data Management Tools.tbx\AddField" Date="20160329" Time="115619">AddField znieff1 SURF_SIG DOUBLE 12 2 # # NULLABLE NON_REQUIRED #</Process><Process ToolSource="c:\program files (x86)\arcgis\desktop10.3\ArcToolbox\Toolboxes\Data Management Tools.tbx\AddField" Date="20160329" Time="115620">AddField znieff1 SURF_BDD DOUBLE 12 2 # # NULLABLE NON_REQUIRED #</Process><Process ToolSource="c:\program files (x86)\arcgis\desktop10.3\ArcToolbox\Toolboxes\Data Management Tools.tbx\CalculateField" Date="20160329" Time="115626">CalculateField znieff1 SURF_SIG !shape.area@hectares! PYTHON_9.3 #</Process><Process ToolSource="c:\program files (x86)\arcgis\desktop10.3\ArcToolbox\Toolboxes\Data Management Tools.tbx\DeleteField" Date="20160329" Time="121100">DeleteField znieff1 P_FGEVOL;R_FGEVOL;TY;controle;SURF_SIG;SURF_BDD</Process><Process ToolSource="c:\program files (x86)\arcgis\desktop10.3\ArcToolbox\Toolboxes\Data Management Tools.tbx\Append" Date="20160329" Time="122906">Append znieff1_83 znieff1 NO_TEST "ID_MNHN "ID_MNHN" true false false 9 Text 0 0 ,First,#,znieff1_83,ID_MNHN,-1,-1;ID_ORG "ID_ORG" true false false 15 Text 0 0 ,First,#,znieff1_83,ID_ORG,-1,-1;NOM "NOM" true false false 160 Text 0 0 ,First,#,znieff1_83,NOM,-1,-1;GENERATION "GENERATION" true false false 5 Short 0 5 ,First,#,znieff1_83,GENERATION,-1,-1;PROCEDURE_ "PROCEDURE_" true false false 50 Text 0 0 ,First,#,znieff1_83,PROCEDURE_,-1,-1" #</Process><Process ToolSource="c:\program files (x86)\arcgis\desktop10.3\ArcToolbox\Toolboxes\Data Management Tools.tbx\Append" Date="20160329" Time="145311">Append znieff1_31 znieff1 NO_TEST "ID_MNHN "ID_MNHN" true false false 9 Text 0 0 ,First,#,znieff1_31,ID_MNHN,-1,-1;ID_ORG "ID_ORG" true false false 15 Text 0 0 ,First,#,znieff1_31,ID_ORG,-1,-1;NOM "NOM" true false false 160 Text 0 0 ,First,#,znieff1_31,NOM,-1,-1;GENERATION "GENERATION" true false false 5 Short 0 5 ,First,#,znieff1_31,GENERATION,-1,-1;PROCEDURE_ "PROCEDURE_" true false false 50 Text 0 0 ,First,#,znieff1_31,PROCEDURE_,-1,-1" #</Process><Process ToolSource="c:\program files (x86)\arcgis\desktop10.3\ArcToolbox\Toolboxes\Data Management Tools.tbx\Append" Date="20160329" Time="160318">Append znieff1_22 znieff1 NO_TEST "ID_MNHN "ID_MNHN" true false false 9 Text 0 0 ,First,#,znieff1_22,ID_MNHN,-1,-1;ID_ORG "ID_ORG" true false false 15 Text 0 0 ,First,#,znieff1_22,ID_ORG,-1,-1;NOM "NOM" true false false 160 Text 0 0 ,First,#,znieff1_22,NOM,-1,-1;GENERATION "GENERATION" true false false 5 Short 0 5 ,First,#,znieff1_22,GENERATION,-1,-1;PROCEDURE_ "PROCEDURE_" true false false 50 Text 0 0 ,First,#,znieff1_22,PROCEDURE_,-1,-1" #</Process><Process ToolSource="c:\program files (x86)\arcgis\desktop10.3\ArcToolbox\Toolboxes\Data Management Tools.tbx\RepairGeometry" Date="20160329" Time="161933">RepairGeometry znieff1 DELETE_NULL</Process><Process ToolSource="c:\program files (x86)\arcgis\desktop10.3\ArcToolbox\Toolboxes\Data Management Tools.tbx\Append" Date="20160330" Time="102758">Append znieff1b znieff1 NO_TEST "ID_MNHN "ID_MNHN" true false false 9 Text 0 0 ,First,#,znieff1b,ID_MNHN,-1,-1;ID_ORG "ID_ORG" true false false 15 Text 0 0 ,First,#,znieff1b,ID_ORG,-1,-1;NOM "NOM" true false false 160 Text 0 0 ,First,#,znieff1b,NOM,-1,-1;GENERATION "GENERATION" true false false 5 Short 0 5 ,First,#,znieff1b,GENERATION,-1,-1;PROCEDURE_ "PROCEDURE_" true false false 50 Text 0 0 ,First,#" #</Process><Process ToolSource="c:\program files (x86)\arcgis\desktop10.3\ArcToolbox\Toolboxes\Data Management Tools.tbx\Append" Date="20160401" Time="144648">Append znieff1_11 znieff1 NO_TEST "ID_MNHN "ID_MNHN" true false false 9 Text 0 0 ,First,#,znieff1_11,ID_MNHN,-1,-1;ID_ORG "ID_ORG" true false false 15 Text 0 0 ,First,#,znieff1_11,ID_ORG,-1,-1;NOM "NOM" true false false 160 Text 0 0 ,First,#,znieff1_11,NOM,-1,-1;GENERATION "GENERATION" true false false 5 Short 0 5 ,First,#,znieff1_11,GENERATION,-1,-1;PROCEDURE_ "PROCEDURE_" true false false 50 Text 0 0 ,First,#,znieff1_11,PROCEDURE_,-1,-1" #</Process><Process ToolSource="c:\program files (x86)\arcgis\desktop10.3\ArcToolbox\Toolboxes\Data Management Tools.tbx\Append" Date="20160405" Time="152400">Append znieff1_72 znieff1 NO_TEST "ID_MNHN "ID_MNHN" true false false 9 Text 0 0 ,First,#,znieff1_72,ID_MNHN,-1,-1;ID_ORG "ID_ORG" true false false 15 Text 0 0 ,First,#,znieff1_72,ID_ORG,-1,-1;NOM "NOM" true false false 160 Text 0 0 ,First,#,znieff1_72,NOM,-1,-1;GENERATION "GENERATION" true false false 5 Short 0 5 ,First,#,znieff1_72,GENERATION,-1,-1;PROCEDURE_ "PROCEDURE_" true false false 50 Text 0 0 ,First,#,znieff1_72,PROCEDURE_,-1,-1" #</Process><Process ToolSource="c:\program files (x86)\arcgis\desktop10.3\ArcToolbox\Toolboxes\Data Management Tools.tbx\CopyFeatures" Date="20160405" Time="172049">CopyFeatures znieff1 "D:\HDD_D\projet\znieff\mise_a_jour\diffusion\basedetravail\2016_04_04\Nouvelle géodatabase personnelle.mdb\l93\znieff1" # 0 0 0</Process><Process ToolSource="c:\program files (x86)\arcgis\desktop10.3\ArcToolbox\Toolboxes\Data Management Tools.tbx\CalculateField" Date="20160405" Time="172213">CalculateField l93\znieff1 GENERATION 2 VB #</Process><Process ToolSource="c:\program files (x86)\arcgis\desktop10.3\ArcToolbox\Toolboxes\Data Management Tools.tbx\CalculateField" Date="20160405" Time="172224">CalculateField l93\znieff1 PROCEDURE_ "ajout" VB #</Process><Process ToolSource="c:\program files (x86)\arcgis\desktop10.3\ArcToolbox\Toolboxes\Data Management Tools.tbx\AddField" Date="20160405" Time="173809">AddField znieff1 ID_zni1 TEXT # # 15 # NULLABLE NON_REQUIRED #</Process><Process ToolSource="c:\program files (x86)\arcgis\desktop10.3\ArcToolbox\Toolboxes\Data Management Tools.tbx\CalculateField" Date="20160405" Time="173811">CalculateField znieff1 ID_zni1 !ID_MNHN! PYTHON_9.3 #</Process><Process ToolSource="c:\program files (x86)\arcgis\desktop10.3\ArcToolbox\Toolboxes\Data Management Tools.tbx\DeleteField" Date="20160406" Time="085834">DeleteField znieff1 ID_zni1</Process><Process ToolSource="c:\program files (x86)\arcgis\desktop10.3\ArcToolbox\Toolboxes\Data Management Tools.tbx\AddField" Date="20160406" Time="093053">AddField znieff1 ID_zni1 TEXT # # 15 # NULLABLE NON_REQUIRED #</Process><Process ToolSource="c:\program files (x86)\arcgis\desktop10.3\ArcToolbox\Toolboxes\Data Management Tools.tbx\CalculateField" Date="20160406" Time="093054">CalculateField znieff1 ID_zni1 !ID_MNHN! PYTHON_9.3 #</Process><Process ToolSource="c:\program files (x86)\arcgis\desktop10.3\ArcToolbox\Toolboxes\Data Management Tools.tbx\AddField" Date="20160406" Time="095358">AddField znieff1 ID_zni1 TEXT # # 15 # NULLABLE NON_REQUIRED #</Process><Process ToolSource="c:\program files (x86)\arcgis\desktop10.3\ArcToolbox\Toolboxes\Data Management Tools.tbx\CalculateField" Date="20160406" Time="095359">CalculateField znieff1 ID_zni1 !ID_MNHN! PYTHON_9.3 #</Process><Process ToolSource="c:\program files (x86)\arcgis\desktop10.3\ArcToolbox\Toolboxes\Data Management Tools.tbx\AddField" Date="20160406" Time="101914">AddField znieff1 ID_zni1 TEXT # # 15 # NULLABLE NON_REQUIRED #</Process><Process ToolSource="c:\program files (x86)\arcgis\desktop10.3\ArcToolbox\Toolboxes\Data Management Tools.tbx\CalculateField" Date="20160406" Time="101916">CalculateField znieff1 ID_zni1 !ID_MNHN! PYTHON_9.3 #</Process><Process ToolSource="c:\program files (x86)\arcgis\desktop10.3\ArcToolbox\Toolboxes\Data Management Tools.tbx\DeleteField" Date="20160406" Time="105113">DeleteField znieff1 ID_zni1</Process><Process ToolSource="c:\program files (x86)\arcgis\desktop10.3\ArcToolbox\Toolboxes\Data Management Tools.tbx\AddField" Date="20160406" Time="113439">AddField znieff1 P_FGEVOL TEXT # # 8 # NULLABLE NON_REQUIRED #</Process><Process ToolSource="c:\program files (x86)\arcgis\desktop10.3\ArcToolbox\Toolboxes\Data Management Tools.tbx\AddField" Date="20160406" Time="113440">AddField znieff1 R_FGEVOL TEXT # # 8 # NULLABLE NON_REQUIRED #</Process><Process ToolSource="c:\program files (x86)\arcgis\desktop10.3\ArcToolbox\Toolboxes\Data Management Tools.tbx\AddField" Date="20160406" Time="113441">AddField znieff1 TY TEXT # # 8 # NULLABLE NON_REQUIRED #</Process><Process ToolSource="c:\program files (x86)\arcgis\desktop10.3\ArcToolbox\Toolboxes\Data Management Tools.tbx\AddField" Date="20160406" Time="113442">AddField znieff1 controle TEXT # # 8 # NULLABLE NON_REQUIRED #</Process><Process ToolSource="c:\program files (x86)\arcgis\desktop10.3\ArcToolbox\Toolboxes\Data Management Tools.tbx\AddField" Date="20160406" Time="113442">AddField znieff1 SURF_SIG DOUBLE 12 2 # # NULLABLE NON_REQUIRED #</Process><Process ToolSource="c:\program files (x86)\arcgis\desktop10.3\ArcToolbox\Toolboxes\Data Management Tools.tbx\AddField" Date="20160406" Time="113443">AddField znieff1 SURF_BDD DOUBLE 12 2 # # NULLABLE NON_REQUIRED #</Process><Process ToolSource="c:\program files (x86)\arcgis\desktop10.3\ArcToolbox\Toolboxes\Data Management Tools.tbx\CalculateField" Date="20160406" Time="113458">CalculateField znieff1 SURF_SIG !shape.area@hectares! PYTHON_9.3 #</Process><Process ToolSource="c:\program files (x86)\arcgis\desktop10.3\ArcToolbox\Toolboxes\Data Management Tools.tbx\AddField" Date="20160406" Time="113616">AddField znieff1 P_FGEVOL TEXT # # 8 # NULLABLE NON_REQUIRED #</Process><Process ToolSource="c:\program files (x86)\arcgis\desktop10.3\ArcToolbox\Toolboxes\Data Management Tools.tbx\AddField" Date="20160406" Time="113617">AddField znieff1 R_FGEVOL TEXT # # 8 # NULLABLE NON_REQUIRED #</Process><Process ToolSource="c:\program files (x86)\arcgis\desktop10.3\ArcToolbox\Toolboxes\Data Management Tools.tbx\AddField" Date="20160406" Time="113617">AddField znieff1 TY TEXT # # 8 # NULLABLE NON_REQUIRED #</Process><Process ToolSource="c:\program files (x86)\arcgis\desktop10.3\ArcToolbox\Toolboxes\Data Management Tools.tbx\AddField" Date="20160406" Time="113617">AddField znieff1 controle TEXT # # 8 # NULLABLE NON_REQUIRED #</Process><Process ToolSource="c:\program files (x86)\arcgis\desktop10.3\ArcToolbox\Toolboxes\Data Management Tools.tbx\AddField" Date="20160406" Time="113617">AddField znieff1 SURF_SIG DOUBLE 12 2 # # NULLABLE NON_REQUIRED #</Process><Process ToolSource="c:\program files (x86)\arcgis\desktop10.3\ArcToolbox\Toolboxes\Data Management Tools.tbx\AddField" Date="20160406" Time="113617">AddField znieff1 SURF_BDD DOUBLE 12 2 # # NULLABLE NON_REQUIRED #</Process><Process ToolSource="c:\program files (x86)\arcgis\desktop10.3\ArcToolbox\Toolboxes\Data Management Tools.tbx\CalculateField" Date="20160406" Time="113630">CalculateField znieff1 SURF_SIG !shape.area@hectares! PYTHON_9.3 #</Process><Process ToolSource="c:\program files (x86)\arcgis\desktop10.3\ArcToolbox\Toolboxes\Data Management Tools.tbx\RepairGeometry" Date="20160406" Time="122035">RepairGeometry znieff1 DELETE_NULL</Process><Process ToolSource="c:\program files (x86)\arcgis\desktop10.3\ArcToolbox\Toolboxes\Data Management Tools.tbx\CalculateField" Date="20160406" Time="130114">CalculateField znieff1 NOM !NOM!.title() PYTHON_9.3 #</Process><Process ToolSource="c:\program files (x86)\arcgis\desktop10.3\ArcToolbox\Toolboxes\Data Management Tools.tbx\CopyFeatures" Date="20160406" Time="131813">CopyFeatures "D:\HDD_D\projet\znieff\mise_a_jour\diffusion\basedetravail\2016_04_04\Nouvelle géodatabase personnelle.mdb\l93\znieff1" D:\HDD_D\projet\znieff\mise_a_jour\diffusion\basedetravail\znieff1.shp # 0 0 0</Process><Process ToolSource="c:\program files (x86)\arcgis\desktop10.3\ArcToolbox\Toolboxes\Data Management Tools.tbx\DeleteField" Date="20160406" Time="132113">DeleteField znieff1 Shape_Leng;Shape_Area;P_FGEVOL;R_FGEVOL;TY;controle;SURF_SIG;SURF_BDD</Process><Process ToolSource="c:\program files (x86)\arcgis\desktop10.3\ArcToolbox\Toolboxes\Data Management Tools.tbx\CalculateField" Date="20160406" Time="132126">CalculateField znieff1 PROCEDURE_ "" VB #</Process><Process ToolSource="c:\program files (x86)\arcgis\desktop10.3\ArcToolbox\Toolboxes\Data Management Tools.tbx\Append" Date="20160418" Time="140524">Append znieff1_25 znieff1 NO_TEST "ID_MNHN "ID_MNHN" true false false 9 Text 0 0 ,First,#,znieff1_25,ID_MNHN,-1,-1;ID_ORG "ID_ORG" true false false 15 Text 0 0 ,First,#,znieff1_25,ID_ORG,-1,-1;NOM "NOM" true false false 160 Text 0 0 ,First,#,znieff1_25,NOM,-1,-1;GENERATION "GENERATION" true false false 5 Short 0 5 ,First,#,znieff1_25,GENERATION,-1,-1;PROCEDURE_ "PROCEDURE_" true false false 50 Text 0 0 ,First,#,znieff1_25,PROCEDURE_,-1,-1" #</Process><Process ToolSource="c:\program files (x86)\arcgis\desktop10.3\ArcToolbox\Toolboxes\Data Management Tools.tbx\CalculateField" Date="20160418" Time="141734">CalculateField znieff1 NOM !NOM!.capitalize() PYTHON_9.3 #</Process><Process ToolSource="c:\program files (x86)\arcgis\desktop10.3\ArcToolbox\Toolboxes\Data Management Tools.tbx\CalculateField" Date="20160418" Time="141750">CalculateField znieff1 NOM !NOM!.capitalize() PYTHON_9.3 #</Process><Process ToolSource="c:\program files (x86)\arcgis\desktop10.3\ArcToolbox\Toolboxes\Data Management Tools.tbx\RepairGeometry" Date="20160418" Time="142139">RepairGeometry znieff1 DELETE_NULL</Process><Process ToolSource="c:\program files (x86)\arcgis\desktop10.3\ArcToolbox\Toolboxes\Data Management Tools.tbx\AddField" Date="20160418" Time="142139">AddField znieff1 CD_SIG TEXT # # 21 # NULLABLE NON_REQUIRED #</Process><Process ToolSource="c:\program files (x86)\arcgis\desktop10.3\ArcToolbox\Toolboxes\Data Management Tools.tbx\CalculateField" Date="20160418" Time="142144">CalculateField znieff1 CD_SIG 'I032G'+str(!GENERATION!)+!ID_MNHN! PYTHON_9.3 #</Process><Process ToolSource="c:\program files (x86)\arcgis\desktop10.3\ArcToolbox\Toolboxes\Data Management Tools.tbx\AddField" Date="20160418" Time="142145">AddField znieff1 X_PROJ DOUBLE 10 0 # # NULLABLE NON_REQUIRED #</Process><Process ToolSource="c:\program files (x86)\arcgis\desktop10.3\ArcToolbox\Toolboxes\Data Management Tools.tbx\CalculateField" Date="20160418" Time="142201">CalculateField znieff1 X_PROJ !shape.labelPoint.X! PYTHON_9.3 #</Process><Process ToolSource="c:\program files (x86)\arcgis\desktop10.3\ArcToolbox\Toolboxes\Data Management Tools.tbx\CalculateField" Date="20160418" Time="142202">CalculateField znieff1 X_PROJ "round (!X_PROJ!,0)" PYTHON_9.3 #</Process><Process ToolSource="c:\program files (x86)\arcgis\desktop10.3\ArcToolbox\Toolboxes\Data Management Tools.tbx\AddField" Date="20160418" Time="142202">AddField znieff1 Y_PROJ DOUBLE 10 0 # # NULLABLE NON_REQUIRED #</Process><Process ToolSource="c:\program files (x86)\arcgis\desktop10.3\ArcToolbox\Toolboxes\Data Management Tools.tbx\CalculateField" Date="20160418" Time="142219">CalculateField znieff1 Y_PROJ !shape.labelPoint.Y! PYTHON_9.3 #</Process><Process ToolSource="c:\program files (x86)\arcgis\desktop10.3\ArcToolbox\Toolboxes\Data Management Tools.tbx\CalculateField" Date="20160418" Time="142224">CalculateField znieff1 Y_PROJ "round (!Y_PROJ!,0)" PYTHON_9.3 #</Process><Process ToolSource="c:\program files (x86)\arcgis\desktop10.3\ArcToolbox\Toolboxes\Data Management Tools.tbx\AddField" Date="20160418" Time="142225">AddField znieff1 PRECIS_X DOUBLE 10 0 # # NULLABLE NON_REQUIRED #</Process><Process ToolSource="c:\program files (x86)\arcgis\desktop10.3\ArcToolbox\Toolboxes\Data Management Tools.tbx\CalculateField" Date="20160418" Time="142648">CalculateField znieff1 PRECIS_X "!shape.extent.XMax! - !shape.extent.XMin!" PYTHON_9.3 #</Process><Process ToolSource="c:\program files (x86)\arcgis\desktop10.3\ArcToolbox\Toolboxes\Data Management Tools.tbx\CalculateField" Date="20160418" Time="142656">CalculateField znieff1 PRECIS_X "round (!PRECIS_X!,0)" PYTHON_9.3 #</Process><Process ToolSource="c:\program files (x86)\arcgis\desktop10.3\ArcToolbox\Toolboxes\Data Management Tools.tbx\AddField" Date="20160418" Time="142657">AddField znieff1 PRECIS_Y DOUBLE 10 0 # # NULLABLE NON_REQUIRED #</Process><Process ToolSource="c:\program files (x86)\arcgis\desktop10.3\ArcToolbox\Toolboxes\Data Management Tools.tbx\CalculateField" Date="20160418" Time="144147">CalculateField znieff1 PRECIS_Y "!shape.extent.YMax! - !shape.extent.YMin!" PYTHON_9.3 #</Process><Process ToolSource="c:\program files (x86)\arcgis\desktop10.3\ArcToolbox\Toolboxes\Data Management Tools.tbx\CalculateField" Date="20160418" Time="144148">CalculateField znieff1 PRECIS_Y "round (!PRECIS_Y!,0)" PYTHON_9.3 #</Process><Process ToolSource="c:\program files (x86)\arcgis\desktop10.3\ArcToolbox\Toolboxes\Data Management Tools.tbx\AddField" Date="20160418" Time="144148">AddField znieff1 SUPERFICIE DOUBLE 12 2 # # NULLABLE NON_REQUIRED #</Process><Process ToolSource="c:\program files (x86)\arcgis\desktop10.3\ArcToolbox\Toolboxes\Data Management Tools.tbx\CalculateField" Date="20160418" Time="144200">CalculateField znieff1 SUPERFICIE !shape.area@hectares! PYTHON_9.3 #</Process><Process ToolSource="c:\program files (x86)\arcgis\desktop10.3\ArcToolbox\Toolboxes\Data Management Tools.tbx\RepairGeometry" Date="20160418" Time="154652">RepairGeometry znieff1 DELETE_NULL</Process><Process ToolSource="c:\program files (x86)\arcgis\desktop10.3\ArcToolbox\Toolboxes\Data Management Tools.tbx\DeleteField" Date="20160526" Time="160325">DeleteField znieff1 CD_SIG;X_PROJ;Y_PROJ;PRECIS_X;PRECIS_Y;SUPERFICIE</Process><Process ToolSource="c:\program files (x86)\arcgis\desktop10.3\ArcToolbox\Toolboxes\Data Management Tools.tbx\CalculateField" Date="20160526" Time="160339">CalculateField znieff1 NOM !NOM!.capitalize() PYTHON_9.3 #</Process><Process ToolSource="c:\program files (x86)\arcgis\desktop10.3\ArcToolbox\Toolboxes\Data Management Tools.tbx\CalculateField" Date="20160526" Time="160418">CalculateField znieff1 NOM "Pelouse marnicole de la maison neuve" VB #</Process><Process ToolSource="c:\program files (x86)\arcgis\desktop10.3\ArcToolbox\Toolboxes\Data Management Tools.tbx\CalculateField" Date="20160526" Time="160445">CalculateField znieff1 NOM "Lac de rieumes" VB #</Process><Process ToolSource="c:\program files (x86)\arcgis\desktop10.3\ArcToolbox\Toolboxes\Data Management Tools.tbx\CalculateField" Date="20160606" Time="093446">CalculateField znieff1 NOM !NOM!.capitalize() PYTHON_9.3 #</Process></lineage><copyHistory><copy source="D:\HDD_D\projet\znieff\mise_a_jour\diffusion\basedetravail\znieff1" dest="\\EGB308LEF\D$\HDD_D\projet\znieff\mise_a_jour\diffusion\basedetravail\2016_04_04\valid\znieff1" date="20160418" time="14070000"></copy></copyHistory></DataProperties><SyncDate>20160406</SyncDate><SyncTime>13180700</SyncTime><ModDate>20160406</ModDate><ModTime>13180700</ModTime></Esri><dataIdInfo><envirDesc Sync="TRUE">Microsoft Windows 7 Version 6.1 (Build 7601) Service Pack 1; Esri ArcGIS 10.3.1.4959</envirDesc><dataLang><languageCode value="fra" Sync="TRUE"></languageCode><countryCode value="LUX" Sync="TRUE"></countryCode></dataLang><idCitation><resTitle Sync="TRUE">znieff1</resTitle><presForm><PresFormCd value="005" Sync="TRUE"></PresFormCd></presForm></idCitation><spatRpType><SpatRepTypCd value="001" Sync="TRUE"></SpatRepTypCd></spatRpType><dataExt><geoEle><GeoBndBox esriExtentType="search"><exTypeCode Sync="TRUE">1</exTypeCode><westBL Sync="TRUE">-5.524525</westBL><eastBL Sync="TRUE">10.698796</eastBL><northBL Sync="TRUE">51.091699</northBL><southBL Sync="TRUE">41.271783</southBL></GeoBndBox></geoEle></dataExt></dataIdInfo><mdLang><languageCode value="fra" Sync="TRUE"></languageCode><countryCode value="LUX" Sync="TRUE"></countryCode></mdLang><mdChar><CharSetCd value="004" Sync="TRUE"></CharSetCd></mdChar><distInfo><distFormat><formatName Sync="TRUE">Fichier de formes</formatName></distFormat><distTranOps><transSize Sync="TRUE">0.000</transSize></distTranOps></distInfo><mdHrLv><ScopeCd value="005" Sync="TRUE"></ScopeCd></mdHrLv><mdHrLvName Sync="TRUE">dataset</mdHrLvName><refSysInfo><RefSystem><refSysID><identCode code="2154" Sync="TRUE"></identCode><idCodeSpace Sync="TRUE">EPSG</idCodeSpace><idVersion Sync="TRUE">8.6.2</idVersion></refSysID></RefSystem></refSysInfo><spatRepInfo><VectSpatRep><geometObjs Name="znieff1"><geoObjTyp><GeoObjTypCd value="002" Sync="TRUE"></GeoObjTypCd></geoObjTyp><geoObjCnt Sync="TRUE">0</geoObjCnt></geometObjs><topLvl><TopoLevCd value="001" Sync="TRUE"></TopoLevCd></topLvl></VectSpatRep></spatRepInfo><spdoinfo><ptvctinf><esriterm Name="znieff1"><efeatyp Sync="TRUE">Simple</efeatyp><efeageom code="4" Sync="TRUE"></efeageom><esritopo Sync="TRUE">FALSE</esritopo><efeacnt Sync="TRUE">0</efeacnt><spindex Sync="TRUE">FALSE</spindex><linrefer Sync="TRUE">FALSE</linrefer></esriterm></ptvctinf></spdoinfo><eainfo><detailed Name="znieff1"><enttyp><enttypl Sync="TRUE">znieff1</enttypl><enttypt Sync="TRUE">Feature Class</enttypt><enttypc Sync="TRUE">0</enttypc></enttyp><attr><attrlabl Sync="TRUE">FID</attrlabl><attalias Sync="TRUE">FID</attalias><attrtype Sync="TRUE">OID</attrtype><attwidth Sync="TRUE">4</attwidth><atprecis Sync="TRUE">0</atprecis><attscale Sync="TRUE">0</attscale><attrdef Sync="TRUE">Internal feature number.</attrdef><attrdefs Sync="TRUE">Esri</attrdefs><attrdomv><udom Sync="TRUE">Sequential unique whole numbers that are automatically generated.</udom></attrdomv></attr><attr><attrlabl Sync="TRUE">Shape</attrlabl><attalias Sync="TRUE">Shape</attalias><attrtype Sync="TRUE">Geometry</attrtype><attwidth Sync="TRUE">0</attwidth><atprecis Sync="TRUE">0</atprecis><attscale Sync="TRUE">0</attscale><attrdef Sync="TRUE">Feature geometry.</attrdef><attrdefs Sync="TRUE">Esri</attrdefs><attrdomv><udom Sync="TRUE">Coordinates defining the features.</udom></attrdomv></attr><attr><attrlabl Sync="TRUE">ID_MNHN</attrlabl><attalias Sync="TRUE">ID_MNHN</attalias><attrtype Sync="TRUE">String</attrtype><attwidth Sync="TRUE">9</attwidth><atprecis Sync="TRUE">0</atprecis><attscale Sync="TRUE">0</attscale></attr><attr><attrlabl Sync="TRUE">ID_ORG</attrlabl><attalias Sync="TRUE">ID_ORG</attalias><attrtype Sync="TRUE">String</attrtype><attwidth Sync="TRUE">15</attwidth><atprecis Sync="TRUE">0</atprecis><attscale Sync="TRUE">0</attscale></attr><attr><attrlabl Sync="TRUE">NOM</attrlabl><attalias Sync="TRUE">NOM</attalias><attrtype Sync="TRUE">String</attrtype><attwidth Sync="TRUE">160</attwidth><atprecis Sync="TRUE">0</atprecis><attscale Sync="TRUE">0</attscale></attr><attr><attrlabl Sync="TRUE">GENERATION</attrlabl><attalias Sync="TRUE">GENERATION</attalias><attrtype Sync="TRUE">SmallInteger</attrtype><attwidth Sync="TRUE">5</attwidth><atprecis Sync="TRUE">5</atprecis><attscale Sync="TRUE">0</attscale></attr><attr><attrlabl Sync="TRUE">PROCEDURE_</attrlabl><attalias Sync="TRUE">PROCEDURE_</attalias><attrtype Sync="TRUE">String</attrtype><attwidth Sync="TRUE">50</attwidth><atprecis Sync="TRUE">0</atprecis><attscale Sync="TRUE">0</attscale></attr><attr><attrlabl Sync="TRUE">Shape_Leng</attrlabl><attalias Sync="TRUE">Shape_Leng</attalias><attrtype Sync="TRUE">Double</attrtype><attwidth Sync="TRUE">19</attwidth><atprecis Sync="TRUE">0</atprecis><attscale Sync="TRUE">0</attscale></attr><attr><attrlabl Sync="TRUE">Shape_Area</attrlabl><attalias Sync="TRUE">Shape_Area</attalias><attrtype Sync="TRUE">Double</attrtype><attwidth Sync="TRUE">19</attwidth><atprecis Sync="TRUE">0</atprecis><attscale Sync="TRUE">0</attscale><attrdef Sync="TRUE">Area of feature in internal units squared.</attrdef><attrdefs Sync="TRUE">Esri</attrdefs><attrdomv><udom Sync="TRUE">Positive real numbers that are automatically generated.</udom></attrdomv></attr><attr><attrlabl Sync="TRUE">P_FGEVOL</attrlabl><attalias Sync="TRUE">P_FGEVOL</attalias><attrtype Sync="TRUE">String</attrtype><attwidth Sync="TRUE">8</attwidth><atprecis Sync="TRUE">0</atprecis><attscale Sync="TRUE">0</attscale></attr><attr><attrlabl Sync="TRUE">R_FGEVOL</attrlabl><attalias Sync="TRUE">R_FGEVOL</attalias><attrtype Sync="TRUE">String</attrtype><attwidth Sync="TRUE">8</attwidth><atprecis Sync="TRUE">0</atprecis><attscale Sync="TRUE">0</attscale></attr><attr><attrlabl Sync="TRUE">TY</attrlabl><attalias Sync="TRUE">TY</attalias><attrtype Sync="TRUE">String</attrtype><attwidth Sync="TRUE">8</attwidth><atprecis Sync="TRUE">0</atprecis><attscale Sync="TRUE">0</attscale></attr><attr><attrlabl Sync="TRUE">controle</attrlabl><attalias Sync="TRUE">controle</attalias><attrtype Sync="TRUE">String</attrtype><attwidth Sync="TRUE">8</attwidth><atprecis Sync="TRUE">0</atprecis><attscale Sync="TRUE">0</attscale></attr><attr><attrlabl Sync="TRUE">SURF_SIG</attrlabl><attalias Sync="TRUE">SURF_SIG</attalias><attrtype Sync="TRUE">Double</attrtype><attwidth Sync="TRUE">19</attwidth><atprecis Sync="TRUE">0</atprecis><attscale Sync="TRUE">0</attscale></attr><attr><attrlabl Sync="TRUE">SURF_BDD</attrlabl><attalias Sync="TRUE">SURF_BDD</attalias><attrtype Sync="TRUE">Double</attrtype><attwidth Sync="TRUE">19</attwidth><atprecis Sync="TRUE">0</atprecis><attscale Sync="TRUE">0</attscale></attr></detailed></eainfo><mdDateSt Sync="TRUE">20160406</mdDateSt></metadata>
