<?xml version="1.0" encoding="UTF-8"?>
<metadata xml:lang="fr"><Esri><CreaDate>20151102</CreaDate><CreaTime>10581900</CreaTime><ArcGISFormat>1.0</ArcGISFormat><SyncOnce>TRUE</SyncOnce><DataProperties><itemProps><itemLocation><linkage Sync="TRUE">file://\\EGB308WL01\D$\Desktop\MONTAGNE\Travail\MAJ_OCTOBRE2015\export_shape\PRET_PR_FILEZILLA\rnc\rnc2015_10\N_ENP_ACTE_RNC_094</linkage><protocol Sync="TRUE">Local Area Network</protocol></itemLocation></itemProps><copyHistory><copy source="d:\Desktop\MONTAGNE\Travail\2015_ec\N_ENP_ACTE_RNC_094" dest="\\EGB308WL01\D$\Desktop\MONTAGNE\Travail\MAJ_OCTOBRE2015\export_shape\PRET_PR_FILEZILLA\rnc\rnc2015_10\N_ENP_ACTE_RNC_094" date="20151102" time="10581900"></copy></copyHistory></DataProperties></Esri></metadata>
