<?xml version="1.0" encoding="UTF-8"?>
<metadata xml:lang="fr"><Esri><CreaDate>20160418</CreaDate><CreaTime>14070500</CreaTime><ArcGISFormat>1.0</ArcGISFormat><ArcGISstyle>INSPIRE Metadata Directive</ArcGISstyle><SyncOnce>FALSE</SyncOnce><DataProperties><itemProps><itemName Sync="TRUE">znieff2</itemName><imsContentType Sync="TRUE">002</imsContentType><nativeExtBox><westBL Sync="TRUE">144577.144600</westBL><eastBL Sync="TRUE">1237687.808000</eastBL><southBL Sync="TRUE">6049598.305900</southBL><northBL Sync="TRUE">7107752.418200</northBL><exTypeCode Sync="TRUE">1</exTypeCode></nativeExtBox><itemSize Sync="TRUE">0.000</itemSize><itemLocation><linkage Sync="TRUE">file://\\EGB308LEF\D$\HDD_D\projet\znieff\mise_a_jour\diffusion\basedetravail\2016_04_04\valid\znieff2</linkage><protocol Sync="TRUE">Local Area Network</protocol></itemLocation></itemProps><coordRef><type Sync="TRUE">Projected</type><geogcsn Sync="TRUE">GCS_RGF_1993</geogcsn><csUnits Sync="TRUE">Linear Unit: Meter (1.000000)</csUnits><projcsn Sync="TRUE">RGF_1993_Lambert_93</projcsn><peXml Sync="TRUE">&lt;ProjectedCoordinateSystem xsi:type='typens:ProjectedCoordinateSystem' xmlns:xsi='http://www.w3.org/2001/XMLSchema-instance' xmlns:xs='http://www.w3.org/2001/XMLSchema' xmlns:typens='http://www.esri.com/schemas/ArcGIS/10.3'&gt;&lt;WKT&gt;PROJCS[&amp;quot;RGF_1993_Lambert_93&amp;quot;,GEOGCS[&amp;quot;GCS_RGF_1993&amp;quot;,DATUM[&amp;quot;D_RGF_1993&amp;quot;,SPHEROID[&amp;quot;GRS_1980&amp;quot;,6378137.0,298.257222101]],PRIMEM[&amp;quot;Greenwich&amp;quot;,0.0],UNIT[&amp;quot;Degree&amp;quot;,0.0174532925199433]],PROJECTION[&amp;quot;Lambert_Conformal_Conic&amp;quot;],PARAMETER[&amp;quot;False_Easting&amp;quot;,700000.0],PARAMETER[&amp;quot;False_Northing&amp;quot;,6600000.0],PARAMETER[&amp;quot;Central_Meridian&amp;quot;,3.0],PARAMETER[&amp;quot;Standard_Parallel_1&amp;quot;,44.0],PARAMETER[&amp;quot;Standard_Parallel_2&amp;quot;,49.0],PARAMETER[&amp;quot;Latitude_Of_Origin&amp;quot;,46.5],UNIT[&amp;quot;Meter&amp;quot;,1.0],AUTHORITY[&amp;quot;EPSG&amp;quot;,2154]]&lt;/WKT&gt;&lt;XOrigin&gt;-35597500&lt;/XOrigin&gt;&lt;YOrigin&gt;-23641900&lt;/YOrigin&gt;&lt;XYScale&gt;124074650.52332792&lt;/XYScale&gt;&lt;ZOrigin&gt;-100000&lt;/ZOrigin&gt;&lt;ZScale&gt;10000&lt;/ZScale&gt;&lt;MOrigin&gt;-100000&lt;/MOrigin&gt;&lt;MScale&gt;10000&lt;/MScale&gt;&lt;XYTolerance&gt;0.001&lt;/XYTolerance&gt;&lt;ZTolerance&gt;0.001&lt;/ZTolerance&gt;&lt;MTolerance&gt;0.001&lt;/MTolerance&gt;&lt;HighPrecision&gt;true&lt;/HighPrecision&gt;&lt;WKID&gt;102110&lt;/WKID&gt;&lt;LatestWKID&gt;2154&lt;/LatestWKID&gt;&lt;/ProjectedCoordinateSystem&gt;</peXml></coordRef><lineage><Process ToolSource="c:\program files (x86)\arcgis\desktop10.3\ArcToolbox\Toolboxes\Data Management Tools.tbx\CalculateField" Date="20160311" Time="134355">CalculateField znieff2 PROCEDURE "" VB #</Process><Process ToolSource="c:\program files (x86)\arcgis\desktop10.3\ArcToolbox\Toolboxes\Analysis Tools.tbx\Erase" Date="20160317" Time="135714">Erase znieff2 REGIONS_Intersect D:\Documents\ArcGIS\Default.gdb\znieff2_Erase "0.1 Centimeters"</Process><Process ToolSource="c:\program files (x86)\arcgis\desktop10.3\ArcToolbox\Toolboxes\Analysis Tools.tbx\Erase" Date="20160317" Time="141731">Erase znieff2 REGIONS222_Intersect D:\Documents\ArcGIS\Default.gdb\znieff22_Erase "0.1 Centimeters"</Process><Process ToolSource="c:\program files (x86)\arcgis\desktop10.3\ArcToolbox\Toolboxes\Data Management Tools.tbx\Append" Date="20160317" Time="144602">Append znieff2_42v znieff2 NO_TEST "ID_MNHN "ID_MNHN" true false false 9 Text 0 0 ,First,#,znieff2_42v,ID_MNHN,-1,-1;ID_ORG "ID_ORG" true false false 15 Text 0 0 ,First,#,znieff2_42v,ID_ORG,-1,-1;NOM "NOM" true false false 160 Text 0 0 ,First,#,znieff2_42v,NOM,-1,-1;GENERATION "GENERATION" true false false 5 Short 0 5 ,First,#,znieff2_42v,GENERATION,-1,-1;PROCEDURE_ "PROCEDURE_" true false false 10 Text 0 0 ,First,#,znieff2_42v,PROCEDURE_,-1,-1" #</Process><Process ToolSource="c:\program files (x86)\arcgis\desktop10.3\ArcToolbox\Toolboxes\Data Management Tools.tbx\Append" Date="20160322" Time="130731">Append znieff2_72 znieff2 NO_TEST "ID_MNHN "ID_MNHN" true false false 9 Text 0 0 ,First,#,znieff2_72,ID_MNHN,-1,-1;ID_ORG "ID_ORG" true false false 15 Text 0 0 ,First,#,znieff2_72,ID_ORG,-1,-1;NOM "NOM" true false false 160 Text 0 0 ,First,#,znieff2_72,NOM,-1,-1;GENERATION "GENERATION" true false false 5 Short 0 5 ,First,#,znieff2_72,GENERATION,-1,-1;PROCEDURE_ "PROCEDURE_" true false false 10 Text 0 0 ,First,#,znieff2_72,PROCEDURE_,-1,-1" #</Process><Process ToolSource="c:\program files (x86)\arcgis\desktop10.3\ArcToolbox\Toolboxes\Data Management Tools.tbx\CalculateField" Date="20160322" Time="131127">CalculateField znieff2 PROCEDURE_ "ajout" VB #</Process><Process ToolSource="c:\program files (x86)\arcgis\desktop10.3\ArcToolbox\Toolboxes\Data Management Tools.tbx\Append" Date="20160323" Time="102919">Append znieff2_73b znieff2 NO_TEST "ID_MNHN "ID_MNHN" true false false 9 Text 0 0 ,First,#,znieff2_73b,ID_MNHN,-1,-1;ID_ORG "ID_ORG" true false false 15 Text 0 0 ,First,#,znieff2_73b,ID_ORG,-1,-1;NOM "NOM" true false false 160 Text 0 0 ,First,#,znieff2_73b,NOM,-1,-1;GENERATION "GENERATION" true false false 5 Short 0 5 ,First,#,znieff2_73b,GENERATION,-1,-1;PROCEDURE_ "PROCEDURE_" true false false 10 Text 0 0 ,First,#,znieff2_73b,PROCEDURE_,-1,-1" #</Process><Process ToolSource="c:\program files (x86)\arcgis\desktop10.3\ArcToolbox\Toolboxes\Data Management Tools.tbx\Append" Date="20160323" Time="145147">Append znieff2_74 znieff2 NO_TEST "ID_MNHN "ID_MNHN" true false false 9 Text 0 0 ,First,#,znieff2_74,ID_MNHN,-1,-1;ID_ORG "ID_ORG" true false false 15 Text 0 0 ,First,#,znieff2_74,ID_ORG,-1,-1;NOM "NOM" true false false 160 Text 0 0 ,First,#,znieff2_74,NOM,-1,-1;GENERATION "GENERATION" true false false 5 Short 0 5 ,First,#,znieff2_74,GENERATION,-1,-1;PROCEDURE_ "PROCEDURE_" true false false 10 Text 0 0 ,First,#,znieff2_74,PROCEDURE_,-1,-1" #</Process><Process ToolSource="c:\program files (x86)\arcgis\desktop10.3\ArcToolbox\Toolboxes\Data Management Tools.tbx\Append" Date="20160323" Time="145443">Append znieff2_74 znieff2 NO_TEST "ID_MNHN "ID_MNHN" true false false 9 Text 0 0 ,First,#,znieff2_74,ID_MNHN,-1,-1;ID_ORG "ID_ORG" true false false 15 Text 0 0 ,First,#,znieff2_74,ID_ORG,-1,-1;NOM "NOM" true false false 160 Text 0 0 ,First,#,znieff2_74,NOM,-1,-1;GENERATION "GENERATION" true false false 5 Short 0 5 ,First,#,znieff2_74,GENERATION,-1,-1;PROCEDURE_ "PROCEDURE_" true false false 10 Text 0 0 ,First,#,znieff2_74,PROCEDURE_,-1,-1" #</Process><Process ToolSource="c:\program files (x86)\arcgis\desktop10.3\ArcToolbox\Toolboxes\Data Management Tools.tbx\Append" Date="20160324" Time="140729">Append znieff2_52 znieff2 NO_TEST "ID_MNHN "ID_MNHN" true false false 9 Text 0 0 ,First,#,znieff2_52,ID_MNHN,-1,-1;ID_ORG "ID_ORG" true false false 15 Text 0 0 ,First,#,znieff2_52,ID_ORG,-1,-1;NOM "NOM" true false false 160 Text 0 0 ,First,#,znieff2_52,NOM,-1,-1;GENERATION "GENERATION" true false false 5 Short 0 5 ,First,#,znieff2_52,GENERATION,-1,-1;PROCEDURE_ "PROCEDURE_" true false false 10 Text 0 0 ,First,#,znieff2_52,PROCEDURE_,-1,-1" #</Process><Process ToolSource="c:\program files (x86)\arcgis\desktop10.3\ArcToolbox\Toolboxes\Data Management Tools.tbx\Append" Date="20160324" Time="155032">Append znieff2_25 znieff2 NO_TEST "ID_MNHN "ID_MNHN" true false false 9 Text 0 0 ,First,#,znieff2_25,ID_MNHN,-1,-1;ID_ORG "ID_ORG" true false false 15 Text 0 0 ,First,#,znieff2_25,ID_ORG,-1,-1;NOM "NOM" true false false 160 Text 0 0 ,First,#,znieff2_25,NOM,-1,-1;GENERATION "GENERATION" true false false 5 Short 0 5 ,First,#,znieff2_25,GENERATION,-1,-1;PROCEDURE_ "PROCEDURE_" true false false 10 Text 0 0 ,First,#,znieff2_25,PROCEDURE_,-1,-1" #</Process><Process ToolSource="c:\program files (x86)\arcgis\desktop10.3\ArcToolbox\Toolboxes\Data Management Tools.tbx\Append" Date="20160325" Time="105346">Append znieff2_23 znieff2 NO_TEST "ID_MNHN "ID_MNHN" true false false 9 Text 0 0 ,First,#,znieff2_23,ID_MNHN,-1,-1;ID_ORG "ID_ORG" true false false 15 Text 0 0 ,First,#,znieff2_23,ID_ORG,-1,-1;NOM "NOM" true false false 160 Text 0 0 ,First,#,znieff2_23,NOM,-1,-1;GENERATION "GENERATION" true false false 5 Short 0 5 ,First,#,znieff2_23,GENERATION,-1,-1;PROCEDURE_ "PROCEDURE_" true false false 10 Text 0 0 ,First,#,znieff2_23,PROCEDURE_,-1,-1" #</Process><Process ToolSource="c:\program files (x86)\arcgis\desktop10.3\ArcToolbox\Toolboxes\Data Management Tools.tbx\Append" Date="20160325" Time="151629">Append znieff2_24 znieff2 NO_TEST "ID_MNHN "ID_MNHN" true false false 9 Text 0 0 ,First,#,znieff2_24,ID_MNHN,-1,-1;ID_ORG "ID_ORG" true false false 15 Text 0 0 ,First,#,znieff2_24,ID_ORG,-1,-1;NOM "NOM" true false false 160 Text 0 0 ,First,#,znieff2_24,NOM,-1,-1;GENERATION "GENERATION" true false false 5 Short 0 5 ,First,#,znieff2_24,GENERATION,-1,-1;PROCEDURE_ "PROCEDURE_" true false false 10 Text 0 0 ,First,#,znieff2_24,PROCEDURE_,-1,-1" #</Process><Process ToolSource="c:\program files (x86)\arcgis\desktop10.3\ArcToolbox\Toolboxes\Data Management Tools.tbx\Append" Date="20160329" Time="145257">Append znieff2_31 znieff2 NO_TEST "ID_MNHN "ID_MNHN" true false false 9 Text 0 0 ,First,#,znieff2_31,ID_MNHN,-1,-1;ID_ORG "ID_ORG" true false false 15 Text 0 0 ,First,#,znieff2_31,ID_ORG,-1,-1;NOM "NOM" true false false 160 Text 0 0 ,First,#,znieff2_31,NOM,-1,-1;GENERATION "GENERATION" true false false 5 Short 0 5 ,First,#,znieff2_31,GENERATION,-1,-1;PROCEDURE_ "PROCEDURE_" true false false 10 Text 0 0 ,First,#,znieff2_31,PROCEDURE_,-1,-1" #</Process><Process ToolSource="c:\program files (x86)\arcgis\desktop10.3\ArcToolbox\Toolboxes\Data Management Tools.tbx\Append" Date="20160329" Time="160302">Append znieff2_22 znieff2 NO_TEST "ID_MNHN "ID_MNHN" true false false 9 Text 0 0 ,First,#,znieff2_22,ID_MNHN,-1,-1;ID_ORG "ID_ORG" true false false 15 Text 0 0 ,First,#,znieff2_22,ID_ORG,-1,-1;NOM "NOM" true false false 160 Text 0 0 ,First,#,znieff2_22,NOM,-1,-1;GENERATION "GENERATION" true false false 5 Short 0 5 ,First,#,znieff2_22,GENERATION,-1,-1;PROCEDURE_ "PROCEDURE_" true false false 10 Text 0 0 ,First,#,znieff2_22,PROCEDURE_,-1,-1" #</Process><Process ToolSource="c:\program files (x86)\arcgis\desktop10.3\ArcToolbox\Toolboxes\Data Management Tools.tbx\RepairGeometry" Date="20160329" Time="162009">RepairGeometry znieff2 DELETE_NULL</Process><Process ToolSource="c:\program files (x86)\arcgis\desktop10.3\ArcToolbox\Toolboxes\Data Management Tools.tbx\Append" Date="20160330" Time="102727">Append znieff2b znieff2 NO_TEST "ID_MNHN "ID_MNHN" true false false 9 Text 0 0 ,First,#,znieff2b,ID_MNHN,-1,-1;ID_ORG "ID_ORG" true false false 15 Text 0 0 ,First,#,znieff2b,ID_ORG,-1,-1;NOM "NOM" true false false 160 Text 0 0 ,First,#,znieff2b,NOM,-1,-1;GENERATION "GENERATION" true false false 5 Short 0 5 ,First,#,znieff2b,GENERATION,-1,-1;PROCEDURE_ "PROCEDURE_" true false false 10 Text 0 0 ,First,#" #</Process><Process ToolSource="c:\program files (x86)\arcgis\desktop10.3\ArcToolbox\Toolboxes\Data Management Tools.tbx\Append" Date="20160401" Time="144704">Append znieff2_11 znieff2 NO_TEST "ID_MNHN "ID_MNHN" true false false 9 Text 0 0 ,First,#,znieff2_11,ID_MNHN,-1,-1;ID_ORG "ID_ORG" true false false 15 Text 0 0 ,First,#,znieff2_11,ID_ORG,-1,-1;NOM "NOM" true false false 160 Text 0 0 ,First,#,znieff2_11,NOM,-1,-1;GENERATION "GENERATION" true false false 5 Short 0 5 ,First,#,znieff2_11,GENERATION,-1,-1;PROCEDURE_ "PROCEDURE_" true false false 10 Text 0 0 ,First,#,znieff2_11,PROCEDURE_,-1,-1" #</Process><Process ToolSource="c:\program files (x86)\arcgis\desktop10.3\ArcToolbox\Toolboxes\Data Management Tools.tbx\Append" Date="20160405" Time="151314">Append znieff2_72 znieff2 NO_TEST "ID_MNHN "ID_MNHN" true false false 9 Text 0 0 ,First,#,znieff2_72,ID_MNHN,-1,-1;ID_ORG "ID_ORG" true false false 15 Text 0 0 ,First,#,znieff2_72,ID_ORG,-1,-1;NOM "NOM" true false false 160 Text 0 0 ,First,#,znieff2_72,NOM,-1,-1;GENERATION "GENERATION" true false false 5 Short 0 5 ,First,#,znieff2_72,GENERATION,-1,-1;PROCEDURE_ "PROCEDURE_" true false false 10 Text 0 0 ,First,#,znieff2_72,PROCEDURE_,-1,-1" #</Process><Process ToolSource="c:\program files (x86)\arcgis\desktop10.3\ArcToolbox\Toolboxes\Data Management Tools.tbx\Append" Date="20160405" Time="152500">Append znieff2_72 znieff2 NO_TEST "ID_MNHN "ID_MNHN" true false false 9 Text 0 0 ,First,#,znieff2_72,ID_MNHN,-1,-1;ID_ORG "ID_ORG" true false false 15 Text 0 0 ,First,#,znieff2_72,ID_ORG,-1,-1;NOM "NOM" true false false 160 Text 0 0 ,First,#,znieff2_72,NOM,-1,-1;GENERATION "GENERATION" true false false 5 Short 0 5 ,First,#,znieff2_72,GENERATION,-1,-1;PROCEDURE_ "PROCEDURE_" true false false 10 Text 0 0 ,First,#,znieff2_72,PROCEDURE_,-1,-1" #</Process><Process ToolSource="c:\program files (x86)\arcgis\desktop10.3\ArcToolbox\Toolboxes\Data Management Tools.tbx\CopyFeatures" Date="20160405" Time="172052">CopyFeatures znieff2 "D:\HDD_D\projet\znieff\mise_a_jour\diffusion\basedetravail\2016_04_04\Nouvelle géodatabase personnelle.mdb\l93\znieff2" # 0 0 0</Process><Process ToolSource="c:\program files (x86)\arcgis\desktop10.3\ArcToolbox\Toolboxes\Data Management Tools.tbx\RepairGeometry" Date="20160406" Time="121939">RepairGeometry znieff2 DELETE_NULL</Process><Process ToolSource="c:\program files (x86)\arcgis\desktop10.3\ArcToolbox\Toolboxes\Data Management Tools.tbx\CalculateField" Date="20160406" Time="125040">CalculateField znieff2 NOM !NOM!.title() PYTHON_9.3 #</Process><Process ToolSource="c:\program files (x86)\arcgis\desktop10.3\ArcToolbox\Toolboxes\Data Management Tools.tbx\CalculateField" Date="20160406" Time="125147">CalculateField znieff2 NOM !NOM!.title() PYTHON_9.3 #</Process><Process ToolSource="c:\program files (x86)\arcgis\desktop10.3\ArcToolbox\Toolboxes\Data Management Tools.tbx\CalculateField" Date="20160406" Time="130238">CalculateField znieff2 NOM !NOM!.title() PYTHON_9.3 #</Process><Process ToolSource="c:\program files (x86)\arcgis\desktop10.3\ArcToolbox\Toolboxes\Data Management Tools.tbx\CopyFeatures" Date="20160406" Time="131815">CopyFeatures "D:\HDD_D\projet\znieff\mise_a_jour\diffusion\basedetravail\2016_04_04\Nouvelle géodatabase personnelle.mdb\l93\znieff2" D:\HDD_D\projet\znieff\mise_a_jour\diffusion\basedetravail\znieff2.shp # 0 0 0</Process><Process ToolSource="c:\program files (x86)\arcgis\desktop10.3\ArcToolbox\Toolboxes\Data Management Tools.tbx\CalculateField" Date="20160406" Time="132011">CalculateField znieff2 PROCEDURE_ "" VB #</Process><Process ToolSource="c:\program files (x86)\arcgis\desktop10.3\ArcToolbox\Toolboxes\Data Management Tools.tbx\Append" Date="20160418" Time="140548">Append znieff2_25 znieff2 NO_TEST "ID_MNHN "ID_MNHN" true false false 9 Text 0 0 ,First,#,znieff2_25,ID_MNHN,-1,-1;ID_ORG "ID_ORG" true false false 15 Text 0 0 ,First,#,znieff2_25,ID_ORG,-1,-1;NOM "NOM" true false false 160 Text 0 0 ,First,#,znieff2_25,NOM,-1,-1;GENERATION "GENERATION" true false false 5 Short 0 5 ,First,#,znieff2_25,GENERATION,-1,-1;PROCEDURE_ "PROCEDURE_" true false false 10 Text 0 0 ,First,#,znieff2_25,PROCEDURE_,-1,-1" #</Process><Process ToolSource="c:\program files (x86)\arcgis\desktop10.3\ArcToolbox\Toolboxes\Data Management Tools.tbx\RepairGeometry" Date="20160418" Time="144246">RepairGeometry znieff2 DELETE_NULL</Process><Process ToolSource="c:\program files (x86)\arcgis\desktop10.3\ArcToolbox\Toolboxes\Data Management Tools.tbx\AddField" Date="20160418" Time="144246">AddField znieff2 CD_SIG TEXT # # 21 # NULLABLE NON_REQUIRED #</Process><Process ToolSource="c:\program files (x86)\arcgis\desktop10.3\ArcToolbox\Toolboxes\Data Management Tools.tbx\CalculateField" Date="20160418" Time="144246">CalculateField znieff2 CD_SIG 'I032G'+str(!GENERATION!)+!ID_MNHN! PYTHON_9.3 #</Process><Process ToolSource="c:\program files (x86)\arcgis\desktop10.3\ArcToolbox\Toolboxes\Data Management Tools.tbx\AddField" Date="20160418" Time="144246">AddField znieff2 X_PROJ DOUBLE 10 0 # # NULLABLE NON_REQUIRED #</Process><Process ToolSource="c:\program files (x86)\arcgis\desktop10.3\ArcToolbox\Toolboxes\Data Management Tools.tbx\CalculateField" Date="20160418" Time="144402">CalculateField znieff2 X_PROJ !shape.labelPoint.X! PYTHON_9.3 #</Process><Process ToolSource="c:\program files (x86)\arcgis\desktop10.3\ArcToolbox\Toolboxes\Data Management Tools.tbx\CalculateField" Date="20160418" Time="144406">CalculateField znieff2 X_PROJ "round (!X_PROJ!,0)" PYTHON_9.3 #</Process><Process ToolSource="c:\program files (x86)\arcgis\desktop10.3\ArcToolbox\Toolboxes\Data Management Tools.tbx\AddField" Date="20160418" Time="144407">AddField znieff2 Y_PROJ DOUBLE 10 0 # # NULLABLE NON_REQUIRED #</Process><Process ToolSource="c:\program files (x86)\arcgis\desktop10.3\ArcToolbox\Toolboxes\Data Management Tools.tbx\CalculateField" Date="20160418" Time="144521">CalculateField znieff2 Y_PROJ !shape.labelPoint.Y! PYTHON_9.3 #</Process><Process ToolSource="c:\program files (x86)\arcgis\desktop10.3\ArcToolbox\Toolboxes\Data Management Tools.tbx\CalculateField" Date="20160418" Time="144521">CalculateField znieff2 Y_PROJ "round (!Y_PROJ!,0)" PYTHON_9.3 #</Process><Process ToolSource="c:\program files (x86)\arcgis\desktop10.3\ArcToolbox\Toolboxes\Data Management Tools.tbx\AddField" Date="20160418" Time="144521">AddField znieff2 PRECIS_X DOUBLE 10 0 # # NULLABLE NON_REQUIRED #</Process><Process ToolSource="c:\program files (x86)\arcgis\desktop10.3\ArcToolbox\Toolboxes\Data Management Tools.tbx\CalculateField" Date="20160418" Time="144738">CalculateField znieff2 PRECIS_X "!shape.extent.XMax! - !shape.extent.XMin!" PYTHON_9.3 #</Process><Process ToolSource="c:\program files (x86)\arcgis\desktop10.3\ArcToolbox\Toolboxes\Data Management Tools.tbx\CalculateField" Date="20160418" Time="144738">CalculateField znieff2 PRECIS_X "round (!PRECIS_X!,0)" PYTHON_9.3 #</Process><Process ToolSource="c:\program files (x86)\arcgis\desktop10.3\ArcToolbox\Toolboxes\Data Management Tools.tbx\AddField" Date="20160418" Time="144738">AddField znieff2 PRECIS_Y DOUBLE 10 0 # # NULLABLE NON_REQUIRED #</Process><Process ToolSource="c:\program files (x86)\arcgis\desktop10.3\ArcToolbox\Toolboxes\Data Management Tools.tbx\CalculateField" Date="20160418" Time="145003">CalculateField znieff2 PRECIS_Y "!shape.extent.YMax! - !shape.extent.YMin!" PYTHON_9.3 #</Process><Process ToolSource="c:\program files (x86)\arcgis\desktop10.3\ArcToolbox\Toolboxes\Data Management Tools.tbx\CalculateField" Date="20160418" Time="145003">CalculateField znieff2 PRECIS_Y "round (!PRECIS_Y!,0)" PYTHON_9.3 #</Process><Process ToolSource="c:\program files (x86)\arcgis\desktop10.3\ArcToolbox\Toolboxes\Data Management Tools.tbx\AddField" Date="20160418" Time="145008">AddField znieff2 SUPERFICIE DOUBLE 12 2 # # NULLABLE NON_REQUIRED #</Process><Process ToolSource="c:\program files (x86)\arcgis\desktop10.3\ArcToolbox\Toolboxes\Data Management Tools.tbx\CalculateField" Date="20160418" Time="145010">CalculateField znieff2 SUPERFICIE !shape.area@hectares! PYTHON_9.3 #</Process><Process ToolSource="c:\program files (x86)\arcgis\desktop10.3\ArcToolbox\Toolboxes\Data Management Tools.tbx\RepairGeometry" Date="20160418" Time="154551">RepairGeometry znieff2 DELETE_NULL</Process><Process ToolSource="c:\program files (x86)\arcgis\desktop10.3\ArcToolbox\Toolboxes\Data Management Tools.tbx\CalculateField" Date="20160526" Time="155423">CalculateField znieff2 NOM !ID_MNHN!.capitalize() PYTHON_9.3 #</Process><Process ToolSource="c:\program files (x86)\arcgis\desktop10.3\ArcToolbox\Toolboxes\Data Management Tools.tbx\CalculateField" Date="20160526" Time="160154">CalculateField znieff2 NOM !NOM!.capitalize() PYTHON_9.3 #</Process></lineage><copyHistory><copy source="D:\HDD_D\projet\znieff\mise_a_jour\diffusion\basedetravail\znieff2" dest="\\EGB308LEF\D$\HDD_D\projet\znieff\mise_a_jour\diffusion\basedetravail\2016_04_04\valid\znieff2" date="20160418" time="14070500"></copy></copyHistory></DataProperties><SyncDate>20160406</SyncDate><SyncTime>13181300</SyncTime><ModDate>20160406</ModDate><ModTime>13181300</ModTime></Esri><dataIdInfo><envirDesc Sync="TRUE">Microsoft Windows 7 Version 6.1 (Build 7601) Service Pack 1; Esri ArcGIS 10.3.1.4959</envirDesc><dataLang><languageCode value="fra" Sync="TRUE"></languageCode><countryCode value="LUX" Sync="TRUE"></countryCode></dataLang><idCitation><resTitle Sync="TRUE">znieff2</resTitle><presForm><PresFormCd value="005" Sync="TRUE"></PresFormCd></presForm></idCitation><spatRpType><SpatRepTypCd value="001" Sync="TRUE"></SpatRepTypCd></spatRpType><dataExt><geoEle><GeoBndBox esriExtentType="search"><exTypeCode Sync="TRUE">1</exTypeCode><westBL Sync="TRUE">-4.879058</westBL><eastBL Sync="TRUE">10.629062</eastBL><northBL Sync="TRUE">51.065363</northBL><southBL Sync="TRUE">41.338574</southBL></GeoBndBox></geoEle></dataExt></dataIdInfo><mdLang><languageCode value="fra" Sync="TRUE"></languageCode><countryCode value="LUX" Sync="TRUE"></countryCode></mdLang><mdChar><CharSetCd value="004" Sync="TRUE"></CharSetCd></mdChar><distInfo><distFormat><formatName Sync="TRUE">Fichier de formes</formatName></distFormat><distTranOps><transSize Sync="TRUE">0.000</transSize></distTranOps></distInfo><mdHrLv><ScopeCd value="005" Sync="TRUE"></ScopeCd></mdHrLv><mdHrLvName Sync="TRUE">dataset</mdHrLvName><refSysInfo><RefSystem><refSysID><identCode code="2154" Sync="TRUE"></identCode><idCodeSpace Sync="TRUE">EPSG</idCodeSpace><idVersion Sync="TRUE">8.6.2</idVersion></refSysID></RefSystem></refSysInfo><spatRepInfo><VectSpatRep><geometObjs Name="znieff2"><geoObjTyp><GeoObjTypCd value="002" Sync="TRUE"></GeoObjTypCd></geoObjTyp><geoObjCnt Sync="TRUE">0</geoObjCnt></geometObjs><topLvl><TopoLevCd value="001" Sync="TRUE"></TopoLevCd></topLvl></VectSpatRep></spatRepInfo><spdoinfo><ptvctinf><esriterm Name="znieff2"><efeatyp Sync="TRUE">Simple</efeatyp><efeageom code="4" Sync="TRUE"></efeageom><esritopo Sync="TRUE">FALSE</esritopo><efeacnt Sync="TRUE">0</efeacnt><spindex Sync="TRUE">FALSE</spindex><linrefer Sync="TRUE">FALSE</linrefer></esriterm></ptvctinf></spdoinfo><eainfo><detailed Name="znieff2"><enttyp><enttypl Sync="TRUE">znieff2</enttypl><enttypt Sync="TRUE">Feature Class</enttypt><enttypc Sync="TRUE">0</enttypc></enttyp><attr><attrlabl Sync="TRUE">FID</attrlabl><attalias Sync="TRUE">FID</attalias><attrtype Sync="TRUE">OID</attrtype><attwidth Sync="TRUE">4</attwidth><atprecis Sync="TRUE">0</atprecis><attscale Sync="TRUE">0</attscale><attrdef Sync="TRUE">Internal feature number.</attrdef><attrdefs Sync="TRUE">Esri</attrdefs><attrdomv><udom Sync="TRUE">Sequential unique whole numbers that are automatically generated.</udom></attrdomv></attr><attr><attrlabl Sync="TRUE">Shape</attrlabl><attalias Sync="TRUE">Shape</attalias><attrtype Sync="TRUE">Geometry</attrtype><attwidth Sync="TRUE">0</attwidth><atprecis Sync="TRUE">0</atprecis><attscale Sync="TRUE">0</attscale><attrdef Sync="TRUE">Feature geometry.</attrdef><attrdefs Sync="TRUE">Esri</attrdefs><attrdomv><udom Sync="TRUE">Coordinates defining the features.</udom></attrdomv></attr><attr><attrlabl Sync="TRUE">ID_MNHN</attrlabl><attalias Sync="TRUE">ID_MNHN</attalias><attrtype Sync="TRUE">String</attrtype><attwidth Sync="TRUE">9</attwidth><atprecis Sync="TRUE">0</atprecis><attscale Sync="TRUE">0</attscale></attr><attr><attrlabl Sync="TRUE">ID_ORG</attrlabl><attalias Sync="TRUE">ID_ORG</attalias><attrtype Sync="TRUE">String</attrtype><attwidth Sync="TRUE">15</attwidth><atprecis Sync="TRUE">0</atprecis><attscale Sync="TRUE">0</attscale></attr><attr><attrlabl Sync="TRUE">NOM</attrlabl><attalias Sync="TRUE">NOM</attalias><attrtype Sync="TRUE">String</attrtype><attwidth Sync="TRUE">160</attwidth><atprecis Sync="TRUE">0</atprecis><attscale Sync="TRUE">0</attscale></attr><attr><attrlabl Sync="TRUE">GENERATION</attrlabl><attalias Sync="TRUE">GENERATION</attalias><attrtype Sync="TRUE">SmallInteger</attrtype><attwidth Sync="TRUE">5</attwidth><atprecis Sync="TRUE">5</atprecis><attscale Sync="TRUE">0</attscale></attr><attr><attrlabl Sync="TRUE">PROCEDURE_</attrlabl><attalias Sync="TRUE">PROCEDURE_</attalias><attrtype Sync="TRUE">String</attrtype><attwidth Sync="TRUE">10</attwidth><atprecis Sync="TRUE">0</atprecis><attscale Sync="TRUE">0</attscale></attr><attr><attrlabl Sync="TRUE">Shape_Leng</attrlabl><attalias Sync="TRUE">Shape_Leng</attalias><attrtype Sync="TRUE">Double</attrtype><attwidth Sync="TRUE">19</attwidth><atprecis Sync="TRUE">0</atprecis><attscale Sync="TRUE">0</attscale></attr><attr><attrlabl Sync="TRUE">Shape_Area</attrlabl><attalias Sync="TRUE">Shape_Area</attalias><attrtype Sync="TRUE">Double</attrtype><attwidth Sync="TRUE">19</attwidth><atprecis Sync="TRUE">0</atprecis><attscale Sync="TRUE">0</attscale><attrdef Sync="TRUE">Area of feature in internal units squared.</attrdef><attrdefs Sync="TRUE">Esri</attrdefs><attrdomv><udom Sync="TRUE">Positive real numbers that are automatically generated.</udom></attrdomv></attr></detailed></eainfo><mdDateSt Sync="TRUE">20160406</mdDateSt></metadata>
