<metadata xml:lang="fr"><Esri><CreaDate>20151015</CreaDate><CreaTime>14222400</CreaTime><ArcGISFormat>1.0</ArcGISFormat><SyncOnce>FALSE</SyncOnce><DataProperties><lineage><Process ToolSource="c:\program files (x86)\arcgis\desktop10.2\ArcToolbox\Toolboxes\Data Management Tools.tbx\CalculateField" Date="20150318" Time="170301">CalculateField N_ENP_RNN_S_000 ID_LOCAL [ID_ORG] VB #</Process><Process ToolSource="c:\program files (x86)\arcgis\desktop10.2\ArcToolbox\Toolboxes\Data Management Tools.tbx\CalculateField" Date="20150318" Time="170315">CalculateField N_ENP_RNN_S_000 ID_MNHN_1 [ID_MNHN] VB #</Process><Process ToolSource="c:\program files (x86)\arcgis\desktop10.2\ArcToolbox\Toolboxes\Data Management Tools.tbx\CalculateField" Date="20150318" Time="170409">CalculateField N_ENP_RNN_S_000 CODE_R_ENP "RNN" VB #</Process><Process ToolSource="c:\program files (x86)\arcgis\desktop10.2\ArcToolbox\Toolboxes\Data Management Tools.tbx\CalculateField" Date="20150318" Time="170416">CalculateField N_ENP_RNN_S_000 NOM_SITE [NOM] VB #</Process><Process ToolSource="c:\program files (x86)\arcgis\desktop10.2\ArcToolbox\Toolboxes\Data Management Tools.tbx\CalculateField" Date="20150318" Time="170428">CalculateField N_ENP_RNN_S_000 DATE_CREA [DATE] VB #</Process><Process ToolSource="c:\program files (x86)\arcgis\desktop10.2\ArcToolbox\Toolboxes\Data Management Tools.tbx\CalculateField" Date="20150318" Time="170526">CalculateField N_ENP_RNN_S_000 URL_FICHE ""http://inpn.mnhn.fr/espace/protege/"+ [ID_MNHN]" VB #</Process><Process ToolSource="c:\program files (x86)\arcgis\desktop10.2\ArcToolbox\Toolboxes\Data Management Tools.tbx\CalculateField" Date="20150318" Time="170535">CalculateField N_ENP_RNN_S_000 SURF_OFF [SUPERFICIE] VB #</Process><Process Name="Add Field" ToolSource="c:\program files (x86)\arcgis\desktop10.2\ArcToolbox\Toolboxes\Data Management Tools.tbx\AddField" Date="20150420" Time="112613">AddField N_ENP_RNN_S_000 AREA_HA DOUBLE # # 3 # NULLABLE NON_REQUIRED #</Process><Process Name="Calculate Field" ToolSource="c:\program files (x86)\arcgis\desktop10.2\ArcToolbox\Toolboxes\Data Management Tools.tbx\CalculateField" Date="20150420" Time="112613">CalculateField N_ENP_RNN_S_000 AREA_HA round(!shape.area@hectares!,4) PYTHON_9.3 #</Process><Process Name="Add Field (2)" ToolSource="c:\program files (x86)\arcgis\desktop10.2\ArcToolbox\Toolboxes\Data Management Tools.tbx\AddField" Date="20150420" Time="112614">AddField N_ENP_RNN_S_000 REG TEXT # # 3 # NULLABLE NON_REQUIRED #</Process><Process Name="Add Field (5)" ToolSource="c:\program files (x86)\arcgis\desktop10.2\ArcToolbox\Toolboxes\Data Management Tools.tbx\AddField" Date="20150420" Time="112711">AddField N_ENP_RNN_S_000 CD_SIG TEXT # # 21 # NULLABLE NON_REQUIRED #</Process><Process ToolSource="c:\program files (x86)\arcgis\desktop10.2\ArcToolbox\Toolboxes\Data Management Tools.tbx\CalculateField" Date="20150420" Time="112851">CalculateField N_ENP_RNN_S_000 ID_MNHN [ID_MNHN_1] VB #</Process><Process ToolSource="c:\program files (x86)\arcgis\desktop10.2\ArcToolbox\Toolboxes\Data Management Tools.tbx\CalculateField" Date="20150420" Time="112918">CalculateField N_ENP_RNN_S_000 CD_SIG ""I056"+ [ID_MNHN]" VB #</Process><Process Name="Add Field" ToolSource="c:\program files (x86)\arcgis\desktop10.2\ArcToolbox\Toolboxes\Data Management Tools.tbx\AddField" Date="20150420" Time="113603">AddField N_ENP_RNN_S_000 X_PROJ LONG # # # # NULLABLE NON_REQUIRED #</Process><Process Name="Calculate Field" ToolSource="c:\program files (x86)\arcgis\desktop10.2\ArcToolbox\Toolboxes\Data Management Tools.tbx\CalculateField" Date="20150420" Time="113603">CalculateField N_ENP_RNN_S_000 X_PROJ !shape.labelPoint.X! PYTHON_9.3 #</Process><Process Name="Add Field (2)" ToolSource="c:\program files (x86)\arcgis\desktop10.2\ArcToolbox\Toolboxes\Data Management Tools.tbx\AddField" Date="20150420" Time="113606">AddField N_ENP_RNN_S_000 Y_PROJ LONG # # # # NULLABLE NON_REQUIRED #</Process><Process Name="Calculate Field (2)" ToolSource="c:\program files (x86)\arcgis\desktop10.2\ArcToolbox\Toolboxes\Data Management Tools.tbx\CalculateField" Date="20150420" Time="113607">CalculateField N_ENP_RNN_S_000 Y_PROJ !shape.labelPoint.Y! PYTHON_9.3 #</Process><Process Name="Add Field (3)" ToolSource="c:\program files (x86)\arcgis\desktop10.2\ArcToolbox\Toolboxes\Data Management Tools.tbx\AddField" Date="20150420" Time="113609">AddField N_ENP_RNN_S_000 PRECIS_X LONG # # # # NULLABLE NON_REQUIRED #</Process><Process Name="Calculate Field (3)" ToolSource="c:\program files (x86)\arcgis\desktop10.2\ArcToolbox\Toolboxes\Data Management Tools.tbx\CalculateField" Date="20150420" Time="113610">CalculateField N_ENP_RNN_S_000 PRECIS_X (!shape.extent.XMax! - !shape.extent.XMin!)/2 PYTHON_9.3 #</Process><Process Name="Add Field (4)" ToolSource="c:\program files (x86)\arcgis\desktop10.2\ArcToolbox\Toolboxes\Data Management Tools.tbx\AddField" Date="20150420" Time="113612">AddField N_ENP_RNN_S_000 PRECIS_Y LONG # # # # NULLABLE NON_REQUIRED #</Process><Process Name="Calculate Field (4)" ToolSource="c:\program files (x86)\arcgis\desktop10.2\ArcToolbox\Toolboxes\Data Management Tools.tbx\CalculateField" Date="20150420" Time="113614">CalculateField N_ENP_RNN_S_000 PRECIS_Y (!shape.extent.YMax! - !shape.extent.YMin!)/2 PYTHON_9.3 #</Process><Process ToolSource="c:\program files (x86)\arcgis\desktop10.2\ArcToolbox\Toolboxes\Conversion Tools.tbx\FeatureClassToFeatureClass" Date="20150420" Time="120642">FeatureClassToFeatureClass N_ENP_RNN_S_000 "Connexions aux bases de données\SIG - racscan.sde" RNN # "ID_LOCAL "ID_LOCAL" true true false 15 Text 0 0 ,First,#,N_ENP_RNN_S_000,ID_LOCAL,-1,-1;PRN_ASSO "PRN_ASSO" true true false 15 Text 0 0 ,First,#,N_ENP_RNN_S_000,PRN_ASSO,-1,-1;CODE_R_ENP "CODE_R_ENP" true true false 5 Text 0 0 ,First,#,N_ENP_RNN_S_000,CODE_R_ENP,-1,-1;NOM_SITE "NOM_SITE" true true false 254 Text 0 0 ,First,#,N_ENP_RNN_S_000,NOM_SITE,-1,-1;DATE_CREA "DATE_CREA" true true false 8 Date 0 0 ,First,#,N_ENP_RNN_S_000,DATE_CREA,-1,-1;MODIF_ADM "MODIF_ADM" true true false 8 Date 0 0 ,First,#,N_ENP_RNN_S_000,MODIF_ADM,-1,-1;MODIF_GEO "MODIF_GEO" true true false 8 Date 0 0 ,First,#,N_ENP_RNN_S_000,MODIF_GEO,-1,-1;URL_FICHE "URL_FICHE" true true false 254 Text 0 0 ,First,#,N_ENP_RNN_S_000,URL_FICHE,-1,-1;SURF_OFF "SURF_OFF" true true false 10 Double 4 9 ,First,#,N_ENP_RNN_S_000,SURF_OFF,-1,-1;ACTE_DEB "ACTE_DEB" true true false 50 Text 0 0 ,First,#,N_ENP_RNN_S_000,ACTE_DEB,-1,-1;ACTE_FIN "ACTE_FIN" true true false 50 Text 0 0 ,First,#,N_ENP_RNN_S_000,ACTE_FIN,-1,-1;GEST_SITE "GEST_SITE" true true false 100 Text 0 0 ,First,#,N_ENP_RNN_S_000,GEST_SITE,-1,-1;OPERATEUR "OPERATEUR" true true false 50 Text 0 0 ,First,#,N_ENP_RNN_S_000,OPERATEUR,-1,-1;PRECISION "PRECISION" true true false 2 Text 0 0 ,First,#,N_ENP_RNN_S_000,PRECISION,-1,-1;SRC_GEOM "SRC_GEOM" true true false 100 Text 0 0 ,First,#,N_ENP_RNN_S_000,SRC_GEOM,-1,-1;SRC_ANNEE "SRC_ANNEE" true true false 4 Text 0 0 ,First,#,N_ENP_RNN_S_000,SRC_ANNEE,-1,-1;MARIN "MARIN" true true false 1 Text 0 0 ,First,#,N_ENP_RNN_S_000,MARIN,-1,-1;P1_NATURE "P1_NATURE" true true false 1 Text 0 0 ,First,#,N_ENP_RNN_S_000,P1_NATURE,-1,-1;P2_CULTURE "P2_CULTURE" true true false 1 Text 0 0 ,First,#,N_ENP_RNN_S_000,P2_CULTURE,-1,-1;P3_PAYSAGE "P3_PAYSAGE" true true false 1 Text 0 0 ,First,#,N_ENP_RNN_S_000,P3_PAYSAGE,-1,-1;P4_GEOLOGI "P4_GEOLOGI" true true false 1 Text 0 0 ,First,#,N_ENP_RNN_S_000,P4_GEOLOGI,-1,-1;P5_SPELEO "P5_SPELEO" true true false 1 Text 0 0 ,First,#,N_ENP_RNN_S_000,P5_SPELEO,-1,-1;P6_ARCHEO "P6_ARCHEO" true true false 1 Text 0 0 ,First,#,N_ENP_RNN_S_000,P6_ARCHEO,-1,-1;P7_PALEOB "P7_PALEOB" true true false 1 Text 0 0 ,First,#,N_ENP_RNN_S_000,P7_PALEOB,-1,-1;P8_ANTHROP "P8_ANTHROP" true true false 1 Text 0 0 ,First,#,N_ENP_RNN_S_000,P8_ANTHROP,-1,-1;P9_SCIENCE "P9_SCIENCE" true true false 1 Text 0 0 ,First,#,N_ENP_RNN_S_000,P9_SCIENCE,-1,-1;P10_PUBLIC "P10_PUBLIC" true true false 1 Text 0 0 ,First,#,N_ENP_RNN_S_000,P10_PUBLIC,-1,-1;P11_DD "P11_DD" true true false 1 Text 0 0 ,First,#,N_ENP_RNN_S_000,P11_DD,-1,-1;P12_AUTRE "P12_AUTRE" true true false 1 Text 0 0 ,First,#,N_ENP_RNN_S_000,P12_AUTRE,-1,-1;AREA_HA "AREA_HA" true true false 19 Double 0 0 ,First,#,N_ENP_RNN_S_000,AREA_HA,-1,-1;REG "REG" true true false 3 Text 0 0 ,First,#,N_ENP_RNN_S_000,REG,-1,-1;CD_SIG "CD_SIG" true true false 21 Text 0 0 ,First,#,N_ENP_RNN_S_000,CD_SIG,-1,-1;ID_MNHN "ID_MNHN" true true false 30 Text 0 0 ,First,#,N_ENP_RNN_S_000,ID_MNHN,-1,-1;X_PROJ "X_PROJ" true true false 9 Long 0 9 ,First,#,N_ENP_RNN_S_000,X_PROJ,-1,-1;Y_PROJ "Y_PROJ" true true false 9 Long 0 9 ,First,#,N_ENP_RNN_S_000,Y_PROJ,-1,-1;PRECIS_X "PRECIS_X" true true false 9 Long 0 9 ,First,#,N_ENP_RNN_S_000,PRECIS_X,-1,-1;PRECIS_Y "PRECIS_Y" true true false 9 Long 0 9 ,First,#,N_ENP_RNN_S_000,PRECIS_Y,-1,-1" DEFAULTS_2154</Process><Process ToolSource="c:\program files (x86)\arcgis\desktop10.2\ArcToolbox\Toolboxes\Data Management Tools.tbx\Merge" Date="20151015" Time="142459">Merge N_ENP_RNR;'n_enp_rnn_s_2015-06-05_midi-pyrenees sélection sélection' d:\Desktop\MONTAGNE\Travail\2015_ec\APB.mdb\RNN\RNN_LOT "OBJECTID "OBJECTID" true true false 10 Double 0 10 ,First,#,N_ENP_RNR,OBJECTID,-1,-1;ID_LOCAL "ID_LOCAL" true true false 15 Text 0 0 ,First,#,N_ENP_RNR,ID_LOCAL,-1,-1,n_enp_rnn_s_2015-06-05_midi-pyrenees sélection sélection,ID_LOCAL,-1,-1;PRN_ASSO "PRN_ASSO" true true false 15 Text 0 0 ,First,#,N_ENP_RNR,PRN_ASSO,-1,-1,n_enp_rnn_s_2015-06-05_midi-pyrenees sélection sélection,PRN_ASSO,-1,-1;CODE_R_ENP "CODE_R_ENP" true true false 5 Text 0 0 ,First,#,N_ENP_RNR,CODE_R_ENP,-1,-1,n_enp_rnn_s_2015-06-05_midi-pyrenees sélection sélection,CODE_R_ENP,-1,-1;NOM_SITE "NOM_SITE" true true false 254 Text 0 0 ,First,#,N_ENP_RNR,NOM_SITE,-1,-1,n_enp_rnn_s_2015-06-05_midi-pyrenees sélection sélection,NOM_SITE,-1,-1;DATE_CREA "DATE_CREA" true true false 8 Date 0 0 ,First,#,N_ENP_RNR,DATE_CREA,-1,-1,n_enp_rnn_s_2015-06-05_midi-pyrenees sélection sélection,DATE_CREA,-1,-1;MODIF_ADM "MODIF_ADM" true true false 8 Date 0 0 ,First,#,N_ENP_RNR,MODIF_ADM,-1,-1,n_enp_rnn_s_2015-06-05_midi-pyrenees sélection sélection,MODIF_ADM,-1,-1;MODIF_GEO "MODIF_GEO" true true false 8 Date 0 0 ,First,#,N_ENP_RNR,MODIF_GEO,-1,-1,n_enp_rnn_s_2015-06-05_midi-pyrenees sélection sélection,MODIF_GEO,-1,-1;URL_FICHE "URL_FICHE" true true false 254 Text 0 0 ,First,#,N_ENP_RNR,URL_FICHE,-1,-1,n_enp_rnn_s_2015-06-05_midi-pyrenees sélection sélection,URL_FICHE,-1,-1;SURF_OFF "SURF_OFF" true true false 10 Double 4 9 ,First,#,N_ENP_RNR,SURF_OFF,-1,-1,n_enp_rnn_s_2015-06-05_midi-pyrenees sélection sélection,SURF_OFF,-1,-1;ACTE_DEB "ACTE_DEB" true true false 50 Text 0 0 ,First,#,N_ENP_RNR,ACTE_DEB,-1,-1,n_enp_rnn_s_2015-06-05_midi-pyrenees sélection sélection,ACTE_DEB,-1,-1;ACTE_FIN "ACTE_FIN" true true false 50 Text 0 0 ,First,#,N_ENP_RNR,ACTE_FIN,-1,-1,n_enp_rnn_s_2015-06-05_midi-pyrenees sélection sélection,ACTE_FIN,-1,-1;GEST_SITE "GEST_SITE" true true false 100 Text 0 0 ,First,#,N_ENP_RNR,GEST_SITE,-1,-1,n_enp_rnn_s_2015-06-05_midi-pyrenees sélection sélection,GEST_SITE,-1,-1;OPERATEUR "OPERATEUR" true true false 50 Text 0 0 ,First,#,N_ENP_RNR,OPERATEUR,-1,-1,n_enp_rnn_s_2015-06-05_midi-pyrenees sélection sélection,OPERATEUR,-1,-1;PRECISION "PRECISION" true true false 2 Text 0 0 ,First,#,N_ENP_RNR,PRECISION,-1,-1,n_enp_rnn_s_2015-06-05_midi-pyrenees sélection sélection,PRECISION,-1,-1;SRC_GEOM "SRC_GEOM" true true false 100 Text 0 0 ,First,#,N_ENP_RNR,SRC_GEOM,-1,-1,n_enp_rnn_s_2015-06-05_midi-pyrenees sélection sélection,SRC_GEOM,-1,-1;SRC_ANNEE "SRC_ANNEE" true true false 4 Text 0 0 ,First,#,N_ENP_RNR,SRC_ANNEE,-1,-1,n_enp_rnn_s_2015-06-05_midi-pyrenees sélection sélection,SRC_ANNEE,-1,-1;MARIN "MARIN" true true false 1 Text 0 0 ,First,#,N_ENP_RNR,MARIN,-1,-1,n_enp_rnn_s_2015-06-05_midi-pyrenees sélection sélection,MARIN,-1,-1;P1_NATURE "P1_NATURE" true true false 1 Text 0 0 ,First,#,N_ENP_RNR,P1_NATURE,-1,-1,n_enp_rnn_s_2015-06-05_midi-pyrenees sélection sélection,P1_NATURE,-1,-1;P2_CULTURE "P2_CULTURE" true true false 1 Text 0 0 ,First,#,N_ENP_RNR,P2_CULTURE,-1,-1,n_enp_rnn_s_2015-06-05_midi-pyrenees sélection sélection,P2_CULTURE,-1,-1;P3_PAYSAGE "P3_PAYSAGE" true true false 1 Text 0 0 ,First,#,N_ENP_RNR,P3_PAYSAGE,-1,-1,n_enp_rnn_s_2015-06-05_midi-pyrenees sélection sélection,P3_PAYSAGE,-1,-1;P4_GEOLOGI "P4_GEOLOGI" true true false 1 Text 0 0 ,First,#,N_ENP_RNR,P4_GEOLOGI,-1,-1,n_enp_rnn_s_2015-06-05_midi-pyrenees sélection sélection,P4_GEOLOGI,-1,-1;P5_SPELEO "P5_SPELEO" true true false 1 Text 0 0 ,First,#,N_ENP_RNR,P5_SPELEO,-1,-1,n_enp_rnn_s_2015-06-05_midi-pyrenees sélection sélection,P5_SPELEO,-1,-1;P6_ARCHEO "P6_ARCHEO" true true false 1 Text 0 0 ,First,#,N_ENP_RNR,P6_ARCHEO,-1,-1,n_enp_rnn_s_2015-06-05_midi-pyrenees sélection sélection,P6_ARCHEO,-1,-1;P7_PALEOB "P7_PALEOB" true true false 1 Text 0 0 ,First,#,N_ENP_RNR,P7_PALEOB,-1,-1,n_enp_rnn_s_2015-06-05_midi-pyrenees sélection sélection,P7_PALEOB,-1,-1;P8_ANTHROP "P8_ANTHROP" true true false 1 Text 0 0 ,First,#,N_ENP_RNR,P8_ANTHROP,-1,-1,n_enp_rnn_s_2015-06-05_midi-pyrenees sélection sélection,P8_ANTHROP,-1,-1;P9_SCIENCE "P9_SCIENCE" true true false 1 Text 0 0 ,First,#,N_ENP_RNR,P9_SCIENCE,-1,-1,n_enp_rnn_s_2015-06-05_midi-pyrenees sélection sélection,P9_SCIENCE,-1,-1;P10_PUBLIC "P10_PUBLIC" true true false 1 Text 0 0 ,First,#,N_ENP_RNR,P10_PUBLIC,-1,-1,n_enp_rnn_s_2015-06-05_midi-pyrenees sélection sélection,P10_PUBLIC,-1,-1;P11_DD "P11_DD" true true false 1 Text 0 0 ,First,#,N_ENP_RNR,P11_DD,-1,-1,n_enp_rnn_s_2015-06-05_midi-pyrenees sélection sélection,P11_DD,-1,-1;P12_AUTRE "P12_AUTRE" true true false 1 Text 0 0 ,First,#,N_ENP_RNR,P12_AUTRE,-1,-1,n_enp_rnn_s_2015-06-05_midi-pyrenees sélection sélection,P12_AUTRE,-1,-1;AREA_HA "AREA_HA" true true false 19 Double 8 18 ,First,#,N_ENP_RNR,AREA_HA,-1,-1;REG "REG" true true false 3 Text 0 0 ,First,#,N_ENP_RNR,REG,-1,-1;CD_SIG "CD_SIG" true true false 21 Text 0 0 ,First,#,N_ENP_RNR,CD_SIG,-1,-1;ID_MNHN "ID_MNHN" true true false 30 Text 0 0 ,First,#,N_ENP_RNR,ID_MNHN,-1,-1,n_enp_rnn_s_2015-06-05_midi-pyrenees sélection sélection,ID_MNHN,-1,-1;X_PROJ "X_PROJ" true true false 9 Long 0 9 ,First,#,N_ENP_RNR,X_PROJ,-1,-1;Y_PROJ "Y_PROJ" true true false 9 Long 0 9 ,First,#,N_ENP_RNR,Y_PROJ,-1,-1;PRECIS_X "PRECIS_X" true true false 9 Long 0 9 ,First,#,N_ENP_RNR,PRECIS_X,-1,-1;PRECIS_Y "PRECIS_Y" true true false 9 Long 0 9 ,First,#,N_ENP_RNR,PRECIS_Y,-1,-1;SHAPE_AREA "SHAPE_AREA" true true false 19 Double 0 0 ,First,#,N_ENP_RNR,SHAPE_AREA,-1,-1;SHAPE_LEN "SHAPE_LEN" true true false 19 Double 0 0 ,First,#,N_ENP_RNR,SHAPE_LEN,-1,-1"</Process><Process ToolSource="c:\program files (x86)\arcgis\desktop10.2\ArcToolbox\Toolboxes\Data Management Tools.tbx\CalculateField" Date="20151026" Time="102529">CalculateField RNN_LOT ID_MNHN "FR3600180" VB #</Process><Process ToolSource="c:\program files (x86)\arcgis\desktop10.2\ArcToolbox\Toolboxes\Data Management Tools.tbx\CalculateField" Date="20151026" Time="102546">CalculateField RNN_LOT NOM_SITE "Lot" VB #</Process><Process ToolSource="c:\program files (x86)\arcgis\desktop10.2\ArcToolbox\Toolboxes\Data Management Tools.tbx\CalculateField" Date="20151026" Time="102602">CalculateField RNN_LOT ID_LOCAL "RNN180" VB #</Process><Process ToolSource="c:\program files (x86)\arcgis\desktop10.2\ArcToolbox\Toolboxes\Data Management Tools.tbx\CalculateField" Date="20151026" Time="102632">CalculateField RNN_LOT SURF_OFF "800" VB #</Process><Process ToolSource="c:\program files (x86)\arcgis\desktop10.2\ArcToolbox\Toolboxes\Data Management Tools.tbx\CalculateField" Date="20151026" Time="102707">CalculateField RNN_LOT MARIN "F" VB #</Process><Process ToolSource="c:\program files (x86)\arcgis\desktop10.2\ArcToolbox\Toolboxes\Data Management Tools.tbx\CalculateField" Date="20151026" Time="102715">CalculateField RNN_LOT P1_NATURE "N" VB #</Process><Process ToolSource="c:\program files (x86)\arcgis\desktop10.2\ArcToolbox\Toolboxes\Data Management Tools.tbx\CalculateField" Date="20151026" Time="102720">CalculateField RNN_LOT P2_CULTURE "N" VB #</Process><Process ToolSource="c:\program files (x86)\arcgis\desktop10.2\ArcToolbox\Toolboxes\Data Management Tools.tbx\CalculateField" Date="20151026" Time="102723">CalculateField RNN_LOT P3_PAYSAGE "N" VB #</Process><Process ToolSource="c:\program files (x86)\arcgis\desktop10.2\ArcToolbox\Toolboxes\Data Management Tools.tbx\CalculateField" Date="20151026" Time="102726">CalculateField RNN_LOT P4_GEOLOGI "N" VB #</Process><Process ToolSource="c:\program files (x86)\arcgis\desktop10.2\ArcToolbox\Toolboxes\Data Management Tools.tbx\CalculateField" Date="20151026" Time="102730">CalculateField RNN_LOT P5_SPELEO "N" VB #</Process><Process ToolSource="c:\program files (x86)\arcgis\desktop10.2\ArcToolbox\Toolboxes\Data Management Tools.tbx\CalculateField" Date="20151026" Time="102733">CalculateField RNN_LOT P6_ARCHEO "N" VB #</Process><Process ToolSource="c:\program files (x86)\arcgis\desktop10.2\ArcToolbox\Toolboxes\Data Management Tools.tbx\CalculateField" Date="20151026" Time="102737">CalculateField RNN_LOT P7_PALEOB "N" VB #</Process><Process ToolSource="c:\program files (x86)\arcgis\desktop10.2\ArcToolbox\Toolboxes\Data Management Tools.tbx\CalculateField" Date="20151026" Time="102745">CalculateField RNN_LOT P8_ANTHROP "N" VB #</Process><Process ToolSource="c:\program files (x86)\arcgis\desktop10.2\ArcToolbox\Toolboxes\Data Management Tools.tbx\CalculateField" Date="20151026" Time="102749">CalculateField RNN_LOT P9_SCIENCE "N" VB #</Process><Process ToolSource="c:\program files (x86)\arcgis\desktop10.2\ArcToolbox\Toolboxes\Data Management Tools.tbx\CalculateField" Date="20151026" Time="102753">CalculateField RNN_LOT P10_PUBLIC "N" VB #</Process><Process ToolSource="c:\program files (x86)\arcgis\desktop10.2\ArcToolbox\Toolboxes\Data Management Tools.tbx\CalculateField" Date="20151026" Time="102757">CalculateField RNN_LOT P11_DD "N" VB #</Process><Process ToolSource="c:\program files (x86)\arcgis\desktop10.2\ArcToolbox\Toolboxes\Data Management Tools.tbx\CalculateField" Date="20151026" Time="102800">CalculateField RNN_LOT P12_AUTRE "N" VB #</Process><Process ToolSource="c:\program files (x86)\arcgis\desktop10.2\ArcToolbox\Toolboxes\Data Management Tools.tbx\CalculateField" Date="20151026" Time="103413">CalculateField RNN_LOT URL_FICHE "http://inpn.mnhn.fr/espace/protege/FR3600180" VB #</Process><Process ToolSource="c:\program files (x86)\arcgis\desktop10.2\ArcToolbox\Toolboxes\Data Management Tools.tbx\CalculateField" Date="20151026" Time="103520">CalculateField RNN_LOT ACTE_DEB "FR360018020150602" VB #</Process><Process ToolSource="c:\program files (x86)\arcgis\desktop10.2\ArcToolbox\Toolboxes\Data Management Tools.tbx\Merge" Date="20151026" Time="105550">Merge RNN_LOT;N_ENP_RNN_S_R24 d:\Desktop\MONTAGNE\Travail\2015_ec\APB.mdb\RNN\RNN_2 "OBJECTID "OBJECTID" true true false 8 Double 0 0 ,First,#,RNN_LOT,OBJECTID,-1,-1;ID_LOCAL "ID_LOCAL" true true false 15 Text 0 0 ,First,#,RNN_LOT,ID_LOCAL,-1,-1,N_ENP_RNN_S_R24,ID_LOCAL,-1,-1;PRN_ASSO "PRN_ASSO" true true false 15 Text 0 0 ,First,#,RNN_LOT,PRN_ASSO,-1,-1,N_ENP_RNN_S_R24,PRN_ASSO,-1,-1;CODE_R_ENP "CODE_R_ENP" true true false 5 Text 0 0 ,First,#,RNN_LOT,CODE_R_ENP,-1,-1,N_ENP_RNN_S_R24,CODE_R_ENP,-1,-1;NOM_SITE "NOM_SITE" true true false 254 Text 0 0 ,First,#,RNN_LOT,NOM_SITE,-1,-1,N_ENP_RNN_S_R24,NOM_SITE,-1,-1;DATE_CREA "DATE_CREA" true true false 8 Date 0 0 ,First,#,RNN_LOT,DATE_CREA,-1,-1,N_ENP_RNN_S_R24,DATE_CREA,-1,-1;MODIF_ADM "MODIF_ADM" true true false 8 Date 0 0 ,First,#,RNN_LOT,MODIF_ADM,-1,-1,N_ENP_RNN_S_R24,MODIF_ADM,-1,-1;MODIF_GEO "MODIF_GEO" true true false 8 Date 0 0 ,First,#,RNN_LOT,MODIF_GEO,-1,-1,N_ENP_RNN_S_R24,MODIF_GEO,-1,-1;URL_FICHE "URL_FICHE" true true false 254 Text 0 0 ,First,#,RNN_LOT,URL_FICHE,-1,-1,N_ENP_RNN_S_R24,URL_FICHE,-1,-1;SURF_OFF "SURF_OFF" true true false 8 Double 0 0 ,First,#,RNN_LOT,SURF_OFF,-1,-1,N_ENP_RNN_S_R24,SURF_OFF,-1,-1;ACTE_DEB "ACTE_DEB" true true false 50 Text 0 0 ,First,#,RNN_LOT,ACTE_DEB,-1,-1,N_ENP_RNN_S_R24,ACTE_DEB,-1,-1;ACTE_FIN "ACTE_FIN" true true false 50 Text 0 0 ,First,#,RNN_LOT,ACTE_FIN,-1,-1,N_ENP_RNN_S_R24,ACTE_FIN,-1,-1;GEST_SITE "GEST_SITE" true true false 100 Text 0 0 ,First,#,RNN_LOT,GEST_SITE,-1,-1,N_ENP_RNN_S_R24,GEST_SITE,-1,-1;OPERATEUR "OPERATEUR" true true false 50 Text 0 0 ,First,#,RNN_LOT,OPERATEUR,-1,-1,N_ENP_RNN_S_R24,OPERATEUR,-1,-1;PRECISION_ "PRECISION_" true true false 2 Text 0 0 ,First,#,RNN_LOT,PRECISION_,-1,-1;SRC_GEOM "SRC_GEOM" true true false 100 Text 0 0 ,First,#,RNN_LOT,SRC_GEOM,-1,-1,N_ENP_RNN_S_R24,SRC_GEOM,-1,-1;SRC_ANNEE "SRC_ANNEE" true true false 4 Text 0 0 ,First,#,RNN_LOT,SRC_ANNEE,-1,-1,N_ENP_RNN_S_R24,SRC_ANNEE,-1,-1;MARIN "MARIN" true true false 1 Text 0 0 ,First,#,RNN_LOT,MARIN,-1,-1,N_ENP_RNN_S_R24,MARIN,-1,-1;P1_NATURE "P1_NATURE" true true false 1 Text 0 0 ,First,#,RNN_LOT,P1_NATURE,-1,-1,N_ENP_RNN_S_R24,P1_NATURE,-1,-1;P2_CULTURE "P2_CULTURE" true true false 1 Text 0 0 ,First,#,RNN_LOT,P2_CULTURE,-1,-1,N_ENP_RNN_S_R24,P2_CULTURE,-1,-1;P3_PAYSAGE "P3_PAYSAGE" true true false 1 Text 0 0 ,First,#,RNN_LOT,P3_PAYSAGE,-1,-1,N_ENP_RNN_S_R24,P3_PAYSAGE,-1,-1;P4_GEOLOGI "P4_GEOLOGI" true true false 1 Text 0 0 ,First,#,RNN_LOT,P4_GEOLOGI,-1,-1,N_ENP_RNN_S_R24,P4_GEOLOGI,-1,-1;P5_SPELEO "P5_SPELEO" true true false 1 Text 0 0 ,First,#,RNN_LOT,P5_SPELEO,-1,-1,N_ENP_RNN_S_R24,P5_SPELEO,-1,-1;P6_ARCHEO "P6_ARCHEO" true true false 1 Text 0 0 ,First,#,RNN_LOT,P6_ARCHEO,-1,-1,N_ENP_RNN_S_R24,P6_ARCHEO,-1,-1;P7_PALEOB "P7_PALEOB" true true false 1 Text 0 0 ,First,#,RNN_LOT,P7_PALEOB,-1,-1,N_ENP_RNN_S_R24,P7_PALEOB,-1,-1;P8_ANTHROP "P8_ANTHROP" true true false 1 Text 0 0 ,First,#,RNN_LOT,P8_ANTHROP,-1,-1,N_ENP_RNN_S_R24,P8_ANTHROP,-1,-1;P9_SCIENCE "P9_SCIENCE" true true false 1 Text 0 0 ,First,#,RNN_LOT,P9_SCIENCE,-1,-1,N_ENP_RNN_S_R24,P9_SCIENCE,-1,-1;P10_PUBLIC "P10_PUBLIC" true true false 1 Text 0 0 ,First,#,RNN_LOT,P10_PUBLIC,-1,-1,N_ENP_RNN_S_R24,P10_PUBLIC,-1,-1;P11_DD "P11_DD" true true false 1 Text 0 0 ,First,#,RNN_LOT,P11_DD,-1,-1,N_ENP_RNN_S_R24,P11_DD,-1,-1;P12_AUTRE "P12_AUTRE" true true false 1 Text 0 0 ,First,#,RNN_LOT,P12_AUTRE,-1,-1,N_ENP_RNN_S_R24,P12_AUTRE,-1,-1;AREA_HA "AREA_HA" true true false 8 Double 0 0 ,First,#,RNN_LOT,AREA_HA,-1,-1;REG "REG" true true false 3 Text 0 0 ,First,#,RNN_LOT,REG,-1,-1;CD_SIG "CD_SIG" true true false 21 Text 0 0 ,First,#,RNN_LOT,CD_SIG,-1,-1;ID_MNHN "ID_MNHN" true true false 30 Text 0 0 ,First,#,RNN_LOT,ID_MNHN,-1,-1,N_ENP_RNN_S_R24,ID_MNHN,-1,-1;X_PROJ "X_PROJ" true true false 4 Long 0 0 ,First,#,RNN_LOT,X_PROJ,-1,-1;Y_PROJ "Y_PROJ" true true false 4 Long 0 0 ,First,#,RNN_LOT,Y_PROJ,-1,-1;PRECIS_X "PRECIS_X" true true false 4 Long 0 0 ,First,#,RNN_LOT,PRECIS_X,-1,-1;PRECIS_Y "PRECIS_Y" true true false 4 Long 0 0 ,First,#,RNN_LOT,PRECIS_Y,-1,-1;Shape_Length "Shape_Length" false true true 8 Double 0 0 ,First,#,RNN_LOT,Shape_Length,-1,-1;Shape_Area "Shape_Area" false true true 8 Double 0 0 ,First,#,RNN_LOT,Shape_Area,-1,-1;PRECISION "PRECISION" true true false 2 Text 0 0 ,First,#,N_ENP_RNN_S_R24,PRECISION,-1,-1"</Process><Process ToolSource="c:\program files (x86)\arcgis\desktop10.2\ArcToolbox\Toolboxes\Data Management Tools.tbx\RepairGeometry" Date="20151026" Time="105916">RepairGeometry RNN_2 DELETE_NULL</Process><Process ToolSource="c:\program files (x86)\arcgis\desktop10.2\ArcToolbox\Toolboxes\Data Management Tools.tbx\CalculateField" Date="20151026" Time="111204">CalculateField RNN_2 P1_NATURE "N" VB #</Process><Process ToolSource="c:\program files (x86)\arcgis\desktop10.2\ArcToolbox\Toolboxes\Data Management Tools.tbx\CalculateField" Date="20151026" Time="111209">CalculateField RNN_2 P2_CULTURE "N" VB #</Process><Process ToolSource="c:\program files (x86)\arcgis\desktop10.2\ArcToolbox\Toolboxes\Data Management Tools.tbx\CalculateField" Date="20151026" Time="111215">CalculateField RNN_2 P3_PAYSAGE "N" VB #</Process><Process ToolSource="c:\program files (x86)\arcgis\desktop10.2\ArcToolbox\Toolboxes\Data Management Tools.tbx\CalculateField" Date="20151026" Time="111219">CalculateField RNN_2 P4_GEOLOGI "N" VB #</Process><Process ToolSource="c:\program files (x86)\arcgis\desktop10.2\ArcToolbox\Toolboxes\Data Management Tools.tbx\CalculateField" Date="20151026" Time="111226">CalculateField RNN_2 P5_SPELEO "N" VB #</Process><Process ToolSource="c:\program files (x86)\arcgis\desktop10.2\ArcToolbox\Toolboxes\Data Management Tools.tbx\CalculateField" Date="20151026" Time="111230">CalculateField RNN_2 P6_ARCHEO "N" VB #</Process><Process ToolSource="c:\program files (x86)\arcgis\desktop10.2\ArcToolbox\Toolboxes\Data Management Tools.tbx\CalculateField" Date="20151026" Time="111235">CalculateField RNN_2 P7_PALEOB "N" VB #</Process><Process ToolSource="c:\program files (x86)\arcgis\desktop10.2\ArcToolbox\Toolboxes\Data Management Tools.tbx\CalculateField" Date="20151026" Time="111239">CalculateField RNN_2 P8_ANTHROP "N" VB #</Process><Process ToolSource="c:\program files (x86)\arcgis\desktop10.2\ArcToolbox\Toolboxes\Data Management Tools.tbx\CalculateField" Date="20151026" Time="111244">CalculateField RNN_2 P9_SCIENCE "N" VB #</Process><Process ToolSource="c:\program files (x86)\arcgis\desktop10.2\ArcToolbox\Toolboxes\Data Management Tools.tbx\CalculateField" Date="20151026" Time="111249">CalculateField RNN_2 P10_PUBLIC "N" VB #</Process><Process ToolSource="c:\program files (x86)\arcgis\desktop10.2\ArcToolbox\Toolboxes\Data Management Tools.tbx\CalculateField" Date="20151026" Time="111255">CalculateField RNN_2 P11_DD "N" VB #</Process><Process ToolSource="c:\program files (x86)\arcgis\desktop10.2\ArcToolbox\Toolboxes\Data Management Tools.tbx\CalculateField" Date="20151026" Time="111259">CalculateField RNN_2 P12_AUTRE "N" VB #</Process><Process ToolSource="c:\program files (x86)\arcgis\desktop10.2\ArcToolbox\Toolboxes\Data Management Tools.tbx\CalculateField" Date="20151026" Time="111613">CalculateField RNN_2 P1_NATURE "N" VB #</Process><Process ToolSource="c:\program files (x86)\arcgis\desktop10.2\ArcToolbox\Toolboxes\Conversion Tools.tbx\FeatureClassToFeatureClass" Date="20151026" Time="114702">FeatureClassToFeatureClass d:\Desktop\MONTAGNE\Travail\2015_ec\APB.mdb\RNN\RNN_2 d:\Desktop\MONTAGNE\Travail\MAJ_OCTOBRE2015\ORACLE RNN.shp # "ID_LOCAL "ID_LOCAL" true true false 15 Text 0 0 ,First,#,d:\Desktop\MONTAGNE\Travail\2015_ec\APB.mdb\RNN\RNN_2,ID_LOCAL,-1,-1;PRN_ASSO "PRN_ASSO" true true false 15 Text 0 0 ,First,#,d:\Desktop\MONTAGNE\Travail\2015_ec\APB.mdb\RNN\RNN_2,PRN_ASSO,-1,-1;CODE_R_ENP "CODE_R_ENP" true true false 5 Text 0 0 ,First,#,d:\Desktop\MONTAGNE\Travail\2015_ec\APB.mdb\RNN\RNN_2,CODE_R_ENP,-1,-1;NOM_SITE "NOM_SITE" true true false 254 Text 0 0 ,First,#,d:\Desktop\MONTAGNE\Travail\2015_ec\APB.mdb\RNN\RNN_2,NOM_SITE,-1,-1;DATE_CREA "DATE_CREA" true true false 8 Date 0 0 ,First,#,d:\Desktop\MONTAGNE\Travail\2015_ec\APB.mdb\RNN\RNN_2,DATE_CREA,-1,-1;MODIF_ADM "MODIF_ADM" true true false 8 Date 0 0 ,First,#,d:\Desktop\MONTAGNE\Travail\2015_ec\APB.mdb\RNN\RNN_2,MODIF_ADM,-1,-1;MODIF_GEO "MODIF_GEO" true true false 8 Date 0 0 ,First,#,d:\Desktop\MONTAGNE\Travail\2015_ec\APB.mdb\RNN\RNN_2,MODIF_GEO,-1,-1;URL_FICHE "URL_FICHE" true true false 254 Text 0 0 ,First,#,d:\Desktop\MONTAGNE\Travail\2015_ec\APB.mdb\RNN\RNN_2,URL_FICHE,-1,-1;SURF_OFF "SURF_OFF" true true false 8 Double 0 0 ,First,#,d:\Desktop\MONTAGNE\Travail\2015_ec\APB.mdb\RNN\RNN_2,SURF_OFF,-1,-1;ACTE_DEB "ACTE_DEB" true true false 50 Text 0 0 ,First,#,d:\Desktop\MONTAGNE\Travail\2015_ec\APB.mdb\RNN\RNN_2,ACTE_DEB,-1,-1;ACTE_FIN "ACTE_FIN" true true false 50 Text 0 0 ,First,#,d:\Desktop\MONTAGNE\Travail\2015_ec\APB.mdb\RNN\RNN_2,ACTE_FIN,-1,-1;GEST_SITE "GEST_SITE" true true false 100 Text 0 0 ,First,#,d:\Desktop\MONTAGNE\Travail\2015_ec\APB.mdb\RNN\RNN_2,GEST_SITE,-1,-1;OPERATEUR "OPERATEUR" true true false 50 Text 0 0 ,First,#,d:\Desktop\MONTAGNE\Travail\2015_ec\APB.mdb\RNN\RNN_2,OPERATEUR,-1,-1;PRECISION_ "PRECISION_" true true false 2 Text 0 0 ,First,#,d:\Desktop\MONTAGNE\Travail\2015_ec\APB.mdb\RNN\RNN_2,PRECISION_,-1,-1;SRC_GEOM "SRC_GEOM" true true false 100 Text 0 0 ,First,#,d:\Desktop\MONTAGNE\Travail\2015_ec\APB.mdb\RNN\RNN_2,SRC_GEOM,-1,-1;SRC_ANNEE "SRC_ANNEE" true true false 4 Text 0 0 ,First,#,d:\Desktop\MONTAGNE\Travail\2015_ec\APB.mdb\RNN\RNN_2,SRC_ANNEE,-1,-1;MARIN "MARIN" true true false 1 Text 0 0 ,First,#,d:\Desktop\MONTAGNE\Travail\2015_ec\APB.mdb\RNN\RNN_2,MARIN,-1,-1;P1_NATURE "P1_NATURE" true true false 1 Text 0 0 ,First,#,d:\Desktop\MONTAGNE\Travail\2015_ec\APB.mdb\RNN\RNN_2,P1_NATURE,-1,-1;P2_CULTURE "P2_CULTURE" true true false 1 Text 0 0 ,First,#,d:\Desktop\MONTAGNE\Travail\2015_ec\APB.mdb\RNN\RNN_2,P2_CULTURE,-1,-1;P3_PAYSAGE "P3_PAYSAGE" true true false 1 Text 0 0 ,First,#,d:\Desktop\MONTAGNE\Travail\2015_ec\APB.mdb\RNN\RNN_2,P3_PAYSAGE,-1,-1;P4_GEOLOGI "P4_GEOLOGI" true true false 1 Text 0 0 ,First,#,d:\Desktop\MONTAGNE\Travail\2015_ec\APB.mdb\RNN\RNN_2,P4_GEOLOGI,-1,-1;P5_SPELEO "P5_SPELEO" true true false 1 Text 0 0 ,First,#,d:\Desktop\MONTAGNE\Travail\2015_ec\APB.mdb\RNN\RNN_2,P5_SPELEO,-1,-1;P6_ARCHEO "P6_ARCHEO" true true false 1 Text 0 0 ,First,#,d:\Desktop\MONTAGNE\Travail\2015_ec\APB.mdb\RNN\RNN_2,P6_ARCHEO,-1,-1;P7_PALEOB "P7_PALEOB" true true false 1 Text 0 0 ,First,#,d:\Desktop\MONTAGNE\Travail\2015_ec\APB.mdb\RNN\RNN_2,P7_PALEOB,-1,-1;P8_ANTHROP "P8_ANTHROP" true true false 1 Text 0 0 ,First,#,d:\Desktop\MONTAGNE\Travail\2015_ec\APB.mdb\RNN\RNN_2,P8_ANTHROP,-1,-1;P9_SCIENCE "P9_SCIENCE" true true false 1 Text 0 0 ,First,#,d:\Desktop\MONTAGNE\Travail\2015_ec\APB.mdb\RNN\RNN_2,P9_SCIENCE,-1,-1;P10_PUBLIC "P10_PUBLIC" true true false 1 Text 0 0 ,First,#,d:\Desktop\MONTAGNE\Travail\2015_ec\APB.mdb\RNN\RNN_2,P10_PUBLIC,-1,-1;P11_DD "P11_DD" true true false 1 Text 0 0 ,First,#,d:\Desktop\MONTAGNE\Travail\2015_ec\APB.mdb\RNN\RNN_2,P11_DD,-1,-1;P12_AUTRE "P12_AUTRE" true true false 1 Text 0 0 ,First,#,d:\Desktop\MONTAGNE\Travail\2015_ec\APB.mdb\RNN\RNN_2,P12_AUTRE,-1,-1;ID_MNHN "ID_MNHN" true true false 30 Text 0 0 ,First,#,d:\Desktop\MONTAGNE\Travail\2015_ec\APB.mdb\RNN\RNN_2,ID_MNHN,-1,-1;Shape_Leng "Shape_Leng" false true true 8 Double 0 0 ,First,#,d:\Desktop\MONTAGNE\Travail\2015_ec\APB.mdb\RNN\RNN_2,Shape_Length,-1,-1;Shape_Area "Shape_Area" false true true 8 Double 0 0 ,First,#,d:\Desktop\MONTAGNE\Travail\2015_ec\APB.mdb\RNN\RNN_2,Shape_Area,-1,-1" #</Process><Process Name="Add Field" ToolSource="c:\program files (x86)\arcgis\desktop10.2\ArcToolbox\Toolboxes\Data Management Tools.tbx\AddField" Date="20151026" Time="114755">AddField RNN AREA_HA DOUBLE # # 3 # NULLABLE NON_REQUIRED #</Process><Process Name="Calculate Field" ToolSource="c:\program files (x86)\arcgis\desktop10.2\ArcToolbox\Toolboxes\Data Management Tools.tbx\CalculateField" Date="20151026" Time="114756">CalculateField RNN AREA_HA round(!shape.area@hectares!,4) PYTHON_9.3 #</Process><Process Name="Add Field (2)" ToolSource="c:\program files (x86)\arcgis\desktop10.2\ArcToolbox\Toolboxes\Data Management Tools.tbx\AddField" Date="20151026" Time="114756">AddField RNN REG TEXT # # 3 # NULLABLE NON_REQUIRED #</Process><Process Name="Add Field (5)" ToolSource="c:\program files (x86)\arcgis\desktop10.2\ArcToolbox\Toolboxes\Data Management Tools.tbx\AddField" Date="20151026" Time="114804">AddField RNN CD_SIG TEXT # # 21 # NULLABLE NON_REQUIRED #</Process><Process Name="Calculate Field (5)" ToolSource="c:\program files (x86)\arcgis\desktop10.2\ArcToolbox\Toolboxes\Data Management Tools.tbx\CalculateField" Date="20151026" Time="114804">CalculateField RNN CD_SIG "I056"&amp;[ID_MNHN] VB #</Process><Process Name="Add Field" ToolSource="c:\program files (x86)\arcgis\desktop10.2\ArcToolbox\Toolboxes\Data Management Tools.tbx\AddField" Date="20151026" Time="114804">AddField RNN X_PROJ LONG # # # # NULLABLE NON_REQUIRED #</Process><Process Name="Calculate Field" ToolSource="c:\program files (x86)\arcgis\desktop10.2\ArcToolbox\Toolboxes\Data Management Tools.tbx\CalculateField" Date="20151026" Time="114805">CalculateField RNN X_PROJ !shape.labelPoint.X! PYTHON_9.3 #</Process><Process Name="Add Field (2)" ToolSource="c:\program files (x86)\arcgis\desktop10.2\ArcToolbox\Toolboxes\Data Management Tools.tbx\AddField" Date="20151026" Time="114805">AddField RNN Y_PROJ LONG # # # # NULLABLE NON_REQUIRED #</Process><Process Name="Calculate Field (2)" ToolSource="c:\program files (x86)\arcgis\desktop10.2\ArcToolbox\Toolboxes\Data Management Tools.tbx\CalculateField" Date="20151026" Time="114805">CalculateField RNN Y_PROJ !shape.labelPoint.Y! PYTHON_9.3 #</Process><Process Name="Add Field (3)" ToolSource="c:\program files (x86)\arcgis\desktop10.2\ArcToolbox\Toolboxes\Data Management Tools.tbx\AddField" Date="20151026" Time="114805">AddField RNN PRECIS_X LONG # # # # NULLABLE NON_REQUIRED #</Process><Process Name="Calculate Field (3)" ToolSource="c:\program files (x86)\arcgis\desktop10.2\ArcToolbox\Toolboxes\Data Management Tools.tbx\CalculateField" Date="20151026" Time="114806">CalculateField RNN PRECIS_X (!shape.extent.XMax! - !shape.extent.XMin!)/2 PYTHON_9.3 #</Process><Process Name="Add Field (4)" ToolSource="c:\program files (x86)\arcgis\desktop10.2\ArcToolbox\Toolboxes\Data Management Tools.tbx\AddField" Date="20151026" Time="114806">AddField RNN PRECIS_Y LONG # # # # NULLABLE NON_REQUIRED #</Process><Process Name="Calculate Field (4)" ToolSource="c:\program files (x86)\arcgis\desktop10.2\ArcToolbox\Toolboxes\Data Management Tools.tbx\CalculateField" Date="20151026" Time="114806">CalculateField RNN PRECIS_Y (!shape.extent.YMax! - !shape.extent.YMin!)/2 PYTHON_9.3 #</Process></lineage><itemProps><itemName Sync="TRUE">RNN</itemName><imsContentType Sync="TRUE">002</imsContentType><itemLocation><linkage Sync="TRUE">file://\\EGB308WL01\D$\Desktop\MONTAGNE\Travail\MAJ_OCTOBRE2015\ORACLE\RNN.shp</linkage><protocol Sync="TRUE">Local Area Network</protocol></itemLocation><itemSize Sync="TRUE">0.000</itemSize></itemProps><coordRef><type Sync="TRUE">Projected</type><geogcsn Sync="TRUE">GCS_RGF_1993</geogcsn><csUnits Sync="TRUE">Linear Unit: Meter (1.000000)</csUnits><projcsn Sync="TRUE">RGF_1993_Lambert_93</projcsn><peXml Sync="TRUE">&lt;ProjectedCoordinateSystem xsi:type='typens:ProjectedCoordinateSystem' xmlns:xsi='http://www.w3.org/2001/XMLSchema-instance' xmlns:xs='http://www.w3.org/2001/XMLSchema' xmlns:typens='http://www.esri.com/schemas/ArcGIS/10.1'&gt;&lt;WKT&gt;PROJCS[&amp;quot;RGF_1993_Lambert_93&amp;quot;,GEOGCS[&amp;quot;GCS_RGF_1993&amp;quot;,DATUM[&amp;quot;D_RGF_1993&amp;quot;,SPHEROID[&amp;quot;GRS_1980&amp;quot;,6378137.0,298.257222101]],PRIMEM[&amp;quot;Greenwich&amp;quot;,0.0],UNIT[&amp;quot;Degree&amp;quot;,0.0174532925199433]],PROJECTION[&amp;quot;Lambert_Conformal_Conic&amp;quot;],PARAMETER[&amp;quot;False_Easting&amp;quot;,700000.0],PARAMETER[&amp;quot;False_Northing&amp;quot;,6600000.0],PARAMETER[&amp;quot;Central_Meridian&amp;quot;,3.0],PARAMETER[&amp;quot;Standard_Parallel_1&amp;quot;,44.0],PARAMETER[&amp;quot;Standard_Parallel_2&amp;quot;,49.0],PARAMETER[&amp;quot;Latitude_Of_Origin&amp;quot;,46.5],UNIT[&amp;quot;Meter&amp;quot;,1.0],AUTHORITY[&amp;quot;EPSG&amp;quot;,2154]]&lt;/WKT&gt;&lt;XOrigin&gt;-35597500&lt;/XOrigin&gt;&lt;YOrigin&gt;-23641900&lt;/YOrigin&gt;&lt;XYScale&gt;124074650.52332792&lt;/XYScale&gt;&lt;ZOrigin&gt;-100000&lt;/ZOrigin&gt;&lt;ZScale&gt;10000&lt;/ZScale&gt;&lt;MOrigin&gt;-100000&lt;/MOrigin&gt;&lt;MScale&gt;10000&lt;/MScale&gt;&lt;XYTolerance&gt;0.001&lt;/XYTolerance&gt;&lt;ZTolerance&gt;0.001&lt;/ZTolerance&gt;&lt;MTolerance&gt;0.001&lt;/MTolerance&gt;&lt;HighPrecision&gt;true&lt;/HighPrecision&gt;&lt;WKID&gt;102110&lt;/WKID&gt;&lt;LatestWKID&gt;2154&lt;/LatestWKID&gt;&lt;/ProjectedCoordinateSystem&gt;</peXml></coordRef></DataProperties><SyncDate>20151026</SyncDate><SyncTime>11470100</SyncTime><ModDate>20151026</ModDate><ModTime>11470100</ModTime></Esri><dataIdInfo><envirDesc Sync="TRUE">Microsoft Windows 7 Version 6.1 (Build 7601) Service Pack 1; Esri ArcGIS 10.2.2.3552</envirDesc><dataLang><languageCode value="fra" Sync="TRUE"></languageCode><countryCode value="FRA" Sync="TRUE"></countryCode></dataLang><idCitation><resTitle Sync="TRUE">RNN</resTitle><presForm><PresFormCd value="005" Sync="TRUE"></PresFormCd></presForm></idCitation><spatRpType><SpatRepTypCd value="001" Sync="TRUE"></SpatRepTypCd></spatRpType></dataIdInfo><mdLang><languageCode value="fra" Sync="TRUE"></languageCode><countryCode value="FRA" Sync="TRUE"></countryCode></mdLang><distInfo><distFormat><formatName Sync="TRUE">Fichier de formes</formatName></distFormat><distTranOps><transSize Sync="TRUE">0.000</transSize></distTranOps></distInfo><mdHrLv><ScopeCd value="005" Sync="TRUE"></ScopeCd></mdHrLv><mdHrLvName Sync="TRUE">dataset</mdHrLvName><refSysInfo><RefSystem><refSysID><identCode code="2154" Sync="TRUE"></identCode><idCodeSpace Sync="TRUE">EPSG</idCodeSpace><idVersion Sync="TRUE">8.2.6</idVersion></refSysID></RefSystem></refSysInfo><spatRepInfo><VectSpatRep><geometObjs Name="RNN"><geoObjTyp><GeoObjTypCd value="002" Sync="TRUE"></GeoObjTypCd></geoObjTyp><geoObjCnt Sync="TRUE">0</geoObjCnt></geometObjs><topLvl><TopoLevCd value="001" Sync="TRUE"></TopoLevCd></topLvl></VectSpatRep></spatRepInfo><spdoinfo><ptvctinf><esriterm Name="RNN"><efeatyp Sync="TRUE">Simple</efeatyp><efeageom code="4" Sync="TRUE"></efeageom><esritopo Sync="TRUE">FALSE</esritopo><efeacnt Sync="TRUE">0</efeacnt><spindex Sync="TRUE">FALSE</spindex><linrefer Sync="TRUE">FALSE</linrefer></esriterm></ptvctinf></spdoinfo><eainfo><detailed Name="RNN"><enttyp><enttypl Sync="TRUE">RNN</enttypl><enttypt Sync="TRUE">Feature Class</enttypt><enttypc Sync="TRUE">0</enttypc></enttyp><attr><attrlabl Sync="TRUE">FID</attrlabl><attalias Sync="TRUE">FID</attalias><attrtype Sync="TRUE">OID</attrtype><attwidth Sync="TRUE">4</attwidth><atprecis Sync="TRUE">0</atprecis><attscale Sync="TRUE">0</attscale><attrdef Sync="TRUE">Internal feature number.</attrdef><attrdefs Sync="TRUE">Esri</attrdefs><attrdomv><udom Sync="TRUE">Sequential unique whole numbers that are automatically generated.</udom></attrdomv></attr><attr><attrlabl Sync="TRUE">ID_LOCAL</attrlabl><attalias Sync="TRUE">ID_LOCAL</attalias><attrtype Sync="TRUE">String</attrtype><attwidth Sync="TRUE">15</attwidth><atprecis Sync="TRUE">0</atprecis><attscale Sync="TRUE">0</attscale></attr><attr><attrlabl Sync="TRUE">PRN_ASSO</attrlabl><attalias Sync="TRUE">PRN_ASSO</attalias><attrtype Sync="TRUE">String</attrtype><attwidth Sync="TRUE">15</attwidth><atprecis Sync="TRUE">0</atprecis><attscale Sync="TRUE">0</attscale></attr><attr><attrlabl Sync="TRUE">CODE_R_ENP</attrlabl><attalias Sync="TRUE">CODE_R_ENP</attalias><attrtype Sync="TRUE">String</attrtype><attwidth Sync="TRUE">5</attwidth><atprecis Sync="TRUE">0</atprecis><attscale Sync="TRUE">0</attscale></attr><attr><attrlabl Sync="TRUE">NOM_SITE</attrlabl><attalias Sync="TRUE">NOM_SITE</attalias><attrtype Sync="TRUE">String</attrtype><attwidth Sync="TRUE">254</attwidth><atprecis Sync="TRUE">0</atprecis><attscale Sync="TRUE">0</attscale></attr><attr><attrlabl Sync="TRUE">DATE_CREA</attrlabl><attalias Sync="TRUE">DATE_CREA</attalias><attrtype Sync="TRUE">Date</attrtype><attwidth Sync="TRUE">8</attwidth><atprecis Sync="TRUE">0</atprecis><attscale Sync="TRUE">0</attscale></attr><attr><attrlabl Sync="TRUE">MODIF_ADM</attrlabl><attalias Sync="TRUE">MODIF_ADM</attalias><attrtype Sync="TRUE">Date</attrtype><attwidth Sync="TRUE">8</attwidth><atprecis Sync="TRUE">0</atprecis><attscale Sync="TRUE">0</attscale></attr><attr><attrlabl Sync="TRUE">MODIF_GEO</attrlabl><attalias Sync="TRUE">MODIF_GEO</attalias><attrtype Sync="TRUE">Date</attrtype><attwidth Sync="TRUE">8</attwidth><atprecis Sync="TRUE">0</atprecis><attscale Sync="TRUE">0</attscale></attr><attr><attrlabl Sync="TRUE">URL_FICHE</attrlabl><attalias Sync="TRUE">URL_FICHE</attalias><attrtype Sync="TRUE">String</attrtype><attwidth Sync="TRUE">254</attwidth><atprecis Sync="TRUE">0</atprecis><attscale Sync="TRUE">0</attscale></attr><attr><attrlabl Sync="TRUE">SURF_OFF</attrlabl><attalias Sync="TRUE">SURF_OFF</attalias><attrtype Sync="TRUE">Double</attrtype><attwidth Sync="TRUE">19</attwidth><atprecis Sync="TRUE">0</atprecis><attscale Sync="TRUE">0</attscale></attr><attr><attrlabl Sync="TRUE">ACTE_DEB</attrlabl><attalias Sync="TRUE">ACTE_DEB</attalias><attrtype Sync="TRUE">String</attrtype><attwidth Sync="TRUE">50</attwidth><atprecis Sync="TRUE">0</atprecis><attscale Sync="TRUE">0</attscale></attr><attr><attrlabl Sync="TRUE">ACTE_FIN</attrlabl><attalias Sync="TRUE">ACTE_FIN</attalias><attrtype Sync="TRUE">String</attrtype><attwidth Sync="TRUE">50</attwidth><atprecis Sync="TRUE">0</atprecis><attscale Sync="TRUE">0</attscale></attr><attr><attrlabl Sync="TRUE">GEST_SITE</attrlabl><attalias Sync="TRUE">GEST_SITE</attalias><attrtype Sync="TRUE">String</attrtype><attwidth Sync="TRUE">100</attwidth><atprecis Sync="TRUE">0</atprecis><attscale Sync="TRUE">0</attscale></attr><attr><attrlabl Sync="TRUE">OPERATEUR</attrlabl><attalias Sync="TRUE">OPERATEUR</attalias><attrtype Sync="TRUE">String</attrtype><attwidth Sync="TRUE">50</attwidth><atprecis Sync="TRUE">0</atprecis><attscale Sync="TRUE">0</attscale></attr><attr><attrlabl Sync="TRUE">SRC_GEOM</attrlabl><attalias Sync="TRUE">SRC_GEOM</attalias><attrtype Sync="TRUE">String</attrtype><attwidth Sync="TRUE">100</attwidth><atprecis Sync="TRUE">0</atprecis><attscale Sync="TRUE">0</attscale></attr><attr><attrlabl Sync="TRUE">PRECISION_</attrlabl><attalias Sync="TRUE">PRECISION_</attalias><attrtype Sync="TRUE">String</attrtype><attwidth Sync="TRUE">2</attwidth><atprecis Sync="TRUE">0</atprecis><attscale Sync="TRUE">0</attscale></attr><attr><attrlabl Sync="TRUE">SRC_ANNEE</attrlabl><attalias Sync="TRUE">SRC_ANNEE</attalias><attrtype Sync="TRUE">String</attrtype><attwidth Sync="TRUE">4</attwidth><atprecis Sync="TRUE">0</atprecis><attscale Sync="TRUE">0</attscale></attr><attr><attrlabl Sync="TRUE">MARIN</attrlabl><attalias Sync="TRUE">MARIN</attalias><attrtype Sync="TRUE">String</attrtype><attwidth Sync="TRUE">1</attwidth><atprecis Sync="TRUE">0</atprecis><attscale Sync="TRUE">0</attscale></attr><attr><attrlabl Sync="TRUE">P1_NATURE</attrlabl><attalias Sync="TRUE">P1_NATURE</attalias><attrtype Sync="TRUE">String</attrtype><attwidth Sync="TRUE">1</attwidth><atprecis Sync="TRUE">0</atprecis><attscale Sync="TRUE">0</attscale></attr><attr><attrlabl Sync="TRUE">P2_CULTURE</attrlabl><attalias Sync="TRUE">P2_CULTURE</attalias><attrtype Sync="TRUE">String</attrtype><attwidth Sync="TRUE">1</attwidth><atprecis Sync="TRUE">0</atprecis><attscale Sync="TRUE">0</attscale></attr><attr><attrlabl Sync="TRUE">P3_PAYSAGE</attrlabl><attalias Sync="TRUE">P3_PAYSAGE</attalias><attrtype Sync="TRUE">String</attrtype><attwidth Sync="TRUE">1</attwidth><atprecis Sync="TRUE">0</atprecis><attscale Sync="TRUE">0</attscale></attr><attr><attrlabl Sync="TRUE">P4_GEOLOGI</attrlabl><attalias Sync="TRUE">P4_GEOLOGI</attalias><attrtype Sync="TRUE">String</attrtype><attwidth Sync="TRUE">1</attwidth><atprecis Sync="TRUE">0</atprecis><attscale Sync="TRUE">0</attscale></attr><attr><attrlabl Sync="TRUE">P5_SPELEO</attrlabl><attalias Sync="TRUE">P5_SPELEO</attalias><attrtype Sync="TRUE">String</attrtype><attwidth Sync="TRUE">1</attwidth><atprecis Sync="TRUE">0</atprecis><attscale Sync="TRUE">0</attscale></attr><attr><attrlabl Sync="TRUE">P6_ARCHEO</attrlabl><attalias Sync="TRUE">P6_ARCHEO</attalias><attrtype Sync="TRUE">String</attrtype><attwidth Sync="TRUE">1</attwidth><atprecis Sync="TRUE">0</atprecis><attscale Sync="TRUE">0</attscale></attr><attr><attrlabl Sync="TRUE">P7_PALEOB</attrlabl><attalias Sync="TRUE">P7_PALEOB</attalias><attrtype Sync="TRUE">String</attrtype><attwidth Sync="TRUE">1</attwidth><atprecis Sync="TRUE">0</atprecis><attscale Sync="TRUE">0</attscale></attr><attr><attrlabl Sync="TRUE">P8_ANTHROP</attrlabl><attalias Sync="TRUE">P8_ANTHROP</attalias><attrtype Sync="TRUE">String</attrtype><attwidth Sync="TRUE">1</attwidth><atprecis Sync="TRUE">0</atprecis><attscale Sync="TRUE">0</attscale></attr><attr><attrlabl Sync="TRUE">P9_SCIENCE</attrlabl><attalias Sync="TRUE">P9_SCIENCE</attalias><attrtype Sync="TRUE">String</attrtype><attwidth Sync="TRUE">1</attwidth><atprecis Sync="TRUE">0</atprecis><attscale Sync="TRUE">0</attscale></attr><attr><attrlabl Sync="TRUE">P10_PUBLIC</attrlabl><attalias Sync="TRUE">P10_PUBLIC</attalias><attrtype Sync="TRUE">String</attrtype><attwidth Sync="TRUE">1</attwidth><atprecis Sync="TRUE">0</atprecis><attscale Sync="TRUE">0</attscale></attr><attr><attrlabl Sync="TRUE">P11_DD</attrlabl><attalias Sync="TRUE">P11_DD</attalias><attrtype Sync="TRUE">String</attrtype><attwidth Sync="TRUE">1</attwidth><atprecis Sync="TRUE">0</atprecis><attscale Sync="TRUE">0</attscale></attr><attr><attrlabl Sync="TRUE">P12_AUTRE</attrlabl><attalias Sync="TRUE">P12_AUTRE</attalias><attrtype Sync="TRUE">String</attrtype><attwidth Sync="TRUE">1</attwidth><atprecis Sync="TRUE">0</atprecis><attscale Sync="TRUE">0</attscale></attr><attr><attrlabl Sync="TRUE">ID_MNHN</attrlabl><attalias Sync="TRUE">ID_MNHN</attalias><attrtype Sync="TRUE">String</attrtype><attwidth Sync="TRUE">30</attwidth><atprecis Sync="TRUE">0</atprecis><attscale Sync="TRUE">0</attscale></attr><attr><attrlabl Sync="TRUE">SHAPE</attrlabl><attalias Sync="TRUE">Shape</attalias><attrtype Sync="TRUE">Geometry</attrtype><attwidth Sync="TRUE">0</attwidth><atprecis Sync="TRUE">0</atprecis><attscale Sync="TRUE">0</attscale><attrdef Sync="TRUE">Feature geometry.</attrdef><attrdefs Sync="TRUE">Esri</attrdefs><attrdomv><udom Sync="TRUE">Coordinates defining the features.</udom></attrdomv></attr><attr><attrlabl Sync="TRUE">Shape_Leng</attrlabl><attalias Sync="TRUE">Shape_Leng</attalias><attrtype Sync="TRUE">Double</attrtype><attwidth Sync="TRUE">19</attwidth><atprecis Sync="TRUE">0</atprecis><attscale Sync="TRUE">0</attscale></attr><attr><attrlabl Sync="TRUE">Shape_Area</attrlabl><attalias Sync="TRUE">Shape_Area</attalias><attrtype Sync="TRUE">Double</attrtype><attwidth Sync="TRUE">19</attwidth><atprecis Sync="TRUE">0</atprecis><attscale Sync="TRUE">0</attscale><attrdef Sync="TRUE">Area of feature in internal units squared.</attrdef><attrdefs Sync="TRUE">Esri</attrdefs><attrdomv><udom Sync="TRUE">Positive real numbers that are automatically generated.</udom></attrdomv></attr></detailed></eainfo><mdDateSt Sync="TRUE">20151026</mdDateSt></metadata>
