<?xml version="1.0" encoding="UTF-8"?>
<metadata xml:lang="fr"><Esri><CreaDate>20150417</CreaDate><CreaTime>17220900</CreaTime><ArcGISFormat>1.0</ArcGISFormat><SyncOnce>FALSE</SyncOnce><DataProperties><lineage><Process ToolSource="c:\program files (x86)\arcgis\desktop10.2\ArcToolbox\Toolboxes\Data Management Tools.tbx\CalculateField" Date="20150417" Time="143700">CalculateField N_ENP_PNM_S_ddd DATE_CREA "Now (  )" VB #</Process><Process ToolSource="c:\program files (x86)\arcgis\desktop10.2\ArcToolbox\Toolboxes\Data Management Tools.tbx\CalculateField" Date="20150417" Time="143707">CalculateField N_ENP_PNM_S_ddd MODIF_ADM "Now (  )" VB #</Process><Process ToolSource="c:\program files (x86)\arcgis\desktop10.2\ArcToolbox\Toolboxes\Data Management Tools.tbx\CalculateField" Date="20150417" Time="143712">CalculateField N_ENP_PNM_S_ddd MODIF_GEO "Now (  )" VB #</Process><Process ToolSource="c:\program files (x86)\arcgis\desktop10.2\ArcToolbox\Toolboxes\Data Management Tools.tbx\CalculateField" Date="20150417" Time="164626">CalculateField Export_Output ID [ID_MNHN] VB #</Process><Process ToolSource="c:\program files (x86)\arcgis\desktop10.2\ArcToolbox\Toolboxes\Data Management Tools.tbx\Merge" Date="20150417" Time="165514">Merge Export_Output;N_ENP_PNM_S_000 C:\Users\Montagne\Desktop\MONTAGNE\Travail\Passage_COVADIS_2015\PNM\N_ENP_PNM_S_000_.shp "ID "ID" true true false 50 Text 0 0 ,First,#,Export_Output,ID,-1,-1;ID_1 "ID_1" true true false 50 Text 0 0 ,First,#,N_ENP_PNM_S_000,N_ENP_PNM_S_000.ID,-1,-1;ID_ORG "ID_ORG" true true false 12 Text 0 0 ,First,#,N_ENP_PNM_S_000,N_ENP_PNM_S_000.ID_ORG,-1,-1;NOM "NOM" true true false 160 Text 0 0 ,First,#,N_ENP_PNM_S_000,N_ENP_PNM_S_000.NOM,-1,-1;SUPERFICIE "SUPERFICIE" true true false 19 Double 0 0 ,First,#,N_ENP_PNM_S_000,N_ENP_PNM_S_000.SUPERFICIE,-1,-1;DATE_ "DATE_" true true false 10 Text 0 0 ,First,#,N_ENP_PNM_S_000,N_ENP_PNM_S_000.DATE_,-1,-1;FID_1 "FID_1" true true false 9 Long 0 9 ,First,#,N_ENP_PNM_S_000,N_ENP_PNM_S_000.FID_1,-1,-1;ID_LOCAL "ID_LOCAL" true true false 15 Text 0 0 ,First,#,N_ENP_PNM_S_000,N_ENP_PNM_S_000.ID_LOCAL,-1,-1;ID_MNHN "ID_MNHN" true true false 30 Text 0 0 ,First,#,N_ENP_PNM_S_000,N_ENP_PNM_S_000.ID_MNHN,-1,-1;NOM_SITE "NOM_SITE" true true false 254 Text 0 0 ,First,#,N_ENP_PNM_S_000,N_ENP_PNM_S_000.NOM_SITE,-1,-1;DATE_CREA "DATE_CREA" true true false 8 Date 0 0 ,First,#,N_ENP_PNM_S_000,N_ENP_PNM_S_000.DATE_CREA,-1,-1;MODIF_ADM "MODIF_ADM" true true false 8 Date 0 0 ,First,#,N_ENP_PNM_S_000,N_ENP_PNM_S_000.MODIF_ADM,-1,-1;MODIF_GEO "MODIF_GEO" true true false 8 Date 0 0 ,First,#,N_ENP_PNM_S_000,N_ENP_PNM_S_000.MODIF_GEO,-1,-1;URL_FICHE "URL_FICHE" true true false 254 Text 0 0 ,First,#,N_ENP_PNM_S_000,N_ENP_PNM_S_000.URL_FICHE,-1,-1;SURF_OFF "SURF_OFF" true true false 10 Double 4 9 ,First,#,N_ENP_PNM_S_000,N_ENP_PNM_S_000.SURF_OFF,-1,-1;ACTE_DEB "ACTE_DEB" true true false 50 Text 0 0 ,First,#,N_ENP_PNM_S_000,N_ENP_PNM_S_000.ACTE_DEB,-1,-1;ACTE_FIN "ACTE_FIN" true true false 50 Text 0 0 ,First,#,N_ENP_PNM_S_000,N_ENP_PNM_S_000.ACTE_FIN,-1,-1;GEST_SITE "GEST_SITE" true true false 100 Text 0 0 ,First,#,N_ENP_PNM_S_000,N_ENP_PNM_S_000.GEST_SITE,-1,-1;OPERATEUR "OPERATEUR" true true false 50 Text 0 0 ,First,#,N_ENP_PNM_S_000,N_ENP_PNM_S_000.OPERATEUR,-1,-1;PRECISION "PRECISION" true true false 2 Text 0 0 ,First,#,N_ENP_PNM_S_000,N_ENP_PNM_S_000.PRECISION,-1,-1;SRC_GEOM "SRC_GEOM" true true false 100 Text 0 0 ,First,#,N_ENP_PNM_S_000,N_ENP_PNM_S_000.SRC_GEOM,-1,-1;SRC_ANNEE "SRC_ANNEE" true true false 4 Text 0 0 ,First,#,N_ENP_PNM_S_000,N_ENP_PNM_S_000.SRC_ANNEE,-1,-1;MARIN "MARIN" true true false 1 Text 0 0 ,First,#,N_ENP_PNM_S_000,N_ENP_PNM_S_000.MARIN,-1,-1;P1_NATURE "P1_NATURE" true true false 1 Text 0 0 ,First,#,N_ENP_PNM_S_000,N_ENP_PNM_S_000.P1_NATURE,-1,-1;P2_CULTURE "P2_CULTURE" true true false 1 Text 0 0 ,First,#,N_ENP_PNM_S_000,N_ENP_PNM_S_000.P2_CULTURE,-1,-1;P3_PAYSAGE "P3_PAYSAGE" true true false 1 Text 0 0 ,First,#,N_ENP_PNM_S_000,N_ENP_PNM_S_000.P3_PAYSAGE,-1,-1;P4_GEOLOGI "P4_GEOLOGI" true true false 1 Text 0 0 ,First,#,N_ENP_PNM_S_000,N_ENP_PNM_S_000.P4_GEOLOGI,-1,-1;P5_SPELEO "P5_SPELEO" true true false 1 Text 0 0 ,First,#,N_ENP_PNM_S_000,N_ENP_PNM_S_000.P5_SPELEO,-1,-1;P6_ARCHEO "P6_ARCHEO" true true false 1 Text 0 0 ,First,#,N_ENP_PNM_S_000,N_ENP_PNM_S_000.P6_ARCHEO,-1,-1;P7_PALEOB "P7_PALEOB" true true false 1 Text 0 0 ,First,#,N_ENP_PNM_S_000,N_ENP_PNM_S_000.P7_PALEOB,-1,-1;P8_ANTHROP "P8_ANTHROP" true true false 1 Text 0 0 ,First,#,N_ENP_PNM_S_000,N_ENP_PNM_S_000.P8_ANTHROP,-1,-1;P9_SCIENCE "P9_SCIENCE" true true false 1 Text 0 0 ,First,#,N_ENP_PNM_S_000,N_ENP_PNM_S_000.P9_SCIENCE,-1,-1;P10_PUBLIC "P10_PUBLIC" true true false 1 Text 0 0 ,First,#,N_ENP_PNM_S_000,N_ENP_PNM_S_000.P10_PUBLIC,-1,-1;P11_DD "P11_DD" true true false 1 Text 0 0 ,First,#,N_ENP_PNM_S_000,N_ENP_PNM_S_000.P11_DD,-1,-1;P12_AUTRE "P12_AUTRE" true true false 1 Text 0 0 ,First,#,N_ENP_PNM_S_000,N_ENP_PNM_S_000.P12_AUTRE,-1,-1;EP_PROD_SI "EP_PROD_SI" true true false 9 Text 0 0 ,First,#,N_ENP_PNM_S_000,EP.PROD_SITE.ID_MNHN,-1,-1;EP_PROD__1 "EP_PROD__1" true true false 15 Text 0 0 ,First,#,N_ENP_PNM_S_000,EP.PROD_SITE.ID_ORG,-1,-1;EP_PROD__2 "EP_PROD__2" true true false 30 Text 0 0 ,First,#,N_ENP_PNM_S_000,EP.PROD_SITE.ID_INSPIRE,-1,-1;EP_PROD__3 "EP_PROD__3" true true false 15 Text 0 0 ,First,#,N_ENP_PNM_S_000,EP.PROD_SITE.ID_CDDA_WDPA,-1,-1;EP_PROD__4 "EP_PROD__4" true true false 2 Text 0 0 ,First,#,N_ENP_PNM_S_000,EP.PROD_SITE.CD_MPRO,-1,-1;EP_PROD__5 "EP_PROD__5" true true false 200 Text 0 0 ,First,#,N_ENP_PNM_S_000,EP.PROD_SITE.NOM,-1,-1;EP_PROD__6 "EP_PROD__6" true true false 400 Text 0 0 ,First,#,N_ENP_PNM_S_000,EP.PROD_SITE.NOM_COMPLET,-1,-1;EP_PROD__7 "EP_PROD__7" true true false 20 Text 0 0 ,First,#,N_ENP_PNM_S_000,EP.PROD_SITE.ENJEU,-1,-1;EP_PROD__8 "EP_PROD__8" true true false 2 Text 0 0 ,First,#,N_ENP_PNM_S_000,EP.PROD_SITE.PROC_CREATION,-1,-1;EP_PROD__9 "EP_PROD__9" true true false 2 Text 0 0 ,First,#,N_ENP_PNM_S_000,EP.PROD_SITE.PROC_DERN_MODIF,-1,-1;EP_PROD_10 "EP_PROD_10" true true false 36 Date 0 0 ,First,#,N_ENP_PNM_S_000,EP.PROD_SITE.DATE_CREA_SIGN,-1,-1;EP_PROD_11 "EP_PROD_11" true true false 36 Date 0 0 ,First,#,N_ENP_PNM_S_000,EP.PROD_SITE.DATE_CREA_PUBLI,-1,-1;EP_PROD_12 "EP_PROD_12" true true false 36 Date 0 0 ,First,#,N_ENP_PNM_S_000,EP.PROD_SITE.DATE_DERN_MODIF_SIGN,-1,-1;EP_PROD_13 "EP_PROD_13" true true false 36 Date 0 0 ,First,#,N_ENP_PNM_S_000,EP.PROD_SITE.DATE_DERN_MODIF_PUBLI,-1,-1;EP_PROD_14 "EP_PROD_14" true true false 2 Text 0 0 ,First,#,N_ENP_PNM_S_000,EP.PROD_SITE.TYPE_DERN_MODIF,-1,-1;EP_PROD_15 "EP_PROD_15" true true false 36 Date 0 0 ,First,#,N_ENP_PNM_S_000,EP.PROD_SITE.DATE_FIN_VALID,-1,-1;EP_PROD_16 "EP_PROD_16" true true false 8 Double 4 12 ,First,#,N_ENP_PNM_S_000,EP.PROD_SITE.AREA_TEXTOFF,-1,-1;EP_PROD_17 "EP_PROD_17" true true false 8 Double 4 12 ,First,#,N_ENP_PNM_S_000,EP.PROD_SITE.AREA_TEXTAUTRE,-1,-1;EP_PROD_18 "EP_PROD_18" true true false 8 Double 4 12 ,First,#,N_ENP_PNM_S_000,EP.PROD_SITE.AREA_SIG,-1,-1;EP_PROD_19 "EP_PROD_19" true true false 8 Double 4 12 ,First,#,N_ENP_PNM_S_000,EP.PROD_SITE.AREA_TERRE,-1,-1;EP_PROD_20 "EP_PROD_20" true true false 8 Double 4 12 ,First,#,N_ENP_PNM_S_000,EP.PROD_SITE.AREA_MER,-1,-1;EP_PROD_21 "EP_PROD_21" true true false 8 Double 4 12 ,First,#,N_ENP_PNM_S_000,EP.PROD_SITE.LENGTH_TEXTOFF,-1,-1;EP_PROD_22 "EP_PROD_22" true true false 8 Double 4 12 ,First,#,N_ENP_PNM_S_000,EP.PROD_SITE.LENGTH_SIG,-1,-1;EP_PROD_23 "EP_PROD_23" true true false 4 Long 0 8 ,First,#,N_ENP_PNM_S_000,EP.PROD_SITE.ALT_MINI,-1,-1;EP_PROD_24 "EP_PROD_24" true true false 4 Long 0 8 ,First,#,N_ENP_PNM_S_000,EP.PROD_SITE.ALT_MAXI,-1,-1;EP_PROD_25 "EP_PROD_25" true true false 4 Long 0 8 ,First,#,N_ENP_PNM_S_000,EP.PROD_SITE.ALT_MOY,-1,-1;EP_PROD_26 "EP_PROD_26" true true false 100 Text 0 0 ,First,#,N_ENP_PNM_S_000,EP.PROD_SITE.OPERATEUR_TECH,-1,-1;EP_PROD_27 "EP_PROD_27" true true false 5 Text 0 0 ,First,#,N_ENP_PNM_S_000,EP.PROD_SITE.CATEG_UICN,-1,-1;EP_PROD_28 "EP_PROD_28" true true false 8 Double 5 10 ,First,#,N_ENP_PNM_S_000,EP.PROD_SITE.LAT_DD,-1,-1;EP_PROD_29 "EP_PROD_29" true true false 8 Double 5 10 ,First,#,N_ENP_PNM_S_000,EP.PROD_SITE.LONG_DD,-1,-1;EP_PROD_30 "EP_PROD_30" true true false 10 Text 0 0 ,First,#,N_ENP_PNM_S_000,EP.PROD_SITE.RB_MIXTE,-1,-1;EP_PROD_31 "EP_PROD_31" true true false 400 Text 0 0 ,First,#,N_ENP_PNM_S_000,EP.PROD_SITE.COMMENTAIRE,-1,-1;EP_PROD_32 "EP_PROD_32" true true false 3 Text 0 0 ,First,#,N_ENP_PNM_S_000,EP.PROD_SITE.T_M,-1,-1;EP_PROD_33 "EP_PROD_33" true true false 36 Date 0 0 ,First,#,N_ENP_PNM_S_000,EP.PROD_SITE.DATE_DERN_MAJ,-1,-1;EP_PROD_34 "EP_PROD_34" true true false 1 Text 0 0 ,First,#,N_ENP_PNM_S_000,EP.PROD_SITE.TYPE_DERN_MAJ,-1,-1;EP_PROD_35 "EP_PROD_35" true true false 50 Text 0 0 ,First,#,N_ENP_PNM_S_000,EP.PROD_SITE.ZONE,-1,-1;EP_PROD_36 "EP_PROD_36" true true false 21 Text 0 0 ,First,#,N_ENP_PNM_S_000,EP.PROD_SITE.CD_SIG,-1,-1"</Process><Process ToolSource="c:\program files (x86)\arcgis\desktop10.2\ArcToolbox\Toolboxes\Data Management Tools.tbx\CalculateField" Date="20150417" Time="165546">CalculateField N_ENP_PNM_S_000_ ID_MNHN [ID] VB #</Process><Process ToolSource="c:\program files (x86)\arcgis\desktop10.2\ArcToolbox\Toolboxes\Data Management Tools.tbx\CopyFeatures" Date="20150417" Time="171252">CopyFeatures N_ENP_PNM_S_000_ C:\Users\Montagne\Desktop\MONTAGNE\Travail\2015_ec\MAJ_2.mdb\PNM\N_ENP_PNM_S_000_ # 0 0 0</Process><Process Name="Add Field (5)" ToolSource="c:\program files (x86)\arcgis\desktop10.2\ArcToolbox\Toolboxes\Data Management Tools.tbx\AddField" Date="20151030" Time="141450">AddField PNM CD_SIG TEXT # # 21 # NULLABLE NON_REQUIRED #</Process><Process Name="Calculate Field (5)" ToolSource="c:\program files (x86)\arcgis\desktop10.2\ArcToolbox\Toolboxes\Data Management Tools.tbx\CalculateField" Date="20151030" Time="141450">CalculateField PNM CD_SIG "I056"&amp;[ID_MNHN] VB #</Process><Process Name="Add Field" ToolSource="c:\program files (x86)\arcgis\desktop10.2\ArcToolbox\Toolboxes\Data Management Tools.tbx\AddField" Date="20151030" Time="141450">AddField PNM X_PROJ LONG # # # # NULLABLE NON_REQUIRED #</Process><Process Name="Calculate Field" ToolSource="c:\program files (x86)\arcgis\desktop10.2\ArcToolbox\Toolboxes\Data Management Tools.tbx\CalculateField" Date="20151030" Time="141451">CalculateField PNM X_PROJ !shape.labelPoint.X! PYTHON_9.3 #</Process><Process Name="Add Field (2)" ToolSource="c:\program files (x86)\arcgis\desktop10.2\ArcToolbox\Toolboxes\Data Management Tools.tbx\AddField" Date="20151030" Time="141451">AddField PNM Y_PROJ LONG # # # # NULLABLE NON_REQUIRED #</Process><Process Name="Calculate Field (2)" ToolSource="c:\program files (x86)\arcgis\desktop10.2\ArcToolbox\Toolboxes\Data Management Tools.tbx\CalculateField" Date="20151030" Time="141451">CalculateField PNM Y_PROJ !shape.labelPoint.Y! PYTHON_9.3 #</Process><Process Name="Add Field (3)" ToolSource="c:\program files (x86)\arcgis\desktop10.2\ArcToolbox\Toolboxes\Data Management Tools.tbx\AddField" Date="20151030" Time="141451">AddField PNM PRECIS_X LONG # # # # NULLABLE NON_REQUIRED #</Process><Process Name="Calculate Field (3)" ToolSource="c:\program files (x86)\arcgis\desktop10.2\ArcToolbox\Toolboxes\Data Management Tools.tbx\CalculateField" Date="20151030" Time="141451">CalculateField PNM PRECIS_X (!shape.extent.XMax! - !shape.extent.XMin!)/2 PYTHON_9.3 #</Process><Process Name="Add Field (4)" ToolSource="c:\program files (x86)\arcgis\desktop10.2\ArcToolbox\Toolboxes\Data Management Tools.tbx\AddField" Date="20151030" Time="141451">AddField PNM PRECIS_Y LONG # # # # NULLABLE NON_REQUIRED #</Process><Process Name="Calculate Field (4)" ToolSource="c:\program files (x86)\arcgis\desktop10.2\ArcToolbox\Toolboxes\Data Management Tools.tbx\CalculateField" Date="20151030" Time="141451">CalculateField PNM PRECIS_Y (!shape.extent.YMax! - !shape.extent.YMin!)/2 PYTHON_9.3 #</Process><Process Name="Add Field" ToolSource="c:\program files (x86)\arcgis\desktop10.2\ArcToolbox\Toolboxes\Data Management Tools.tbx\AddField" Date="20151030" Time="141909">AddField PNM AREA_HA DOUBLE # # 3 # NULLABLE NON_REQUIRED #</Process><Process Name="Calculate Field" ToolSource="c:\program files (x86)\arcgis\desktop10.2\ArcToolbox\Toolboxes\Data Management Tools.tbx\CalculateField" Date="20151030" Time="141909">CalculateField PNM AREA_HA round(!shape.area@hectares!,4) PYTHON_9.3 #</Process><Process Name="Add Field (2)" ToolSource="c:\program files (x86)\arcgis\desktop10.2\ArcToolbox\Toolboxes\Data Management Tools.tbx\AddField" Date="20151030" Time="141909">AddField PNM REG TEXT # # 3 # NULLABLE NON_REQUIRED #</Process></lineage><itemProps><itemName Sync="TRUE">N_ENP_PNM_S_000_</itemName><imsContentType Sync="TRUE">002</imsContentType><itemSize Sync="TRUE">0.000</itemSize><itemLocation><linkage Sync="TRUE">file://\\EGB308OC\C$\Users\Montagne\Desktop\MONTAGNE\Travail\2015_ec\MAJ_2.mdb</linkage><protocol Sync="TRUE">Local Area Network</protocol></itemLocation></itemProps><coordRef><type Sync="TRUE">Projected</type><geogcsn Sync="TRUE">GCS_RGF_1993</geogcsn><csUnits Sync="TRUE">Linear Unit: Meter (1.000000)</csUnits><projcsn Sync="TRUE">RGF_1993_Lambert_93</projcsn><peXml Sync="TRUE">&lt;ProjectedCoordinateSystem xsi:type='typens:ProjectedCoordinateSystem' xmlns:xsi='http://www.w3.org/2001/XMLSchema-instance' xmlns:xs='http://www.w3.org/2001/XMLSchema' xmlns:typens='http://www.esri.com/schemas/ArcGIS/10.1'&gt;&lt;WKT&gt;PROJCS[&amp;quot;RGF_1993_Lambert_93&amp;quot;,GEOGCS[&amp;quot;GCS_RGF_1993&amp;quot;,DATUM[&amp;quot;D_RGF_1993&amp;quot;,SPHEROID[&amp;quot;GRS_1980&amp;quot;,6378137.0,298.257222101]],PRIMEM[&amp;quot;Greenwich&amp;quot;,0.0],UNIT[&amp;quot;Degree&amp;quot;,0.0174532925199433]],PROJECTION[&amp;quot;Lambert_Conformal_Conic&amp;quot;],PARAMETER[&amp;quot;False_Easting&amp;quot;,700000.0],PARAMETER[&amp;quot;False_Northing&amp;quot;,6600000.0],PARAMETER[&amp;quot;Central_Meridian&amp;quot;,3.0],PARAMETER[&amp;quot;Standard_Parallel_1&amp;quot;,44.0],PARAMETER[&amp;quot;Standard_Parallel_2&amp;quot;,49.0],PARAMETER[&amp;quot;Latitude_Of_Origin&amp;quot;,46.5],UNIT[&amp;quot;Meter&amp;quot;,1.0],AUTHORITY[&amp;quot;EPSG&amp;quot;,2154]]&lt;/WKT&gt;&lt;XOrigin&gt;-35597500&lt;/XOrigin&gt;&lt;YOrigin&gt;-23641900&lt;/YOrigin&gt;&lt;XYScale&gt;10000&lt;/XYScale&gt;&lt;ZOrigin&gt;-100000&lt;/ZOrigin&gt;&lt;ZScale&gt;10000&lt;/ZScale&gt;&lt;MOrigin&gt;-100000&lt;/MOrigin&gt;&lt;MScale&gt;10000&lt;/MScale&gt;&lt;XYTolerance&gt;0.5&lt;/XYTolerance&gt;&lt;ZTolerance&gt;0.001&lt;/ZTolerance&gt;&lt;MTolerance&gt;0.001&lt;/MTolerance&gt;&lt;HighPrecision&gt;true&lt;/HighPrecision&gt;&lt;WKID&gt;102110&lt;/WKID&gt;&lt;LatestWKID&gt;2154&lt;/LatestWKID&gt;&lt;/ProjectedCoordinateSystem&gt;</peXml></coordRef></DataProperties><SyncDate>20150417</SyncDate><SyncTime>17125100</SyncTime><ModDate>20150417</ModDate><ModTime>17125100</ModTime></Esri><dataIdInfo><envirDesc Sync="TRUE">Microsoft Windows 7 Version 6.1 (Build 7601) Service Pack 1; Esri ArcGIS 10.2.2.3552</envirDesc><dataLang><languageCode value="fra" Sync="TRUE"></languageCode><countryCode value="FRA" Sync="TRUE"></countryCode></dataLang><idCitation><resTitle Sync="TRUE">N_ENP_PNM_S_000_</resTitle><presForm><PresFormCd value="005" Sync="TRUE"></PresFormCd></presForm></idCitation><spatRpType><SpatRepTypCd value="001" Sync="TRUE"></SpatRepTypCd></spatRpType></dataIdInfo><mdLang><languageCode value="fra" Sync="TRUE"></languageCode><countryCode value="FRA" Sync="TRUE"></countryCode></mdLang><mdChar><CharSetCd value="004" Sync="TRUE"></CharSetCd></mdChar><distInfo><distFormat><formatName Sync="TRUE">Classe d’entités de la géodatabase personnelle</formatName></distFormat><distTranOps><transSize Sync="TRUE">0.000</transSize></distTranOps></distInfo><mdHrLv><ScopeCd value="005" Sync="TRUE"></ScopeCd></mdHrLv><mdHrLvName Sync="TRUE">dataset</mdHrLvName><refSysInfo><RefSystem><refSysID><identCode code="2154" Sync="TRUE"></identCode><idCodeSpace Sync="TRUE">EPSG</idCodeSpace><idVersion Sync="TRUE">8.2.6</idVersion></refSysID></RefSystem></refSysInfo><spatRepInfo><VectSpatRep><geometObjs Name="N_ENP_PNM_S_000_"><geoObjTyp><GeoObjTypCd value="002" Sync="TRUE"></GeoObjTypCd></geoObjTyp><geoObjCnt Sync="TRUE">0</geoObjCnt></geometObjs><topLvl><TopoLevCd value="001" Sync="TRUE"></TopoLevCd></topLvl></VectSpatRep></spatRepInfo><spdoinfo><ptvctinf><esriterm Name="N_ENP_PNM_S_000_"><efeatyp Sync="TRUE">Simple</efeatyp><efeageom code="4" Sync="TRUE"></efeageom><esritopo Sync="TRUE">FALSE</esritopo><efeacnt Sync="TRUE">0</efeacnt><spindex Sync="TRUE">TRUE</spindex><linrefer Sync="TRUE">FALSE</linrefer></esriterm></ptvctinf></spdoinfo><eainfo><detailed Name="N_ENP_PNM_S_000_"><enttyp><enttypl Sync="TRUE">N_ENP_PNM_S_000_</enttypl><enttypt Sync="TRUE">Feature Class</enttypt><enttypc Sync="TRUE">0</enttypc></enttyp><attr><attrlabl Sync="TRUE">OBJECTID</attrlabl><attalias Sync="TRUE">OBJECTID</attalias><attrtype Sync="TRUE">OID</attrtype><attwidth Sync="TRUE">4</attwidth><atprecis Sync="TRUE">0</atprecis><attscale Sync="TRUE">0</attscale><attrdef Sync="TRUE">Internal feature number.</attrdef><attrdefs Sync="TRUE">Esri</attrdefs><attrdomv><udom Sync="TRUE">Sequential unique whole numbers that are automatically generated.</udom></attrdomv></attr><attr><attrlabl Sync="TRUE">Shape</attrlabl><attalias Sync="TRUE">Shape</attalias><attrtype Sync="TRUE">Geometry</attrtype><attwidth Sync="TRUE">0</attwidth><atprecis Sync="TRUE">0</atprecis><attscale Sync="TRUE">0</attscale><attrdef Sync="TRUE">Feature geometry.</attrdef><attrdefs Sync="TRUE">Esri</attrdefs><attrdomv><udom Sync="TRUE">Coordinates defining the features.</udom></attrdomv></attr><attr><attrlabl Sync="TRUE">ID_LOCAL</attrlabl><attalias Sync="TRUE">ID_LOCAL</attalias><attrtype Sync="TRUE">String</attrtype><attwidth Sync="TRUE">15</attwidth><atprecis Sync="TRUE">0</atprecis><attscale Sync="TRUE">0</attscale></attr><attr><attrlabl Sync="TRUE">ID_MNHN</attrlabl><attalias Sync="TRUE">ID_MNHN</attalias><attrtype Sync="TRUE">String</attrtype><attwidth Sync="TRUE">30</attwidth><atprecis Sync="TRUE">0</atprecis><attscale Sync="TRUE">0</attscale></attr><attr><attrlabl Sync="TRUE">NOM_SITE</attrlabl><attalias Sync="TRUE">NOM_SITE</attalias><attrtype Sync="TRUE">String</attrtype><attwidth Sync="TRUE">254</attwidth><atprecis Sync="TRUE">0</atprecis><attscale Sync="TRUE">0</attscale></attr><attr><attrlabl Sync="TRUE">DATE_CREA</attrlabl><attalias Sync="TRUE">DATE_CREA</attalias><attrtype Sync="TRUE">Date</attrtype><attwidth Sync="TRUE">8</attwidth><atprecis Sync="TRUE">0</atprecis><attscale Sync="TRUE">0</attscale></attr><attr><attrlabl Sync="TRUE">MODIF_ADM</attrlabl><attalias Sync="TRUE">MODIF_ADM</attalias><attrtype Sync="TRUE">Date</attrtype><attwidth Sync="TRUE">8</attwidth><atprecis Sync="TRUE">0</atprecis><attscale Sync="TRUE">0</attscale></attr><attr><attrlabl Sync="TRUE">MODIF_GEO</attrlabl><attalias Sync="TRUE">MODIF_GEO</attalias><attrtype Sync="TRUE">Date</attrtype><attwidth Sync="TRUE">8</attwidth><atprecis Sync="TRUE">0</atprecis><attscale Sync="TRUE">0</attscale></attr><attr><attrlabl Sync="TRUE">URL_FICHE</attrlabl><attalias Sync="TRUE">URL_FICHE</attalias><attrtype Sync="TRUE">String</attrtype><attwidth Sync="TRUE">254</attwidth><atprecis Sync="TRUE">0</atprecis><attscale Sync="TRUE">0</attscale></attr><attr><attrlabl Sync="TRUE">SURF_OFF</attrlabl><attalias Sync="TRUE">SURF_OFF</attalias><attrtype Sync="TRUE">Double</attrtype><attwidth Sync="TRUE">8</attwidth><atprecis Sync="TRUE">0</atprecis><attscale Sync="TRUE">0</attscale></attr><attr><attrlabl Sync="TRUE">ACTE_DEB</attrlabl><attalias Sync="TRUE">ACTE_DEB</attalias><attrtype Sync="TRUE">String</attrtype><attwidth Sync="TRUE">50</attwidth><atprecis Sync="TRUE">0</atprecis><attscale Sync="TRUE">0</attscale></attr><attr><attrlabl Sync="TRUE">ACTE_FIN</attrlabl><attalias Sync="TRUE">ACTE_FIN</attalias><attrtype Sync="TRUE">String</attrtype><attwidth Sync="TRUE">50</attwidth><atprecis Sync="TRUE">0</atprecis><attscale Sync="TRUE">0</attscale></attr><attr><attrlabl Sync="TRUE">GEST_SITE</attrlabl><attalias Sync="TRUE">GEST_SITE</attalias><attrtype Sync="TRUE">String</attrtype><attwidth Sync="TRUE">100</attwidth><atprecis Sync="TRUE">0</atprecis><attscale Sync="TRUE">0</attscale></attr><attr><attrlabl Sync="TRUE">OPERATEUR</attrlabl><attalias Sync="TRUE">OPERATEUR</attalias><attrtype Sync="TRUE">String</attrtype><attwidth Sync="TRUE">50</attwidth><atprecis Sync="TRUE">0</atprecis><attscale Sync="TRUE">0</attscale></attr><attr><attrlabl Sync="TRUE">PRECISION_</attrlabl><attalias Sync="TRUE">PRECISION</attalias><attrtype Sync="TRUE">String</attrtype><attwidth Sync="TRUE">2</attwidth><atprecis Sync="TRUE">0</atprecis><attscale Sync="TRUE">0</attscale></attr><attr><attrlabl Sync="TRUE">SRC_GEOM</attrlabl><attalias Sync="TRUE">SRC_GEOM</attalias><attrtype Sync="TRUE">String</attrtype><attwidth Sync="TRUE">100</attwidth><atprecis Sync="TRUE">0</atprecis><attscale Sync="TRUE">0</attscale></attr><attr><attrlabl Sync="TRUE">SRC_ANNEE</attrlabl><attalias Sync="TRUE">SRC_ANNEE</attalias><attrtype Sync="TRUE">String</attrtype><attwidth Sync="TRUE">4</attwidth><atprecis Sync="TRUE">0</atprecis><attscale Sync="TRUE">0</attscale></attr><attr><attrlabl Sync="TRUE">MARIN</attrlabl><attalias Sync="TRUE">MARIN</attalias><attrtype Sync="TRUE">String</attrtype><attwidth Sync="TRUE">1</attwidth><atprecis Sync="TRUE">0</atprecis><attscale Sync="TRUE">0</attscale></attr><attr><attrlabl Sync="TRUE">P1_NATURE</attrlabl><attalias Sync="TRUE">P1_NATURE</attalias><attrtype Sync="TRUE">String</attrtype><attwidth Sync="TRUE">1</attwidth><atprecis Sync="TRUE">0</atprecis><attscale Sync="TRUE">0</attscale></attr><attr><attrlabl Sync="TRUE">P2_CULTURE</attrlabl><attalias Sync="TRUE">P2_CULTURE</attalias><attrtype Sync="TRUE">String</attrtype><attwidth Sync="TRUE">1</attwidth><atprecis Sync="TRUE">0</atprecis><attscale Sync="TRUE">0</attscale></attr><attr><attrlabl Sync="TRUE">P3_PAYSAGE</attrlabl><attalias Sync="TRUE">P3_PAYSAGE</attalias><attrtype Sync="TRUE">String</attrtype><attwidth Sync="TRUE">1</attwidth><atprecis Sync="TRUE">0</atprecis><attscale Sync="TRUE">0</attscale></attr><attr><attrlabl Sync="TRUE">P4_GEOLOGI</attrlabl><attalias Sync="TRUE">P4_GEOLOGI</attalias><attrtype Sync="TRUE">String</attrtype><attwidth Sync="TRUE">1</attwidth><atprecis Sync="TRUE">0</atprecis><attscale Sync="TRUE">0</attscale></attr><attr><attrlabl Sync="TRUE">P5_SPELEO</attrlabl><attalias Sync="TRUE">P5_SPELEO</attalias><attrtype Sync="TRUE">String</attrtype><attwidth Sync="TRUE">1</attwidth><atprecis Sync="TRUE">0</atprecis><attscale Sync="TRUE">0</attscale></attr><attr><attrlabl Sync="TRUE">P6_ARCHEO</attrlabl><attalias Sync="TRUE">P6_ARCHEO</attalias><attrtype Sync="TRUE">String</attrtype><attwidth Sync="TRUE">1</attwidth><atprecis Sync="TRUE">0</atprecis><attscale Sync="TRUE">0</attscale></attr><attr><attrlabl Sync="TRUE">P7_PALEOB</attrlabl><attalias Sync="TRUE">P7_PALEOB</attalias><attrtype Sync="TRUE">String</attrtype><attwidth Sync="TRUE">1</attwidth><atprecis Sync="TRUE">0</atprecis><attscale Sync="TRUE">0</attscale></attr><attr><attrlabl Sync="TRUE">P8_ANTHROP</attrlabl><attalias Sync="TRUE">P8_ANTHROP</attalias><attrtype Sync="TRUE">String</attrtype><attwidth Sync="TRUE">1</attwidth><atprecis Sync="TRUE">0</atprecis><attscale Sync="TRUE">0</attscale></attr><attr><attrlabl Sync="TRUE">P9_SCIENCE</attrlabl><attalias Sync="TRUE">P9_SCIENCE</attalias><attrtype Sync="TRUE">String</attrtype><attwidth Sync="TRUE">1</attwidth><atprecis Sync="TRUE">0</atprecis><attscale Sync="TRUE">0</attscale></attr><attr><attrlabl Sync="TRUE">P10_PUBLIC</attrlabl><attalias Sync="TRUE">P10_PUBLIC</attalias><attrtype Sync="TRUE">String</attrtype><attwidth Sync="TRUE">1</attwidth><atprecis Sync="TRUE">0</atprecis><attscale Sync="TRUE">0</attscale></attr><attr><attrlabl Sync="TRUE">P11_DD</attrlabl><attalias Sync="TRUE">P11_DD</attalias><attrtype Sync="TRUE">String</attrtype><attwidth Sync="TRUE">1</attwidth><atprecis Sync="TRUE">0</atprecis><attscale Sync="TRUE">0</attscale></attr><attr><attrlabl Sync="TRUE">P12_AUTRE</attrlabl><attalias Sync="TRUE">P12_AUTRE</attalias><attrtype Sync="TRUE">String</attrtype><attwidth Sync="TRUE">1</attwidth><atprecis Sync="TRUE">0</atprecis><attscale Sync="TRUE">0</attscale></attr><attr><attrlabl Sync="TRUE">Shape_Length</attrlabl><attalias Sync="TRUE">Shape_Length</attalias><attrtype Sync="TRUE">Double</attrtype><attwidth Sync="TRUE">8</attwidth><atprecis Sync="TRUE">0</atprecis><attscale Sync="TRUE">0</attscale><attrdef Sync="TRUE">Length of feature in internal units.</attrdef><attrdefs Sync="TRUE">Esri</attrdefs><attrdomv><udom Sync="TRUE">Positive real numbers that are automatically generated.</udom></attrdomv></attr><attr><attrlabl Sync="TRUE">Shape_Area</attrlabl><attalias Sync="TRUE">Shape_Area</attalias><attrtype Sync="TRUE">Double</attrtype><attwidth Sync="TRUE">8</attwidth><atprecis Sync="TRUE">0</atprecis><attscale Sync="TRUE">0</attscale><attrdef Sync="TRUE">Area of feature in internal units squared.</attrdef><attrdefs Sync="TRUE">Esri</attrdefs><attrdomv><udom Sync="TRUE">Positive real numbers that are automatically generated.</udom></attrdomv></attr></detailed></eainfo><mdDateSt Sync="TRUE">20150417</mdDateSt></metadata>
