<?xml version="1.0" encoding="UTF-8"?>
<metadata xml:lang="fr"><Esri><CreaDate>20151102</CreaDate><CreaTime>10233700</CreaTime><ArcGISFormat>1.0</ArcGISFormat><SyncOnce>TRUE</SyncOnce><DataProperties><itemProps><itemLocation><linkage Sync="TRUE">file://\\EGB308WL01\D$\Desktop\MONTAGNE\Travail\MAJ_OCTOBRE2015\export_shape\N_ENP_ACTE_PNM_000</linkage><protocol Sync="TRUE">Local Area Network</protocol></itemLocation></itemProps><copyHistory><copy source="d:\Desktop\MONTAGNE\Travail\PNM\N_ENP_ACTE_PNM_000" dest="\\EGB308WL01\D$\Desktop\MONTAGNE\Travail\MAJ_OCTOBRE2015\export_shape\N_ENP_ACTE_PNM_000" date="20151102" time="10233700"></copy></copyHistory></DataProperties></Esri></metadata>
