<?xml version="1.0" encoding="UTF-8"?>
<metadata xml:lang="fr"><Esri><CreaDate>20160211</CreaDate><CreaTime>17374900</CreaTime><ArcGISFormat>1.0</ArcGISFormat><SyncOnce>TRUE</SyncOnce><DataProperties><lineage><Process ToolSource="c:\program files (x86)\arcgis\desktop10.2\ArcToolbox\Toolboxes\Data Management Tools.tbx\CalculateField" Date="20150326" Time="163007">CalculateField N_ENP_PN_000_ ID_LOCAL [ID_ORG_1] VB #</Process><Process ToolSource="c:\program files (x86)\arcgis\desktop10.2\ArcToolbox\Toolboxes\Data Management Tools.tbx\CalculateField" Date="20150326" Time="163022">CalculateField N_ENP_PN_000_ ID_MNHN_1 [ID_MNHN] VB #</Process><Process ToolSource="c:\program files (x86)\arcgis\desktop10.2\ArcToolbox\Toolboxes\Data Management Tools.tbx\CalculateField" Date="20150326" Time="163040">CalculateField N_ENP_PN_000_ NOM_SITE [NOM_1] VB #</Process><Process ToolSource="c:\program files (x86)\arcgis\desktop10.2\ArcToolbox\Toolboxes\Data Management Tools.tbx\CalculateField" Date="20150326" Time="163102">CalculateField N_ENP_PN_000_ DATE_CREA [DATE_CREA_] VB #</Process><Process ToolSource="c:\program files (x86)\arcgis\desktop10.2\ArcToolbox\Toolboxes\Data Management Tools.tbx\CalculateField" Date="20150326" Time="163121">CalculateField N_ENP_PN_000_ MODIF_ADM [DATE_DERN_] VB #</Process><Process ToolSource="c:\program files (x86)\arcgis\desktop10.2\ArcToolbox\Toolboxes\Data Management Tools.tbx\CalculateField" Date="20150326" Time="163254">CalculateField N_ENP_PN_000_ CODE_R_ENP "CPN" VB #</Process><Process ToolSource="c:\program files (x86)\arcgis\desktop10.2\ArcToolbox\Toolboxes\Data Management Tools.tbx\CalculateField" Date="20150326" Time="163306">CalculateField N_ENP_PN_000_ CODE_R_ENP "AAPN" VB #</Process><Process ToolSource="c:\program files (x86)\arcgis\desktop10.2\ArcToolbox\Toolboxes\Data Management Tools.tbx\CalculateField" Date="20150326" Time="163835">CalculateField N_ENP_PN_000_ URL_FICHE ""http://inpn.mnhn.fr/espace/protege/"+ [ID_MNHN]" VB #</Process><Process ToolSource="c:\program files (x86)\arcgis\desktop10.2\ArcToolbox\Toolboxes\Data Management Tools.tbx\CalculateField" Date="20150326" Time="163854">CalculateField N_ENP_PN_000_ SURF_OFF [AREA_TEXTO] VB #</Process><Process ToolSource="c:\program files (x86)\arcgis\desktop10.2\ArcToolbox\Toolboxes\Data Management Tools.tbx\CalculateField" Date="20150326" Time="163957">CalculateField N_ENP_PN_000_ GEST_SITE [GEST_SIT_1] VB #</Process><Process ToolSource="c:\program files (x86)\arcgis\desktop10.2\ArcToolbox\Toolboxes\Data Management Tools.tbx\CalculateField" Date="20150326" Time="164024">CalculateField N_ENP_PN_000_ OPERATEUR "Parc nationaux de France" VB #</Process><Process ToolSource="c:\program files (x86)\arcgis\desktop10.2\ArcToolbox\Toolboxes\Data Management Tools.tbx\CalculateField" Date="20150326" Time="164056">CalculateField N_ENP_PN_000_ GEST_SITE "Parc national des Calanques" VB #</Process><Process ToolSource="c:\program files (x86)\arcgis\desktop10.2\ArcToolbox\Toolboxes\Data Management Tools.tbx\CalculateField" Date="20150326" Time="164115">CalculateField N_ENP_PN_000_ GEST_SITE "Parc national de Port-Cros" VB #</Process><Process ToolSource="c:\program files (x86)\arcgis\desktop10.2\ArcToolbox\Toolboxes\Data Management Tools.tbx\CalculateField" Date="20150326" Time="164132">CalculateField N_ENP_PN_000_ GEST_SITE "Parc national de la Vanoise" VB #</Process><Process ToolSource="c:\program files (x86)\arcgis\desktop10.2\ArcToolbox\Toolboxes\Data Management Tools.tbx\CalculateField" Date="20150326" Time="164211">CalculateField N_ENP_PN_000_ PRECISION [PRECISIO_1] VB #</Process><Process ToolSource="c:\program files (x86)\arcgis\desktop10.2\ArcToolbox\Toolboxes\Data Management Tools.tbx\CalculateField" Date="20150326" Time="164226">CalculateField N_ENP_PN_000_ SRC_GEOM [SRC_GEOM_1] VB #</Process><Process ToolSource="c:\program files (x86)\arcgis\desktop10.2\ArcToolbox\Toolboxes\Data Management Tools.tbx\CalculateField" Date="20150326" Time="164308">CalculateField N_ENP_PN_000_ SRC_ANNEE [SRC_ANNE_1] VB #</Process><Process ToolSource="c:\program files (x86)\arcgis\desktop10.2\ArcToolbox\Toolboxes\Data Management Tools.tbx\CalculateField" Date="20150326" Time="164321">CalculateField N_ENP_PN_000_ MARIN [MARIN_1] VB #</Process><Process ToolSource="c:\program files (x86)\arcgis\desktop10.2\ArcToolbox\Toolboxes\Data Management Tools.tbx\CalculateField" Date="20150326" Time="164337">CalculateField N_ENP_PN_000_ P1_NATURE [P1_NATUR_1] VB #</Process><Process ToolSource="c:\program files (x86)\arcgis\desktop10.2\ArcToolbox\Toolboxes\Data Management Tools.tbx\CalculateField" Date="20150326" Time="164349">CalculateField N_ENP_PN_000_ P2_CULTURE [P2_CULTU_1] VB #</Process><Process ToolSource="c:\program files (x86)\arcgis\desktop10.2\ArcToolbox\Toolboxes\Data Management Tools.tbx\CalculateField" Date="20150326" Time="164400">CalculateField N_ENP_PN_000_ P3_PAYSAGE [P3_PAYSA_1] VB #</Process><Process ToolSource="c:\program files (x86)\arcgis\desktop10.2\ArcToolbox\Toolboxes\Data Management Tools.tbx\CalculateField" Date="20150326" Time="164412">CalculateField N_ENP_PN_000_ P4_GEOLOGI [P4_GEOLO_1] VB #</Process><Process ToolSource="c:\program files (x86)\arcgis\desktop10.2\ArcToolbox\Toolboxes\Data Management Tools.tbx\CalculateField" Date="20150326" Time="164424">CalculateField N_ENP_PN_000_ P5_SPELEO [P5_SPELE_1] VB #</Process><Process ToolSource="c:\program files (x86)\arcgis\desktop10.2\ArcToolbox\Toolboxes\Data Management Tools.tbx\CalculateField" Date="20150326" Time="164437">CalculateField N_ENP_PN_000_ P6_ARCHEO [P6_ARCHE_1] VB #</Process><Process ToolSource="c:\program files (x86)\arcgis\desktop10.2\ArcToolbox\Toolboxes\Data Management Tools.tbx\CalculateField" Date="20150326" Time="164448">CalculateField N_ENP_PN_000_ P7_PALEOB [P7_PALEO_1] VB #</Process><Process ToolSource="c:\program files (x86)\arcgis\desktop10.2\ArcToolbox\Toolboxes\Data Management Tools.tbx\CalculateField" Date="20150326" Time="164458">CalculateField N_ENP_PN_000_ P8_ANTHROP [P8_ANTHR_1] VB #</Process><Process ToolSource="c:\program files (x86)\arcgis\desktop10.2\ArcToolbox\Toolboxes\Data Management Tools.tbx\CalculateField" Date="20150326" Time="164507">CalculateField N_ENP_PN_000_ P9_SCIENCE [P9_SCIEN_1] VB #</Process><Process ToolSource="c:\program files (x86)\arcgis\desktop10.2\ArcToolbox\Toolboxes\Data Management Tools.tbx\CalculateField" Date="20150326" Time="164514">CalculateField N_ENP_PN_000_ P10_PUBLIC [P10_PUBL_1] VB #</Process><Process ToolSource="c:\program files (x86)\arcgis\desktop10.2\ArcToolbox\Toolboxes\Data Management Tools.tbx\CalculateField" Date="20150326" Time="164523">CalculateField N_ENP_PN_000_ P11_DD [P11_DD_1] VB #</Process><Process ToolSource="c:\program files (x86)\arcgis\desktop10.2\ArcToolbox\Toolboxes\Data Management Tools.tbx\CalculateField" Date="20150326" Time="164533">CalculateField N_ENP_PN_000_ P12_AUTRE [P12_AUTR_1] VB #</Process><Process ToolSource="c:\program files (x86)\arcgis\desktop10.2\ArcToolbox\Toolboxes\Data Management Tools.tbx\CalculateField" Date="20150326" Time="164618">CalculateField N_ENP_PN_000_ MARIN "F" VB #</Process><Process ToolSource="c:\program files (x86)\arcgis\desktop10.2\ArcToolbox\Toolboxes\Data Management Tools.tbx\CalculateField" Date="20150326" Time="164637">CalculateField N_ENP_PN_000_ MARIN "T" VB #</Process><Process ToolSource="c:\program files (x86)\arcgis\desktop10.2\ArcToolbox\Toolboxes\Data Management Tools.tbx\CalculateField" Date="20150326" Time="164719">CalculateField N_ENP_PN_000_ P1_NATURE "N" VB #</Process><Process ToolSource="c:\program files (x86)\arcgis\desktop10.2\ArcToolbox\Toolboxes\Data Management Tools.tbx\CalculateField" Date="20150326" Time="164722">CalculateField N_ENP_PN_000_ P2_CULTURE "N" VB #</Process><Process ToolSource="c:\program files (x86)\arcgis\desktop10.2\ArcToolbox\Toolboxes\Data Management Tools.tbx\CalculateField" Date="20150326" Time="164726">CalculateField N_ENP_PN_000_ P3_PAYSAGE "N" VB #</Process><Process ToolSource="c:\program files (x86)\arcgis\desktop10.2\ArcToolbox\Toolboxes\Data Management Tools.tbx\CalculateField" Date="20150326" Time="164729">CalculateField N_ENP_PN_000_ P4_GEOLOGI "N" VB #</Process><Process ToolSource="c:\program files (x86)\arcgis\desktop10.2\ArcToolbox\Toolboxes\Data Management Tools.tbx\CalculateField" Date="20150326" Time="164734">CalculateField N_ENP_PN_000_ P5_SPELEO "N" VB #</Process><Process ToolSource="c:\program files (x86)\arcgis\desktop10.2\ArcToolbox\Toolboxes\Data Management Tools.tbx\CalculateField" Date="20150326" Time="164737">CalculateField N_ENP_PN_000_ P6_ARCHEO "N" VB #</Process><Process ToolSource="c:\program files (x86)\arcgis\desktop10.2\ArcToolbox\Toolboxes\Data Management Tools.tbx\CalculateField" Date="20150326" Time="164740">CalculateField N_ENP_PN_000_ P7_PALEOB "N" VB #</Process><Process ToolSource="c:\program files (x86)\arcgis\desktop10.2\ArcToolbox\Toolboxes\Data Management Tools.tbx\CalculateField" Date="20150326" Time="164743">CalculateField N_ENP_PN_000_ P8_ANTHROP "N" VB #</Process><Process ToolSource="c:\program files (x86)\arcgis\desktop10.2\ArcToolbox\Toolboxes\Data Management Tools.tbx\CalculateField" Date="20150326" Time="164747">CalculateField N_ENP_PN_000_ P9_SCIENCE "N" VB #</Process><Process ToolSource="c:\program files (x86)\arcgis\desktop10.2\ArcToolbox\Toolboxes\Data Management Tools.tbx\CalculateField" Date="20150326" Time="164750">CalculateField N_ENP_PN_000_ P10_PUBLIC "N" VB #</Process><Process ToolSource="c:\program files (x86)\arcgis\desktop10.2\ArcToolbox\Toolboxes\Data Management Tools.tbx\CalculateField" Date="20150326" Time="164754">CalculateField N_ENP_PN_000_ P11_DD "N" VB #</Process><Process ToolSource="c:\program files (x86)\arcgis\desktop10.2\ArcToolbox\Toolboxes\Data Management Tools.tbx\CalculateField" Date="20150326" Time="164757">CalculateField N_ENP_PN_000_ P12_AUTRE "N" VB #</Process><Process ToolSource="c:\program files (x86)\arcgis\desktop10.2\ArcToolbox\Toolboxes\Data Management Tools.tbx\CalculateField" Date="20150326" Time="164959">CalculateField N_ENP_PN_000_ MODIF_GEO [MODIF_GE_1] VB #</Process><Process ToolSource="c:\program files (x86)\arcgis\desktop10.2\ArcToolbox\Toolboxes\Data Management Tools.tbx\CalculateField" Date="20150330" Time="152342">CalculateField N_ENP_PN_000 ID_MNHN [ID_MNHN_1] VB #</Process><Process Name="Add Field" ToolSource="c:\program files (x86)\arcgis\desktop10.2\ArcToolbox\Toolboxes\Data Management Tools.tbx\AddField" Date="20150420" Time="112613">AddField N_ENP_PN_000 AREA_HA DOUBLE # # 3 # NULLABLE NON_REQUIRED #</Process><Process Name="Calculate Field" ToolSource="c:\program files (x86)\arcgis\desktop10.2\ArcToolbox\Toolboxes\Data Management Tools.tbx\CalculateField" Date="20150420" Time="112613">CalculateField N_ENP_PN_000 AREA_HA round(!shape.area@hectares!,4) PYTHON_9.3 #</Process><Process Name="Add Field (2)" ToolSource="c:\program files (x86)\arcgis\desktop10.2\ArcToolbox\Toolboxes\Data Management Tools.tbx\AddField" Date="20150420" Time="112614">AddField N_ENP_PN_000 REG TEXT # # 3 # NULLABLE NON_REQUIRED #</Process><Process Name="Add Field (5)" ToolSource="c:\program files (x86)\arcgis\desktop10.2\ArcToolbox\Toolboxes\Data Management Tools.tbx\AddField" Date="20150420" Time="112711">AddField N_ENP_PN_000 CD_SIG TEXT # # 21 # NULLABLE NON_REQUIRED #</Process><Process ToolSource="c:\program files (x86)\arcgis\desktop10.2\ArcToolbox\Toolboxes\Data Management Tools.tbx\CalculateField" Date="20150420" Time="113102">CalculateField N_ENP_PN_000 CD_SIG ""I056"+ [ID_MNHN]" VB #</Process><Process Name="Add Field" ToolSource="c:\program files (x86)\arcgis\desktop10.2\ArcToolbox\Toolboxes\Data Management Tools.tbx\AddField" Date="20150420" Time="113603">AddField N_ENP_PN_000 X_PROJ LONG # # # # NULLABLE NON_REQUIRED #</Process><Process Name="Calculate Field" ToolSource="c:\program files (x86)\arcgis\desktop10.2\ArcToolbox\Toolboxes\Data Management Tools.tbx\CalculateField" Date="20150420" Time="113605">CalculateField N_ENP_PN_000 X_PROJ !shape.labelPoint.X! PYTHON_9.3 #</Process><Process Name="Add Field (2)" ToolSource="c:\program files (x86)\arcgis\desktop10.2\ArcToolbox\Toolboxes\Data Management Tools.tbx\AddField" Date="20150420" Time="113606">AddField N_ENP_PN_000 Y_PROJ LONG # # # # NULLABLE NON_REQUIRED #</Process><Process Name="Calculate Field (2)" ToolSource="c:\program files (x86)\arcgis\desktop10.2\ArcToolbox\Toolboxes\Data Management Tools.tbx\CalculateField" Date="20150420" Time="113608">CalculateField N_ENP_PN_000 Y_PROJ !shape.labelPoint.Y! PYTHON_9.3 #</Process><Process Name="Add Field (3)" ToolSource="c:\program files (x86)\arcgis\desktop10.2\ArcToolbox\Toolboxes\Data Management Tools.tbx\AddField" Date="20150420" Time="113609">AddField N_ENP_PN_000 PRECIS_X LONG # # # # NULLABLE NON_REQUIRED #</Process><Process Name="Calculate Field (3)" ToolSource="c:\program files (x86)\arcgis\desktop10.2\ArcToolbox\Toolboxes\Data Management Tools.tbx\CalculateField" Date="20150420" Time="113610">CalculateField N_ENP_PN_000 PRECIS_X (!shape.extent.XMax! - !shape.extent.XMin!)/2 PYTHON_9.3 #</Process><Process Name="Add Field (4)" ToolSource="c:\program files (x86)\arcgis\desktop10.2\ArcToolbox\Toolboxes\Data Management Tools.tbx\AddField" Date="20150420" Time="113613">AddField N_ENP_PN_000 PRECIS_Y LONG # # # # NULLABLE NON_REQUIRED #</Process><Process Name="Calculate Field (4)" ToolSource="c:\program files (x86)\arcgis\desktop10.2\ArcToolbox\Toolboxes\Data Management Tools.tbx\CalculateField" Date="20150420" Time="113614">CalculateField N_ENP_PN_000 PRECIS_Y (!shape.extent.YMax! - !shape.extent.YMin!)/2 PYTHON_9.3 #</Process><Process ToolSource="c:\program files (x86)\arcgis\desktop10.2\ArcToolbox\Toolboxes\Data Management Tools.tbx\Append" Date="20160211" Time="172138">Append N_ENP_PN_S_ddd_PNV_region pn2016_03 NO_TEST "ID_LOCAL "ID_LOCAL" true false false 15 Text 0 0 ,First,#,N_ENP_PN_S_ddd_PNV_region,ID_LOCAL,-1,-1;PPN_ASSO "PPN_ASSO" true false false 15 Text 0 0 ,First,#,N_ENP_PN_S_ddd_PNV_region,PPN_ASSO,-1,-1;CODE_R_ENP "CODE_R_ENP" true false false 5 Text 0 0 ,First,#,N_ENP_PN_S_ddd_PNV_region,CODE_R_ENP,-1,-1;NOM_SITE "NOM_SITE" true false false 254 Text 0 0 ,First,#,N_ENP_PN_S_ddd_PNV_region,NOM_SITE,-1,-1;DATE_CREA "DATE_CREA" true true false 8 Date 0 0 ,First,#,N_ENP_PN_S_ddd_PNV_region,DATE_CREA,-1,-1;MODIF_ADM "MODIF_ADM" true true false 8 Date 0 0 ,First,#,N_ENP_PN_S_ddd_PNV_region,MODIF_ADM,-1,-1;MODIF_GEO "MODIF_GEO" true true false 8 Date 0 0 ,First,#,N_ENP_PN_S_ddd_PNV_region,MODIF_GEO,-1,-1;URL_FICHE "URL_FICHE" true false false 254 Text 0 0 ,First,#,N_ENP_PN_S_ddd_PNV_region,URL_FICHE,-1,-1;SURF_OFF "SURF_OFF" true false false 10 Double 4 9 ,First,#,N_ENP_PN_S_ddd_PNV_region,SURF_OFF,-1,-1;ACTE_DEB "ACTE_DEB" true false false 50 Text 0 0 ,First,#,N_ENP_PN_S_ddd_PNV_region,ACTE_DEB,-1,-1;ACTE_FIN "ACTE_FIN" true false false 50 Text 0 0 ,First,#,N_ENP_PN_S_ddd_PNV_region,ACTE_FIN,-1,-1;GEST_SITE "GEST_SITE" true false false 100 Text 0 0 ,First,#,N_ENP_PN_S_ddd_PNV_region,GEST_SITE,-1,-1;OPERATEUR "OPERATEUR" true false false 50 Text 0 0 ,First,#,N_ENP_PN_S_ddd_PNV_region,OPERATEUR,-1,-1;PRECISION "PRECISION" true false false 2 Text 0 0 ,First,#,N_ENP_PN_S_ddd_PNV_region,PRECISION,-1,-1;SRC_GEOM "SRC_GEOM" true false false 100 Text 0 0 ,First,#,N_ENP_PN_S_ddd_PNV_region,SRC_GEOM,-1,-1;SRC_ANNEE "SRC_ANNEE" true false false 4 Text 0 0 ,First,#,N_ENP_PN_S_ddd_PNV_region,SRC_ANNEE,-1,-1;MARIN "MARIN" true false false 1 Text 0 0 ,First,#,N_ENP_PN_S_ddd_PNV_region,MARIN,-1,-1;P1_NATURE "P1_NATURE" true false false 1 Text 0 0 ,First,#,N_ENP_PN_S_ddd_PNV_region,P1_NATURE,-1,-1;P2_CULTURE "P2_CULTURE" true false false 1 Text 0 0 ,First,#,N_ENP_PN_S_ddd_PNV_region,P2_CULTURE,-1,-1;P3_PAYSAGE "P3_PAYSAGE" true false false 1 Text 0 0 ,First,#,N_ENP_PN_S_ddd_PNV_region,P3_PAYSAGE,-1,-1;P4_GEOLOGI "P4_GEOLOGI" true false false 1 Text 0 0 ,First,#,N_ENP_PN_S_ddd_PNV_region,P4_GEOLOGI,-1,-1;P5_SPELEO "P5_SPELEO" true false false 1 Text 0 0 ,First,#,N_ENP_PN_S_ddd_PNV_region,P5_SPELEO,-1,-1;P6_ARCHEO "P6_ARCHEO" true false false 1 Text 0 0 ,First,#,N_ENP_PN_S_ddd_PNV_region,P6_ARCHEO,-1,-1;P7_PALEOB "P7_PALEOB" true false false 1 Text 0 0 ,First,#,N_ENP_PN_S_ddd_PNV_region,P7_PALEOB,-1,-1;P8_ANTHROP "P8_ANTHROP" true false false 1 Text 0 0 ,First,#,N_ENP_PN_S_ddd_PNV_region,P8_ANTHROP,-1,-1;P9_SCIENCE "P9_SCIENCE" true false false 1 Text 0 0 ,First,#,N_ENP_PN_S_ddd_PNV_region,P9_SCIENCE,-1,-1;P10_PUBLIC "P10_PUBLIC" true false false 1 Text 0 0 ,First,#,N_ENP_PN_S_ddd_PNV_region,P10_PUBLIC,-1,-1;P11_DD "P11_DD" true false false 1 Text 0 0 ,First,#,N_ENP_PN_S_ddd_PNV_region,P11_DD,-1,-1;P12_AUTRE "P12_AUTRE" true false false 1 Text 0 0 ,First,#,N_ENP_PN_S_ddd_PNV_region,P12_AUTRE,-1,-1;ID_MNHN "ID_MNHN" true false false 30 Text 0 0 ,First,#,N_ENP_PN_S_ddd_PNV_region,ID_MNHN,-1,-1" #</Process><Process ToolSource="c:\program files (x86)\arcgis\desktop10.2\ArcToolbox\Toolboxes\Data Management Tools.tbx\Append" Date="20160629" Time="155747">Append PNE_N_ENP_PN_S_ddd_region N_ENP_PN_S_000 NO_TEST "ID_LOCAL "ID_LOCAL" true false false 15 Text 0 0 ,First,#,PNE_N_ENP_PN_S_ddd_region,ID_LOCAL,-1,-1;PPN_ASSO "PPN_ASSO" true false false 15 Text 0 0 ,First,#,PNE_N_ENP_PN_S_ddd_region,PPN_ASSO,-1,-1;CODE_R_ENP "CODE_R_ENP" true false false 5 Text 0 0 ,First,#,PNE_N_ENP_PN_S_ddd_region,CODE_R_ENP,-1,-1;NOM_SITE "NOM_SITE" true false false 254 Text 0 0 ,First,#,PNE_N_ENP_PN_S_ddd_region,NOM_SITE,-1,-1;DATE_CREA "DATE_CREA" true true false 8 Date 0 0 ,First,#,PNE_N_ENP_PN_S_ddd_region,DATE_CREA,-1,-1;MODIF_ADM "MODIF_ADM" true true false 8 Date 0 0 ,First,#,PNE_N_ENP_PN_S_ddd_region,MODIF_ADM,-1,-1;MODIF_GEO "MODIF_GEO" true true false 8 Date 0 0 ,First,#,PNE_N_ENP_PN_S_ddd_region,MODIF_GEO,-1,-1;URL_FICHE "URL_FICHE" true false false 254 Text 0 0 ,First,#,PNE_N_ENP_PN_S_ddd_region,URL_FICHE,-1,-1;SURF_OFF "SURF_OFF" true false false 10 Double 4 9 ,First,#,PNE_N_ENP_PN_S_ddd_region,SURF_OFF,-1,-1;ACTE_DEB "ACTE_DEB" true false false 50 Text 0 0 ,First,#,PNE_N_ENP_PN_S_ddd_region,ACTE_DEB,-1,-1;ACTE_FIN "ACTE_FIN" true false false 50 Text 0 0 ,First,#,PNE_N_ENP_PN_S_ddd_region,ACTE_FIN,-1,-1;GEST_SITE "GEST_SITE" true false false 100 Text 0 0 ,First,#,PNE_N_ENP_PN_S_ddd_region,GEST_SITE,-1,-1;OPERATEUR "OPERATEUR" true false false 50 Text 0 0 ,First,#,PNE_N_ENP_PN_S_ddd_region,OPERATEUR,-1,-1;PRECISION "PRECISION" true false false 2 Text 0 0 ,First,#,PNE_N_ENP_PN_S_ddd_region,PRECISION,-1,-1;SRC_GEOM "SRC_GEOM" true false false 100 Text 0 0 ,First,#,PNE_N_ENP_PN_S_ddd_region,SRC_GEOM,-1,-1;SRC_ANNEE "SRC_ANNEE" true false false 4 Text 0 0 ,First,#,PNE_N_ENP_PN_S_ddd_region,SRC_ANNEE,-1,-1;MARIN "MARIN" true false false 1 Text 0 0 ,First,#,PNE_N_ENP_PN_S_ddd_region,MARIN,-1,-1;P1_NATURE "P1_NATURE" true false false 1 Text 0 0 ,First,#,PNE_N_ENP_PN_S_ddd_region,P1_NATURE,-1,-1;P2_CULTURE "P2_CULTURE" true false false 1 Text 0 0 ,First,#,PNE_N_ENP_PN_S_ddd_region,P2_CULTURE,-1,-1;P3_PAYSAGE "P3_PAYSAGE" true false false 1 Text 0 0 ,First,#,PNE_N_ENP_PN_S_ddd_region,P3_PAYSAGE,-1,-1;P4_GEOLOGI "P4_GEOLOGI" true false false 1 Text 0 0 ,First,#,PNE_N_ENP_PN_S_ddd_region,P4_GEOLOGI,-1,-1;P5_SPELEO "P5_SPELEO" true false false 1 Text 0 0 ,First,#,PNE_N_ENP_PN_S_ddd_region,P5_SPELEO,-1,-1;P6_ARCHEO "P6_ARCHEO" true false false 1 Text 0 0 ,First,#,PNE_N_ENP_PN_S_ddd_region,P6_ARCHEO,-1,-1;P7_PALEOB "P7_PALEOB" true false false 1 Text 0 0 ,First,#,PNE_N_ENP_PN_S_ddd_region,P7_PALEOB,-1,-1;P8_ANTHROP "P8_ANTHROP" true false false 1 Text 0 0 ,First,#,PNE_N_ENP_PN_S_ddd_region,P8_ANTHROP,-1,-1;P9_SCIENCE "P9_SCIENCE" true false false 1 Text 0 0 ,First,#,PNE_N_ENP_PN_S_ddd_region,P9_SCIENCE,-1,-1;P10_PUBLIC "P10_PUBLIC" true false false 1 Text 0 0 ,First,#,PNE_N_ENP_PN_S_ddd_region,P10_PUBLIC,-1,-1;P11_DD "P11_DD" true false false 1 Text 0 0 ,First,#,PNE_N_ENP_PN_S_ddd_region,P11_DD,-1,-1;P12_AUTRE "P12_AUTRE" true false false 1 Text 0 0 ,First,#,PNE_N_ENP_PN_S_ddd_region,P12_AUTRE,-1,-1;ID_MNHN "ID_MNHN" true false false 30 Text 0 0 ,First,#,PNE_N_ENP_PN_S_ddd_region,ID_MNHN,-1,-1" #</Process><Process ToolSource="c:\program files (x86)\arcgis\desktop10.2\ArcToolbox\Toolboxes\Data Management Tools.tbx\Append" Date="20160629" Time="160317">Append PNM_N_ENP_PN_S_ddd_region_Di N_ENP_PN_S_000 NO_TEST "ID_LOCAL "ID_LOCAL" true false false 15 Text 0 0 ,First,#,PNM_N_ENP_PN_S_ddd_region_Di,ID_LOCAL,-1,-1;PPN_ASSO "PPN_ASSO" true false false 15 Text 0 0 ,First,#,PNM_N_ENP_PN_S_ddd_region_Di,PPN_ASSO,-1,-1;CODE_R_ENP "CODE_R_ENP" true false false 5 Text 0 0 ,First,#,PNM_N_ENP_PN_S_ddd_region_Di,CODE_R_ENP,-1,-1;NOM_SITE "NOM_SITE" true false false 254 Text 0 0 ,First,#,PNM_N_ENP_PN_S_ddd_region_Di,NOM_SITE,-1,-1;DATE_CREA "DATE_CREA" true true false 8 Date 0 0 ,First,#,PNM_N_ENP_PN_S_ddd_region_Di,DATE_CREA,-1,-1;MODIF_ADM "MODIF_ADM" true true false 8 Date 0 0 ,First,#,PNM_N_ENP_PN_S_ddd_region_Di,MODIF_ADM,-1,-1;MODIF_GEO "MODIF_GEO" true true false 8 Date 0 0 ,First,#,PNM_N_ENP_PN_S_ddd_region_Di,MODIF_GEO,-1,-1;URL_FICHE "URL_FICHE" true false false 254 Text 0 0 ,First,#,PNM_N_ENP_PN_S_ddd_region_Di,URL_FICHE,-1,-1;SURF_OFF "SURF_OFF" true false false 10 Double 4 9 ,First,#,PNM_N_ENP_PN_S_ddd_region_Di,SURF_OFF,-1,-1;ACTE_DEB "ACTE_DEB" true false false 50 Text 0 0 ,First,#,PNM_N_ENP_PN_S_ddd_region_Di,ACTE_DEB,-1,-1;ACTE_FIN "ACTE_FIN" true false false 50 Text 0 0 ,First,#,PNM_N_ENP_PN_S_ddd_region_Di,ACTE_FIN,-1,-1;GEST_SITE "GEST_SITE" true false false 100 Text 0 0 ,First,#,PNM_N_ENP_PN_S_ddd_region_Di,GEST_SITE,-1,-1;OPERATEUR "OPERATEUR" true false false 50 Text 0 0 ,First,#,PNM_N_ENP_PN_S_ddd_region_Di,OPERATEUR,-1,-1;PRECISION "PRECISION" true false false 2 Text 0 0 ,First,#,PNM_N_ENP_PN_S_ddd_region_Di,PRECISION,-1,-1;SRC_GEOM "SRC_GEOM" true false false 100 Text 0 0 ,First,#,PNM_N_ENP_PN_S_ddd_region_Di,SRC_GEOM,-1,-1;SRC_ANNEE "SRC_ANNEE" true false false 4 Text 0 0 ,First,#,PNM_N_ENP_PN_S_ddd_region_Di,SRC_ANNEE,-1,-1;MARIN "MARIN" true false false 1 Text 0 0 ,First,#,PNM_N_ENP_PN_S_ddd_region_Di,MARIN,-1,-1;P1_NATURE "P1_NATURE" true false false 1 Text 0 0 ,First,#,PNM_N_ENP_PN_S_ddd_region_Di,P1_NATURE,-1,-1;P2_CULTURE "P2_CULTURE" true false false 1 Text 0 0 ,First,#,PNM_N_ENP_PN_S_ddd_region_Di,P2_CULTURE,-1,-1;P3_PAYSAGE "P3_PAYSAGE" true false false 1 Text 0 0 ,First,#,PNM_N_ENP_PN_S_ddd_region_Di,P3_PAYSAGE,-1,-1;P4_GEOLOGI "P4_GEOLOGI" true false false 1 Text 0 0 ,First,#,PNM_N_ENP_PN_S_ddd_region_Di,P4_GEOLOGI,-1,-1;P5_SPELEO "P5_SPELEO" true false false 1 Text 0 0 ,First,#,PNM_N_ENP_PN_S_ddd_region_Di,P5_SPELEO,-1,-1;P6_ARCHEO "P6_ARCHEO" true false false 1 Text 0 0 ,First,#,PNM_N_ENP_PN_S_ddd_region_Di,P6_ARCHEO,-1,-1;P7_PALEOB "P7_PALEOB" true false false 1 Text 0 0 ,First,#,PNM_N_ENP_PN_S_ddd_region_Di,P7_PALEOB,-1,-1;P8_ANTHROP "P8_ANTHROP" true false false 1 Text 0 0 ,First,#,PNM_N_ENP_PN_S_ddd_region_Di,P8_ANTHROP,-1,-1;P9_SCIENCE "P9_SCIENCE" true false false 1 Text 0 0 ,First,#,PNM_N_ENP_PN_S_ddd_region_Di,P9_SCIENCE,-1,-1;P10_PUBLIC "P10_PUBLIC" true false false 1 Text 0 0 ,First,#,PNM_N_ENP_PN_S_ddd_region_Di,P10_PUBLIC,-1,-1;P11_DD "P11_DD" true false false 1 Text 0 0 ,First,#,PNM_N_ENP_PN_S_ddd_region_Di,P11_DD,-1,-1;P12_AUTRE "P12_AUTRE" true false false 1 Text 0 0 ,First,#,PNM_N_ENP_PN_S_ddd_region_Di,P12_AUTRE,-1,-1;ID_MNHN "ID_MNHN" true false false 30 Text 0 0 ,First,#,PNM_N_ENP_PN_S_ddd_region_Di,ID_MNHN,-1,-1" #</Process><Process ToolSource="c:\program files (x86)\arcgis\desktop10.2\ArcToolbox\Toolboxes\Data Management Tools.tbx\CalculateField" Date="20160629" Time="160443">CalculateField N_ENP_PN_S_000 URL_FICHE ""http://inpn.mnhn.fr/espace/protege/" &amp; [ID_MNHN]" VB #</Process><Process ToolSource="c:\program files (x86)\arcgis\desktop10.2\ArcToolbox\Toolboxes\Data Management Tools.tbx\CalculateField" Date="20160629" Time="161411">CalculateField N_ENP_PN_S_000 URL_FICHE ""http://inpn.mnhn.fr/espace/protege/" &amp; [ID_MNHN]" VB #</Process><Process ToolSource="c:\program files (x86)\arcgis\desktop10.2\ArcToolbox\Toolboxes\Data Management Tools.tbx\CalculateField" Date="20160629" Time="161423">CalculateField N_ENP_PN_S_000 URL_FICHE ""http://inpn.mnhn.fr/espace/protege/" &amp; [ID_MNHN]" VB #</Process></lineage></DataProperties></Esri></metadata>
